coupon_id,ride_id,coupon_code,campaign_name,discount_type,discount_value,discount_amt,valid_from,valid_to
CPN0000001,RID0000003,FIRST20,First ride discount,percentage,20,26.33,2024-07-31,2024-08-30
CPN0000002,RID0000013,WELCOME50,New user welcome offer,flat,50,29.75,2025-04-16,2025-05-04
CPN0000003,RID0000014,LOYAL30,Loyalty reward,flat,30,20.4,2024-08-26,2024-09-21
CPN0000004,RID0000034,FEST100,Festive season offer,flat,100,16.92,2024-03-11,2024-04-03
CPN0000005,RID0000047,FEST100,Festive season offer,flat,100,36.45,2024-09-09,2024-10-05
CPN0000006,RID0000056,FEST100,Festive season offer,flat,100,12.0,2026-03-31,2026-04-25
CPN0000007,RID0000068,FEST100,Festive season offer,flat,100,23.76,2024-10-18,2024-11-20
CPN0000008,RID0000078,LOYAL30,Loyalty reward,flat,30,30.0,2025-11-19,2025-12-17
CPN0000009,RID0000079,FEST100,Festive season offer,flat,100,27.82,2024-08-22,2024-09-06
CPN0000010,RID0000091,LOYAL30,Loyalty reward,flat,30,19.23,2025-05-14,2025-06-05
CPN0000011,RID0000109,FIRST20,First ride discount,percentage,20,15.12,2025-12-04,2026-01-01
CPN0000012,RID0000118,WEEKEND15,Weekend ride offer,percentage,15,20.0,2024-12-17,2025-01-05
CPN0000013,RID0000120,FEST100,Festive season offer,flat,100,19.5,2026-04-02,2026-04-27
CPN0000014,RID0000128,LOYAL30,Loyalty reward,flat,30,30.0,2024-03-02,2024-03-30
CPN0000015,RID0000131,RAINY10,Monsoon special,percentage,10,4.44,2024-11-08,2024-11-23
CPN0000016,RID0000135,RAINY10,Monsoon special,percentage,10,43.35,2025-11-14,2025-12-20
CPN0000017,RID0000141,WELCOME50,New user welcome offer,flat,50,24.71,2024-04-21,2024-05-13
CPN0000018,RID0000157,WELCOME50,New user welcome offer,flat,50,19.8,2025-06-04,2025-07-05
CPN0000019,RID0000159,FEST100,Festive season offer,flat,100,100.0,2026-03-21,2026-04-13
CPN0000020,RID0000160,RAINY10,Monsoon special,percentage,10,8.58,2025-06-03,2025-06-30
CPN0000021,RID0000163,FIRST20,First ride discount,percentage,20,15.74,2025-06-09,2025-06-29
CPN0000022,RID0000169,RAINY10,Monsoon special,percentage,10,15.19,2026-03-05,2026-03-27
CPN0000023,RID0000170,FIRST20,First ride discount,percentage,20,29.26,2024-01-27,2024-02-22
CPN0000024,RID0000173,LOYAL30,Loyalty reward,flat,30,30.0,2025-09-06,2025-10-07
CPN0000025,RID0000175,RAINY10,Monsoon special,percentage,10,19.64,2024-05-10,2024-06-12
CPN0000026,RID0000177,FIRST20,First ride discount,percentage,20,11.99,2024-03-14,2024-03-25
CPN0000027,RID0000181,LOYAL30,Loyalty reward,flat,30,30.0,2024-06-27,2024-07-23
CPN0000028,RID0000190,WEEKEND15,Weekend ride offer,percentage,15,31.72,2024-05-28,2024-06-14
CPN0000029,RID0000191,FEST100,Festive season offer,flat,100,64.74,2024-05-21,2024-06-10
CPN0000030,RID0000202,FIRST20,First ride discount,percentage,20,13.32,2025-09-18,2025-10-19
CPN0000031,RID0000211,FIRST20,First ride discount,percentage,20,28.97,2025-02-20,2025-03-18
CPN0000032,RID0000212,WELCOME50,New user welcome offer,flat,50,50.0,2026-03-04,2026-03-31
CPN0000033,RID0000213,LOYAL30,Loyalty reward,flat,30,30.0,2024-03-31,2024-04-30
CPN0000034,RID0000223,FIRST20,First ride discount,percentage,20,15.02,2024-10-18,2024-11-05
CPN0000035,RID0000226,RAINY10,Monsoon special,percentage,10,4.93,2024-03-26,2024-04-23
CPN0000036,RID0000231,FIRST20,First ride discount,percentage,20,15.98,2025-11-09,2025-12-10
CPN0000037,RID0000249,FIRST20,First ride discount,percentage,20,50.64,2025-09-13,2025-10-11
CPN0000038,RID0000262,WEEKEND15,Weekend ride offer,percentage,15,13.96,2025-12-31,2026-01-24
CPN0000039,RID0000263,WEEKEND15,Weekend ride offer,percentage,15,28.2,2024-10-05,2024-11-01
CPN0000040,RID0000268,WELCOME50,New user welcome offer,flat,50,50.0,2026-02-14,2026-03-14
CPN0000041,RID0000275,WELCOME50,New user welcome offer,flat,50,42.9,2025-02-09,2025-03-18
CPN0000042,RID0000285,FIRST20,First ride discount,percentage,20,10.4,2026-05-10,2026-05-27
CPN0000043,RID0000288,RAINY10,Monsoon special,percentage,10,42.34,2024-04-04,2024-05-03
CPN0000044,RID0000298,FIRST20,First ride discount,percentage,20,92.28,2026-01-05,2026-02-13
CPN0000045,RID0000305,FIRST20,First ride discount,percentage,20,10.75,2024-05-02,2024-06-03
CPN0000046,RID0000319,RAINY10,Monsoon special,percentage,10,4.22,2024-02-13,2024-03-04
CPN0000047,RID0000326,RAINY10,Monsoon special,percentage,10,9.76,2025-06-10,2025-07-01
CPN0000048,RID0000328,WEEKEND15,Weekend ride offer,percentage,15,7.04,2026-05-31,2026-06-20
CPN0000049,RID0000331,RAINY10,Monsoon special,percentage,10,21.95,2025-10-11,2025-11-10
CPN0000050,RID0000339,FEST100,Festive season offer,flat,100,100.0,2026-05-21,2026-06-18
CPN0000051,RID0000348,RAINY10,Monsoon special,percentage,10,4.78,2024-03-09,2024-03-31
CPN0000052,RID0000357,RAINY10,Monsoon special,percentage,10,7.11,2024-05-04,2024-05-27
CPN0000053,RID0000372,WELCOME50,New user welcome offer,flat,50,17.85,2025-06-07,2025-07-02
CPN0000054,RID0000379,WEEKEND15,Weekend ride offer,percentage,15,13.97,2026-03-25,2026-04-20
CPN0000055,RID0000383,FEST100,Festive season offer,flat,100,35.82,2024-01-19,2024-02-11
CPN0000056,RID0000384,LOYAL30,Loyalty reward,flat,30,30.0,2025-08-30,2025-09-22
CPN0000057,RID0000391,FIRST20,First ride discount,percentage,20,17.9,2025-10-03,2025-10-16
CPN0000058,RID0000399,FEST100,Festive season offer,flat,100,80.14,2025-01-11,2025-02-13
CPN0000059,RID0000409,FEST100,Festive season offer,flat,100,68.67,2024-10-26,2024-11-21
CPN0000060,RID0000414,FEST100,Festive season offer,flat,100,48.02,2024-03-07,2024-03-22
CPN0000061,RID0000428,WEEKEND15,Weekend ride offer,percentage,15,13.91,2025-05-23,2025-06-22
CPN0000062,RID0000433,FIRST20,First ride discount,percentage,20,12.58,2024-05-26,2024-06-30
CPN0000063,RID0000434,FEST100,Festive season offer,flat,100,28.77,2024-07-22,2024-08-12
CPN0000064,RID0000436,WEEKEND15,Weekend ride offer,percentage,15,70.51,2025-03-20,2025-04-13
CPN0000065,RID0000459,RAINY10,Monsoon special,percentage,10,14.96,2025-03-25,2025-04-19
CPN0000066,RID0000464,WELCOME50,New user welcome offer,flat,50,50.0,2024-10-24,2024-12-01
CPN0000067,RID0000471,FEST100,Festive season offer,flat,100,45.6,2025-08-30,2025-09-20
CPN0000068,RID0000478,WELCOME50,New user welcome offer,flat,50,12.53,2024-02-05,2024-02-27
CPN0000069,RID0000483,FIRST20,First ride discount,percentage,20,12.02,2024-01-10,2024-02-08
CPN0000070,RID0000486,FEST100,Festive season offer,flat,100,99.69,2025-01-11,2025-02-01
CPN0000071,RID0000505,RAINY10,Monsoon special,percentage,10,4.64,2026-02-15,2026-03-12
CPN0000072,RID0000507,RAINY10,Monsoon special,percentage,10,16.26,2024-02-16,2024-03-11
CPN0000073,RID0000520,LOYAL30,Loyalty reward,flat,30,21.93,2025-06-26,2025-07-28
CPN0000074,RID0000527,FIRST20,First ride discount,percentage,20,17.45,2024-10-13,2024-11-13
CPN0000075,RID0000533,RAINY10,Monsoon special,percentage,10,4.48,2025-02-02,2025-03-01
CPN0000076,RID0000537,LOYAL30,Loyalty reward,flat,30,18.86,2024-01-12,2024-02-05
CPN0000077,RID0000542,FEST100,Festive season offer,flat,100,36.94,2026-07-03,2026-08-02
CPN0000078,RID0000548,FIRST20,First ride discount,percentage,20,55.83,2026-01-16,2026-02-14
CPN0000079,RID0000551,FIRST20,First ride discount,percentage,20,29.8,2024-11-09,2024-12-06
CPN0000080,RID0000569,RAINY10,Monsoon special,percentage,10,7.66,2025-01-15,2025-02-13
CPN0000081,RID0000577,WELCOME50,New user welcome offer,flat,50,29.46,2026-05-26,2026-06-24
CPN0000082,RID0000580,FEST100,Festive season offer,flat,100,77.86,2026-05-27,2026-06-27
CPN0000083,RID0000588,WEEKEND15,Weekend ride offer,percentage,15,4.38,2024-01-04,2024-02-10
CPN0000084,RID0000596,WELCOME50,New user welcome offer,flat,50,50.0,2024-02-12,2024-03-03
CPN0000085,RID0000601,FIRST20,First ride discount,percentage,20,11.72,2026-06-11,2026-07-09
CPN0000086,RID0000602,LOYAL30,Loyalty reward,flat,30,13.92,2025-12-20,2026-01-28
CPN0000087,RID0000605,LOYAL30,Loyalty reward,flat,30,30.0,2024-05-27,2024-06-22
CPN0000088,RID0000610,FEST100,Festive season offer,flat,100,54.84,2024-04-10,2024-04-28
CPN0000089,RID0000611,FEST100,Festive season offer,flat,100,25.7,2026-05-02,2026-05-24
CPN0000090,RID0000612,RAINY10,Monsoon special,percentage,10,5.23,2025-03-01,2025-03-22
CPN0000091,RID0000621,FEST100,Festive season offer,flat,100,66.96,2026-03-03,2026-03-29
CPN0000092,RID0000623,FEST100,Festive season offer,flat,100,79.56,2025-07-27,2025-08-23
CPN0000093,RID0000627,FIRST20,First ride discount,percentage,20,11.42,2024-12-22,2025-01-11
CPN0000094,RID0000632,FEST100,Festive season offer,flat,100,39.84,2025-08-19,2025-09-11
CPN0000095,RID0000644,FIRST20,First ride discount,percentage,20,28.08,2024-09-28,2024-10-27
CPN0000096,RID0000645,WEEKEND15,Weekend ride offer,percentage,15,6.87,2025-02-14,2025-03-11
CPN0000097,RID0000647,FIRST20,First ride discount,percentage,20,15.93,2024-05-22,2024-06-14
CPN0000098,RID0000659,WELCOME50,New user welcome offer,flat,50,50.0,2024-11-01,2024-12-02
CPN0000099,RID0000665,FIRST20,First ride discount,percentage,20,16.34,2026-01-29,2026-02-23
CPN0000100,RID0000666,RAINY10,Monsoon special,percentage,10,7.49,2026-05-09,2026-05-26
CPN0000101,RID0000669,WELCOME50,New user welcome offer,flat,50,18.69,2025-05-14,2025-06-09
CPN0000102,RID0000675,WELCOME50,New user welcome offer,flat,50,31.32,2026-02-01,2026-02-28
CPN0000103,RID0000676,FEST100,Festive season offer,flat,100,99.94,2025-07-31,2025-08-31
CPN0000104,RID0000699,RAINY10,Monsoon special,percentage,10,20.24,2025-09-05,2025-09-29
CPN0000105,RID0000702,FEST100,Festive season offer,flat,100,24.96,2024-09-04,2024-09-27
CPN0000106,RID0000704,LOYAL30,Loyalty reward,flat,30,30.0,2025-05-10,2025-06-10
CPN0000107,RID0000706,FEST100,Festive season offer,flat,100,96.84,2024-02-29,2024-04-08
CPN0000108,RID0000710,RAINY10,Monsoon special,percentage,10,12.41,2024-06-05,2024-07-08
CPN0000109,RID0000728,WELCOME50,New user welcome offer,flat,50,50.0,2025-03-08,2025-03-28
CPN0000110,RID0000729,FIRST20,First ride discount,percentage,20,14.22,2024-03-16,2024-04-18
CPN0000111,RID0000752,LOYAL30,Loyalty reward,flat,30,30.0,2026-05-29,2026-06-26
CPN0000112,RID0000755,FIRST20,First ride discount,percentage,20,15.5,2024-03-19,2024-03-30
CPN0000113,RID0000757,WELCOME50,New user welcome offer,flat,50,17.67,2024-08-02,2024-09-02
CPN0000114,RID0000765,LOYAL30,Loyalty reward,flat,30,30.0,2025-05-10,2025-06-14
CPN0000115,RID0000781,LOYAL30,Loyalty reward,flat,30,26.61,2024-09-25,2024-11-02
CPN0000116,RID0000783,LOYAL30,Loyalty reward,flat,30,30.0,2025-09-10,2025-10-11
CPN0000117,RID0000786,RAINY10,Monsoon special,percentage,10,5.83,2026-01-13,2026-02-07
CPN0000118,RID0000800,WELCOME50,New user welcome offer,flat,50,38.94,2024-02-12,2024-03-08
CPN0000119,RID0000805,FEST100,Festive season offer,flat,100,27.84,2024-01-15,2024-02-03
CPN0000120,RID0000813,LOYAL30,Loyalty reward,flat,30,30.0,2024-09-18,2024-09-29
CPN0000121,RID0000822,RAINY10,Monsoon special,percentage,10,44.82,2025-02-28,2025-03-29
CPN0000122,RID0000825,WELCOME50,New user welcome offer,flat,50,50.0,2026-03-09,2026-04-06
CPN0000123,RID0000826,WEEKEND15,Weekend ride offer,percentage,15,24.57,2026-04-03,2026-04-23
CPN0000124,RID0000827,LOYAL30,Loyalty reward,flat,30,30.0,2024-06-16,2024-07-02
CPN0000125,RID0000831,FEST100,Festive season offer,flat,100,29.04,2024-06-10,2024-07-07
CPN0000126,RID0000833,LOYAL30,Loyalty reward,flat,30,30.0,2024-04-17,2024-05-06
CPN0000127,RID0000840,FEST100,Festive season offer,flat,100,17.16,2024-09-17,2024-10-05
CPN0000128,RID0000846,RAINY10,Monsoon special,percentage,10,6.13,2024-08-18,2024-09-15
CPN0000129,RID0000847,FIRST20,First ride discount,percentage,20,46.09,2026-04-04,2026-04-20
CPN0000130,RID0000851,FEST100,Festive season offer,flat,100,23.04,2025-01-14,2025-02-05
CPN0000131,RID0000854,RAINY10,Monsoon special,percentage,10,5.66,2024-10-11,2024-11-12
CPN0000132,RID0000862,FEST100,Festive season offer,flat,100,29.7,2025-01-08,2025-02-03
CPN0000133,RID0000863,RAINY10,Monsoon special,percentage,10,10.37,2025-10-04,2025-11-07
CPN0000134,RID0000866,FEST100,Festive season offer,flat,100,30.78,2024-10-10,2024-11-11
CPN0000135,RID0000879,WEEKEND15,Weekend ride offer,percentage,15,26.15,2024-09-09,2024-10-03
CPN0000136,RID0000893,FEST100,Festive season offer,flat,100,100.0,2024-01-27,2024-02-22
CPN0000137,RID0000902,WEEKEND15,Weekend ride offer,percentage,15,21.6,2024-06-21,2024-07-17
CPN0000138,RID0000909,LOYAL30,Loyalty reward,flat,30,30.0,2024-12-21,2025-01-12
CPN0000139,RID0000914,FIRST20,First ride discount,percentage,20,7.99,2025-06-07,2025-07-06
CPN0000140,RID0000917,FEST100,Festive season offer,flat,100,45.94,2024-10-24,2024-11-15
CPN0000141,RID0000921,FIRST20,First ride discount,percentage,20,66.48,2026-06-23,2026-07-20
CPN0000142,RID0000924,RAINY10,Monsoon special,percentage,10,8.16,2026-06-03,2026-06-27
CPN0000143,RID0000925,RAINY10,Monsoon special,percentage,10,23.54,2025-05-28,2025-06-17
CPN0000144,RID0000926,WELCOME50,New user welcome offer,flat,50,50.0,2025-08-29,2025-09-14
CPN0000145,RID0000930,WEEKEND15,Weekend ride offer,percentage,15,19.11,2024-08-25,2024-09-23
CPN0000146,RID0000931,WELCOME50,New user welcome offer,flat,50,11.88,2024-06-25,2024-07-12
CPN0000147,RID0000945,WEEKEND15,Weekend ride offer,percentage,15,13.62,2024-11-05,2024-11-26
CPN0000148,RID0000947,WELCOME50,New user welcome offer,flat,50,26.88,2025-08-06,2025-09-01
CPN0000149,RID0000948,WEEKEND15,Weekend ride offer,percentage,15,5.94,2025-04-24,2025-05-25
CPN0000150,RID0000949,FIRST20,First ride discount,percentage,20,26.67,2025-09-14,2025-10-05
CPN0000151,RID0000951,WEEKEND15,Weekend ride offer,percentage,15,9.11,2024-09-01,2024-09-28
CPN0000152,RID0000965,FEST100,Festive season offer,flat,100,37.8,2025-12-04,2026-01-04
CPN0000153,RID0000975,LOYAL30,Loyalty reward,flat,30,9.9,2024-10-16,2024-11-06
CPN0000154,RID0000978,FIRST20,First ride discount,percentage,20,4.94,2024-06-10,2024-07-12
CPN0000155,RID0000980,LOYAL30,Loyalty reward,flat,30,30.0,2024-06-07,2024-06-28
CPN0000156,RID0000981,WELCOME50,New user welcome offer,flat,50,31.74,2025-11-18,2025-12-08
CPN0000157,RID0000987,WELCOME50,New user welcome offer,flat,50,50.0,2024-08-14,2024-09-05
CPN0000158,RID0000992,WELCOME50,New user welcome offer,flat,50,42.3,2024-04-30,2024-05-21
CPN0000159,RID0001017,WEEKEND15,Weekend ride offer,percentage,15,7.46,2025-06-10,2025-07-01
CPN0000160,RID0001018,LOYAL30,Loyalty reward,flat,30,30.0,2025-12-29,2026-01-24
CPN0000161,RID0001024,LOYAL30,Loyalty reward,flat,30,30.0,2025-05-06,2025-05-29
CPN0000162,RID0001033,FIRST20,First ride discount,percentage,20,4.75,2024-05-28,2024-06-25
CPN0000163,RID0001041,FEST100,Festive season offer,flat,100,15.35,2025-08-19,2025-09-09
CPN0000164,RID0001049,FIRST20,First ride discount,percentage,20,20.26,2025-11-14,2025-11-27
CPN0000165,RID0001056,RAINY10,Monsoon special,percentage,10,15.24,2025-05-22,2025-06-07
CPN0000166,RID0001061,RAINY10,Monsoon special,percentage,10,8.09,2025-09-13,2025-10-02
CPN0000167,RID0001066,WEEKEND15,Weekend ride offer,percentage,15,42.51,2026-06-19,2026-07-16
CPN0000168,RID0001076,WELCOME50,New user welcome offer,flat,50,50.0,2024-03-21,2024-04-20
CPN0000169,RID0001083,RAINY10,Monsoon special,percentage,10,9.52,2025-02-24,2025-03-18
CPN0000170,RID0001084,WEEKEND15,Weekend ride offer,percentage,15,14.49,2024-12-21,2025-01-01
CPN0000171,RID0001092,WEEKEND15,Weekend ride offer,percentage,15,24.75,2025-03-19,2025-04-24
CPN0000172,RID0001098,LOYAL30,Loyalty reward,flat,30,30.0,2024-09-29,2024-10-26
CPN0000173,RID0001099,LOYAL30,Loyalty reward,flat,30,30.0,2026-02-11,2026-03-16
CPN0000174,RID0001105,WELCOME50,New user welcome offer,flat,50,19.62,2025-05-26,2025-07-01
CPN0000175,RID0001107,FIRST20,First ride discount,percentage,20,27.64,2024-10-04,2024-10-21
CPN0000176,RID0001115,RAINY10,Monsoon special,percentage,10,8.82,2025-02-18,2025-03-22
CPN0000177,RID0001130,LOYAL30,Loyalty reward,flat,30,30.0,2024-12-01,2024-12-31
CPN0000178,RID0001135,RAINY10,Monsoon special,percentage,10,29.18,2025-01-10,2025-01-30
CPN0000179,RID0001136,LOYAL30,Loyalty reward,flat,30,30.0,2026-06-18,2026-07-23
CPN0000180,RID0001148,RAINY10,Monsoon special,percentage,10,7.5,2025-04-02,2025-05-02
CPN0000181,RID0001150,FIRST20,First ride discount,percentage,20,20.96,2026-05-10,2026-05-27
CPN0000182,RID0001153,WELCOME50,New user welcome offer,flat,50,24.22,2024-01-29,2024-02-23
CPN0000183,RID0001155,FEST100,Festive season offer,flat,100,67.14,2024-08-14,2024-09-07
CPN0000184,RID0001166,RAINY10,Monsoon special,percentage,10,5.19,2024-06-12,2024-07-05
CPN0000185,RID0001170,WELCOME50,New user welcome offer,flat,50,50.0,2025-01-24,2025-02-09
CPN0000186,RID0001178,LOYAL30,Loyalty reward,flat,30,30.0,2024-02-08,2024-03-16
CPN0000187,RID0001184,FIRST20,First ride discount,percentage,20,33.74,2024-06-16,2024-07-19
CPN0000188,RID0001188,RAINY10,Monsoon special,percentage,10,7.05,2026-05-31,2026-06-24
CPN0000189,RID0001194,RAINY10,Monsoon special,percentage,10,16.56,2024-02-09,2024-03-03
CPN0000190,RID0001196,WEEKEND15,Weekend ride offer,percentage,15,26.73,2025-04-20,2025-05-21
CPN0000191,RID0001197,FIRST20,First ride discount,percentage,20,12.69,2024-01-05,2024-01-26
CPN0000192,RID0001200,FIRST20,First ride discount,percentage,20,9.72,2025-06-02,2025-07-01
CPN0000193,RID0001203,RAINY10,Monsoon special,percentage,10,11.91,2025-09-08,2025-09-23
CPN0000194,RID0001206,RAINY10,Monsoon special,percentage,10,2.5,2024-09-01,2024-09-28
CPN0000195,RID0001210,WEEKEND15,Weekend ride offer,percentage,15,14.47,2023-12-27,2024-01-30
CPN0000196,RID0001223,LOYAL30,Loyalty reward,flat,30,30.0,2026-01-19,2026-02-07
CPN0000197,RID0001230,FEST100,Festive season offer,flat,100,65.9,2026-05-01,2026-06-03
CPN0000198,RID0001234,FIRST20,First ride discount,percentage,20,52.37,2024-11-06,2024-12-14
CPN0000199,RID0001237,LOYAL30,Loyalty reward,flat,30,16.47,2025-07-04,2025-07-22
CPN0000200,RID0001245,FIRST20,First ride discount,percentage,20,9.82,2025-05-29,2025-06-27
CPN0000201,RID0001249,RAINY10,Monsoon special,percentage,10,8.47,2024-09-26,2024-10-26
CPN0000202,RID0001253,WELCOME50,New user welcome offer,flat,50,20.05,2024-03-08,2024-04-01
CPN0000203,RID0001269,LOYAL30,Loyalty reward,flat,30,30.0,2024-09-03,2024-09-22
CPN0000204,RID0001284,WEEKEND15,Weekend ride offer,percentage,15,8.91,2024-07-27,2024-08-18
CPN0000205,RID0001289,WEEKEND15,Weekend ride offer,percentage,15,5.25,2026-04-18,2026-05-13
CPN0000206,RID0001293,RAINY10,Monsoon special,percentage,10,2.63,2025-06-05,2025-07-06
CPN0000207,RID0001307,FIRST20,First ride discount,percentage,20,56.41,2024-10-04,2024-10-22
CPN0000208,RID0001318,LOYAL30,Loyalty reward,flat,30,26.16,2026-01-08,2026-01-31
CPN0000209,RID0001322,WELCOME50,New user welcome offer,flat,50,32.13,2026-06-15,2026-07-11
CPN0000210,RID0001324,FEST100,Festive season offer,flat,100,56.88,2025-02-28,2025-03-17
CPN0000211,RID0001327,WELCOME50,New user welcome offer,flat,50,16.68,2025-06-18,2025-07-12
CPN0000212,RID0001332,FEST100,Festive season offer,flat,100,19.8,2024-08-30,2024-09-14
CPN0000213,RID0001333,RAINY10,Monsoon special,percentage,10,4.37,2025-11-12,2025-12-17
CPN0000214,RID0001338,LOYAL30,Loyalty reward,flat,30,30.0,2025-08-15,2025-09-03
CPN0000215,RID0001343,WELCOME50,New user welcome offer,flat,50,50.0,2024-03-09,2024-03-28
CPN0000216,RID0001349,FIRST20,First ride discount,percentage,20,7.38,2026-01-26,2026-02-25
CPN0000217,RID0001351,WEEKEND15,Weekend ride offer,percentage,15,8.6,2024-02-19,2024-03-07
CPN0000218,RID0001356,FEST100,Festive season offer,flat,100,87.37,2025-05-14,2025-06-12
CPN0000219,RID0001362,WEEKEND15,Weekend ride offer,percentage,15,6.08,2023-12-22,2024-01-18
CPN0000220,RID0001364,WEEKEND15,Weekend ride offer,percentage,15,14.51,2026-04-02,2026-04-20
CPN0000221,RID0001368,LOYAL30,Loyalty reward,flat,30,30.0,2026-04-09,2026-05-05
CPN0000222,RID0001375,FEST100,Festive season offer,flat,100,40.44,2025-10-22,2025-11-11
CPN0000223,RID0001380,FEST100,Festive season offer,flat,100,47.07,2024-08-03,2024-08-25
CPN0000224,RID0001381,FIRST20,First ride discount,percentage,20,56.46,2024-06-25,2024-07-17
CPN0000225,RID0001406,FEST100,Festive season offer,flat,100,26.16,2024-08-19,2024-09-13
CPN0000226,RID0001407,RAINY10,Monsoon special,percentage,10,2.88,2024-12-05,2024-12-24
CPN0000227,RID0001414,FIRST20,First ride discount,percentage,20,11.15,2023-12-25,2024-01-17
CPN0000228,RID0001415,WELCOME50,New user welcome offer,flat,50,50.0,2025-09-18,2025-10-11
CPN0000229,RID0001417,RAINY10,Monsoon special,percentage,10,38.92,2024-06-23,2024-07-18
CPN0000230,RID0001426,RAINY10,Monsoon special,percentage,10,19.38,2026-01-27,2026-02-10
CPN0000231,RID0001434,RAINY10,Monsoon special,percentage,10,1.98,2025-11-22,2025-12-02
CPN0000232,RID0001439,FIRST20,First ride discount,percentage,20,8.51,2025-02-12,2025-03-06
CPN0000233,RID0001443,RAINY10,Monsoon special,percentage,10,4.65,2024-04-01,2024-04-28
CPN0000234,RID0001462,FIRST20,First ride discount,percentage,20,5.44,2024-12-14,2025-01-02
CPN0000235,RID0001464,LOYAL30,Loyalty reward,flat,30,17.67,2025-05-13,2025-06-07
CPN0000236,RID0001469,WELCOME50,New user welcome offer,flat,50,50.0,2024-11-04,2024-12-10
CPN0000237,RID0001470,FEST100,Festive season offer,flat,100,58.56,2025-09-28,2025-10-20
CPN0000238,RID0001490,FEST100,Festive season offer,flat,100,83.09,2024-08-21,2024-09-19
CPN0000239,RID0001497,FIRST20,First ride discount,percentage,20,44.35,2026-06-24,2026-07-07
CPN0000240,RID0001500,FIRST20,First ride discount,percentage,20,8.78,2024-01-07,2024-01-29
CPN0000241,RID0001501,FIRST20,First ride discount,percentage,20,4.5,2026-07-04,2026-07-28
CPN0000242,RID0001519,RAINY10,Monsoon special,percentage,10,8.93,2025-06-05,2025-06-27
CPN0000243,RID0001522,FIRST20,First ride discount,percentage,20,13.43,2024-04-15,2024-05-08
CPN0000244,RID0001523,WEEKEND15,Weekend ride offer,percentage,15,5.53,2024-06-13,2024-07-04
CPN0000245,RID0001537,FIRST20,First ride discount,percentage,20,24.62,2025-06-07,2025-07-14
CPN0000246,RID0001542,FIRST20,First ride discount,percentage,20,7.58,2026-05-17,2026-06-11
CPN0000247,RID0001558,WELCOME50,New user welcome offer,flat,50,20.53,2025-05-21,2025-06-21
CPN0000248,RID0001573,WELCOME50,New user welcome offer,flat,50,39.54,2024-05-11,2024-06-01
CPN0000249,RID0001579,WELCOME50,New user welcome offer,flat,50,50.0,2026-05-29,2026-06-20
CPN0000250,RID0001582,WEEKEND15,Weekend ride offer,percentage,15,6.38,2024-02-22,2024-03-17
CPN0000251,RID0001591,WEEKEND15,Weekend ride offer,percentage,15,10.02,2024-01-01,2024-01-31
CPN0000252,RID0001596,WEEKEND15,Weekend ride offer,percentage,15,12.3,2025-09-24,2025-10-20
CPN0000253,RID0001598,FIRST20,First ride discount,percentage,20,19.42,2025-04-01,2025-04-24
CPN0000254,RID0001610,FIRST20,First ride discount,percentage,20,16.27,2026-04-15,2026-05-02
CPN0000255,RID0001612,RAINY10,Monsoon special,percentage,10,10.45,2024-01-07,2024-02-07
CPN0000256,RID0001617,FEST100,Festive season offer,flat,100,100.0,2026-01-31,2026-02-24
CPN0000257,RID0001619,WEEKEND15,Weekend ride offer,percentage,15,6.48,2026-02-01,2026-03-06
CPN0000258,RID0001621,FIRST20,First ride discount,percentage,20,20.57,2025-09-27,2025-10-25
CPN0000259,RID0001625,FEST100,Festive season offer,flat,100,42.58,2026-05-24,2026-06-10
CPN0000260,RID0001630,LOYAL30,Loyalty reward,flat,30,21.6,2025-07-01,2025-07-22
CPN0000261,RID0001631,LOYAL30,Loyalty reward,flat,30,30.0,2024-09-22,2024-10-13
CPN0000262,RID0001632,RAINY10,Monsoon special,percentage,10,2.75,2025-09-07,2025-09-28
CPN0000263,RID0001635,FEST100,Festive season offer,flat,100,13.6,2024-07-02,2024-07-27
CPN0000264,RID0001637,LOYAL30,Loyalty reward,flat,30,30.0,2026-03-23,2026-04-27
CPN0000265,RID0001641,RAINY10,Monsoon special,percentage,10,5.75,2025-07-20,2025-08-11
CPN0000266,RID0001647,WEEKEND15,Weekend ride offer,percentage,15,23.43,2025-05-09,2025-06-01
CPN0000267,RID0001657,WEEKEND15,Weekend ride offer,percentage,15,9.81,2025-11-02,2025-11-22
CPN0000268,RID0001663,WELCOME50,New user welcome offer,flat,50,50.0,2024-12-13,2025-01-15
CPN0000269,RID0001687,LOYAL30,Loyalty reward,flat,30,26.59,2023-12-29,2024-01-12
CPN0000270,RID0001696,WEEKEND15,Weekend ride offer,percentage,15,26.07,2024-09-15,2024-10-19
CPN0000271,RID0001700,RAINY10,Monsoon special,percentage,10,12.51,2025-01-27,2025-02-14
CPN0000272,RID0001702,LOYAL30,Loyalty reward,flat,30,30.0,2024-09-02,2024-09-15
CPN0000273,RID0001707,LOYAL30,Loyalty reward,flat,30,30.0,2025-06-23,2025-07-19
CPN0000274,RID0001709,FIRST20,First ride discount,percentage,20,14.0,2024-05-10,2024-06-08
CPN0000275,RID0001710,FEST100,Festive season offer,flat,100,66.91,2026-05-02,2026-05-19
CPN0000276,RID0001719,FIRST20,First ride discount,percentage,20,26.71,2025-12-23,2026-01-24
CPN0000277,RID0001724,LOYAL30,Loyalty reward,flat,30,30.0,2024-03-25,2024-04-21
CPN0000278,RID0001738,FIRST20,First ride discount,percentage,20,22.39,2023-12-22,2024-01-19
CPN0000279,RID0001746,WEEKEND15,Weekend ride offer,percentage,15,4.08,2025-08-19,2025-09-04
CPN0000280,RID0001752,FEST100,Festive season offer,flat,100,74.64,2026-01-11,2026-02-10
CPN0000281,RID0001753,RAINY10,Monsoon special,percentage,10,22.18,2026-02-04,2026-03-03
CPN0000282,RID0001769,WELCOME50,New user welcome offer,flat,50,25.05,2025-09-17,2025-10-16
CPN0000283,RID0001788,RAINY10,Monsoon special,percentage,10,11.78,2026-03-28,2026-04-22
CPN0000284,RID0001790,LOYAL30,Loyalty reward,flat,30,13.68,2025-07-10,2025-07-28
CPN0000285,RID0001814,FEST100,Festive season offer,flat,100,78.06,2026-05-31,2026-07-06
CPN0000286,RID0001843,WELCOME50,New user welcome offer,flat,50,36.48,2025-08-15,2025-09-05
CPN0000287,RID0001847,WEEKEND15,Weekend ride offer,percentage,15,7.13,2024-06-28,2024-07-24
CPN0000288,RID0001857,FIRST20,First ride discount,percentage,20,25.76,2024-07-03,2024-07-31
CPN0000289,RID0001862,FEST100,Festive season offer,flat,100,22.43,2025-04-06,2025-04-16
CPN0000290,RID0001867,LOYAL30,Loyalty reward,flat,30,27.42,2024-04-26,2024-05-29
CPN0000291,RID0001868,WELCOME50,New user welcome offer,flat,50,25.92,2025-08-31,2025-09-18
CPN0000292,RID0001870,WELCOME50,New user welcome offer,flat,50,19.23,2024-03-25,2024-04-29
CPN0000293,RID0001880,FIRST20,First ride discount,percentage,20,13.23,2024-11-21,2024-12-12
CPN0000294,RID0001886,LOYAL30,Loyalty reward,flat,30,16.63,2025-01-02,2025-02-07
CPN0000295,RID0001890,FEST100,Festive season offer,flat,100,18.54,2024-12-18,2025-01-17
CPN0000296,RID0001894,LOYAL30,Loyalty reward,flat,30,30.0,2024-12-23,2025-01-06
CPN0000297,RID0001936,FIRST20,First ride discount,percentage,20,40.96,2025-05-11,2025-06-10
CPN0000298,RID0001937,WEEKEND15,Weekend ride offer,percentage,15,17.51,2024-09-15,2024-10-09
CPN0000299,RID0001938,LOYAL30,Loyalty reward,flat,30,30.0,2024-05-23,2024-06-13
CPN0000300,RID0001951,FEST100,Festive season offer,flat,100,73.44,2026-06-13,2026-06-23
CPN0000301,RID0001954,FIRST20,First ride discount,percentage,20,15.66,2024-09-12,2024-09-30
CPN0000302,RID0001961,LOYAL30,Loyalty reward,flat,30,29.35,2024-03-15,2024-03-30
CPN0000303,RID0001965,FEST100,Festive season offer,flat,100,49.14,2024-03-25,2024-04-16
CPN0000304,RID0001966,RAINY10,Monsoon special,percentage,10,7.32,2024-10-16,2024-11-06
CPN0000305,RID0001974,FEST100,Festive season offer,flat,100,42.27,2026-05-08,2026-06-04
CPN0000306,RID0001975,LOYAL30,Loyalty reward,flat,30,30.0,2025-05-31,2025-07-06
CPN0000307,RID0001979,LOYAL30,Loyalty reward,flat,30,19.71,2024-04-17,2024-05-17
CPN0000308,RID0001985,RAINY10,Monsoon special,percentage,10,11.86,2024-10-19,2024-11-13
CPN0000309,RID0001988,RAINY10,Monsoon special,percentage,10,14.4,2026-01-24,2026-02-10
CPN0000310,RID0001989,LOYAL30,Loyalty reward,flat,30,30.0,2025-09-30,2025-10-16
CPN0000311,RID0001996,WELCOME50,New user welcome offer,flat,50,37.11,2024-01-21,2024-02-20
CPN0000312,RID0001998,WEEKEND15,Weekend ride offer,percentage,15,8.39,2025-07-05,2025-07-31
CPN0000313,RID0002004,FIRST20,First ride discount,percentage,20,26.47,2025-08-01,2025-08-14
CPN0000314,RID0002005,FEST100,Festive season offer,flat,100,62.6,2026-04-05,2026-05-05
CPN0000315,RID0002007,RAINY10,Monsoon special,percentage,10,6.98,2025-10-08,2025-11-07
CPN0000316,RID0002012,RAINY10,Monsoon special,percentage,10,4.85,2026-05-25,2026-06-15
CPN0000317,RID0002026,WELCOME50,New user welcome offer,flat,50,46.3,2024-08-03,2024-08-25
CPN0000318,RID0002030,RAINY10,Monsoon special,percentage,10,5.91,2025-08-24,2025-09-21
CPN0000319,RID0002033,FIRST20,First ride discount,percentage,20,15.46,2024-10-12,2024-11-13
CPN0000320,RID0002036,FEST100,Festive season offer,flat,100,70.2,2025-01-05,2025-01-22
CPN0000321,RID0002037,WEEKEND15,Weekend ride offer,percentage,15,9.66,2024-09-08,2024-10-08
CPN0000322,RID0002061,LOYAL30,Loyalty reward,flat,30,30.0,2025-11-24,2025-12-26
CPN0000323,RID0002062,FEST100,Festive season offer,flat,100,18.51,2024-05-13,2024-06-09
CPN0000324,RID0002066,LOYAL30,Loyalty reward,flat,30,24.41,2024-02-11,2024-03-06
CPN0000325,RID0002081,LOYAL30,Loyalty reward,flat,30,19.98,2026-02-25,2026-03-12
CPN0000326,RID0002082,WELCOME50,New user welcome offer,flat,50,50.0,2025-09-30,2025-10-24
CPN0000327,RID0002091,WELCOME50,New user welcome offer,flat,50,41.46,2025-06-19,2025-07-22
CPN0000328,RID0002092,FIRST20,First ride discount,percentage,20,28.93,2025-11-18,2025-12-03
CPN0000329,RID0002097,LOYAL30,Loyalty reward,flat,30,30.0,2026-05-29,2026-06-21
CPN0000330,RID0002104,FIRST20,First ride discount,percentage,20,44.06,2026-01-01,2026-01-26
CPN0000331,RID0002108,RAINY10,Monsoon special,percentage,10,4.76,2024-03-08,2024-04-04
CPN0000332,RID0002118,RAINY10,Monsoon special,percentage,10,2.0,2025-01-04,2025-01-29
CPN0000333,RID0002121,RAINY10,Monsoon special,percentage,10,8.8,2024-01-28,2024-03-02
CPN0000334,RID0002123,FEST100,Festive season offer,flat,100,88.38,2024-03-17,2024-04-17
CPN0000335,RID0002124,LOYAL30,Loyalty reward,flat,30,30.0,2024-07-03,2024-08-01
CPN0000336,RID0002155,WELCOME50,New user welcome offer,flat,50,50.0,2024-10-01,2024-10-17
CPN0000337,RID0002156,WEEKEND15,Weekend ride offer,percentage,15,11.07,2025-07-29,2025-08-20
CPN0000338,RID0002174,FIRST20,First ride discount,percentage,20,43.44,2025-01-03,2025-01-29
CPN0000339,RID0002197,FEST100,Festive season offer,flat,100,49.5,2024-06-14,2024-07-07
CPN0000340,RID0002203,RAINY10,Monsoon special,percentage,10,12.08,2024-07-28,2024-08-23
CPN0000341,RID0002215,FEST100,Festive season offer,flat,100,55.26,2026-04-25,2026-05-26
CPN0000342,RID0002222,RAINY10,Monsoon special,percentage,10,2.75,2025-01-31,2025-02-25
CPN0000343,RID0002228,RAINY10,Monsoon special,percentage,10,4.59,2025-12-06,2026-01-08
CPN0000344,RID0002253,FIRST20,First ride discount,percentage,20,29.33,2025-07-05,2025-08-03
CPN0000345,RID0002268,WELCOME50,New user welcome offer,flat,50,50.0,2025-12-14,2025-12-31
CPN0000346,RID0002277,WEEKEND15,Weekend ride offer,percentage,15,22.85,2024-11-07,2024-12-06
CPN0000347,RID0002288,FIRST20,First ride discount,percentage,20,23.75,2024-02-07,2024-02-28
CPN0000348,RID0002292,FIRST20,First ride discount,percentage,20,12.66,2026-01-24,2026-02-12
CPN0000349,RID0002299,WEEKEND15,Weekend ride offer,percentage,15,3.68,2026-01-17,2026-02-07
CPN0000350,RID0002302,FIRST20,First ride discount,percentage,20,43.01,2026-03-09,2026-03-24
CPN0000351,RID0002303,RAINY10,Monsoon special,percentage,10,4.01,2024-04-03,2024-05-03
CPN0000352,RID0002312,FIRST20,First ride discount,percentage,20,8.95,2024-12-20,2025-01-20
CPN0000353,RID0002320,FIRST20,First ride discount,percentage,20,16.85,2024-03-01,2024-03-23
CPN0000354,RID0002328,FEST100,Festive season offer,flat,100,39.48,2024-01-05,2024-01-29
CPN0000355,RID0002332,WELCOME50,New user welcome offer,flat,50,50.0,2025-06-09,2025-07-01
CPN0000356,RID0002334,LOYAL30,Loyalty reward,flat,30,30.0,2024-03-26,2024-04-14
CPN0000357,RID0002338,WELCOME50,New user welcome offer,flat,50,38.16,2024-06-13,2024-07-19
CPN0000358,RID0002353,RAINY10,Monsoon special,percentage,10,6.67,2026-03-01,2026-03-30
CPN0000359,RID0002370,RAINY10,Monsoon special,percentage,10,16.21,2025-06-26,2025-07-26
CPN0000360,RID0002384,FIRST20,First ride discount,percentage,20,22.88,2025-07-20,2025-08-15
CPN0000361,RID0002386,LOYAL30,Loyalty reward,flat,30,30.0,2026-01-02,2026-02-10
CPN0000362,RID0002389,LOYAL30,Loyalty reward,flat,30,30.0,2025-05-17,2025-06-23
CPN0000363,RID0002390,FEST100,Festive season offer,flat,100,39.0,2026-06-04,2026-06-26
CPN0000364,RID0002391,WELCOME50,New user welcome offer,flat,50,32.76,2025-03-19,2025-04-09
CPN0000365,RID0002395,LOYAL30,Loyalty reward,flat,30,30.0,2025-10-22,2025-11-19
CPN0000366,RID0002398,FEST100,Festive season offer,flat,100,25.47,2025-09-02,2025-09-21
CPN0000367,RID0002405,WELCOME50,New user welcome offer,flat,50,33.35,2024-06-09,2024-07-07
CPN0000368,RID0002420,RAINY10,Monsoon special,percentage,10,9.03,2026-05-21,2026-06-10
CPN0000369,RID0002428,RAINY10,Monsoon special,percentage,10,12.1,2025-11-13,2025-12-04
CPN0000370,RID0002431,LOYAL30,Loyalty reward,flat,30,25.86,2023-12-25,2024-02-02
CPN0000371,RID0002433,WEEKEND15,Weekend ride offer,percentage,15,78.51,2025-03-29,2025-04-14
CPN0000372,RID0002440,WEEKEND15,Weekend ride offer,percentage,15,20.0,2024-12-02,2024-12-27
CPN0000373,RID0002460,WEEKEND15,Weekend ride offer,percentage,15,3.73,2024-09-01,2024-10-06
CPN0000374,RID0002466,FEST100,Festive season offer,flat,100,100.0,2025-02-16,2025-03-20
CPN0000375,RID0002475,LOYAL30,Loyalty reward,flat,30,30.0,2023-12-29,2024-01-20
CPN0000376,RID0002479,WEEKEND15,Weekend ride offer,percentage,15,33.93,2025-05-05,2025-05-26
CPN0000377,RID0002480,FEST100,Festive season offer,flat,100,68.14,2024-07-24,2024-08-27
CPN0000378,RID0002487,LOYAL30,Loyalty reward,flat,30,30.0,2025-06-11,2025-06-27
CPN0000379,RID0002492,FIRST20,First ride discount,percentage,20,9.35,2025-09-10,2025-10-13
CPN0000380,RID0002504,FEST100,Festive season offer,flat,100,31.02,2024-10-20,2024-11-19
CPN0000381,RID0002505,WEEKEND15,Weekend ride offer,percentage,15,25.39,2025-01-04,2025-01-31
CPN0000382,RID0002508,FEST100,Festive season offer,flat,100,100.0,2025-01-09,2025-01-26
CPN0000383,RID0002513,RAINY10,Monsoon special,percentage,10,4.36,2025-08-03,2025-08-25
CPN0000384,RID0002516,WEEKEND15,Weekend ride offer,percentage,15,23.46,2025-03-22,2025-04-15
CPN0000385,RID0002521,WELCOME50,New user welcome offer,flat,50,50.0,2024-05-04,2024-05-29
CPN0000386,RID0002528,FIRST20,First ride discount,percentage,20,22.68,2026-05-26,2026-06-25
CPN0000387,RID0002533,WELCOME50,New user welcome offer,flat,50,42.9,2026-05-31,2026-06-24
CPN0000388,RID0002543,FIRST20,First ride discount,percentage,20,11.06,2025-04-16,2025-05-05
CPN0000389,RID0002547,WELCOME50,New user welcome offer,flat,50,39.63,2024-08-29,2024-09-30
CPN0000390,RID0002553,LOYAL30,Loyalty reward,flat,30,30.0,2024-05-08,2024-05-26
CPN0000391,RID0002559,FIRST20,First ride discount,percentage,20,49.54,2025-09-05,2025-09-26
CPN0000392,RID0002565,FEST100,Festive season offer,flat,100,22.08,2025-05-12,2025-06-06
CPN0000393,RID0002566,FIRST20,First ride discount,percentage,20,19.21,2024-07-29,2024-08-31
CPN0000394,RID0002583,WELCOME50,New user welcome offer,flat,50,50.0,2026-06-25,2026-07-14
CPN0000395,RID0002590,WEEKEND15,Weekend ride offer,percentage,15,5.24,2024-11-23,2024-12-03
CPN0000396,RID0002599,LOYAL30,Loyalty reward,flat,30,30.0,2024-01-23,2024-02-12
CPN0000397,RID0002647,RAINY10,Monsoon special,percentage,10,14.98,2026-03-28,2026-04-27
CPN0000398,RID0002670,WEEKEND15,Weekend ride offer,percentage,15,2.97,2024-11-26,2024-12-22
CPN0000399,RID0002678,WELCOME50,New user welcome offer,flat,50,34.85,2026-06-11,2026-06-30
CPN0000400,RID0002682,FIRST20,First ride discount,percentage,20,13.5,2024-03-30,2024-04-11
CPN0000401,RID0002685,FIRST20,First ride discount,percentage,20,28.83,2026-06-24,2026-07-29
CPN0000402,RID0002686,WEEKEND15,Weekend ride offer,percentage,15,22.63,2024-06-29,2024-07-15
CPN0000403,RID0002690,RAINY10,Monsoon special,percentage,10,5.98,2026-03-30,2026-04-25
CPN0000404,RID0002706,WELCOME50,New user welcome offer,flat,50,25.92,2025-04-07,2025-05-07
CPN0000405,RID0002707,LOYAL30,Loyalty reward,flat,30,30.0,2024-09-19,2024-10-23
CPN0000406,RID0002709,FIRST20,First ride discount,percentage,20,12.46,2026-06-02,2026-06-17
CPN0000407,RID0002713,LOYAL30,Loyalty reward,flat,30,30.0,2026-01-18,2026-02-13
CPN0000408,RID0002714,RAINY10,Monsoon special,percentage,10,6.03,2026-01-13,2026-02-06
CPN0000409,RID0002719,WEEKEND15,Weekend ride offer,percentage,15,73.79,2026-05-11,2026-06-14
CPN0000410,RID0002727,RAINY10,Monsoon special,percentage,10,8.86,2024-02-03,2024-02-28
CPN0000411,RID0002732,LOYAL30,Loyalty reward,flat,30,30.0,2025-02-13,2025-03-12
CPN0000412,RID0002739,FIRST20,First ride discount,percentage,20,16.44,2024-09-03,2024-10-07
CPN0000413,RID0002747,WEEKEND15,Weekend ride offer,percentage,15,30.48,2025-12-10,2026-01-03
CPN0000414,RID0002752,FIRST20,First ride discount,percentage,20,18.18,2024-03-13,2024-04-15
CPN0000415,RID0002757,WEEKEND15,Weekend ride offer,percentage,15,19.28,2025-03-16,2025-04-16
CPN0000416,RID0002759,RAINY10,Monsoon special,percentage,10,10.41,2026-07-03,2026-07-23
CPN0000417,RID0002764,FIRST20,First ride discount,percentage,20,18.24,2024-01-15,2024-02-13
CPN0000418,RID0002769,WEEKEND15,Weekend ride offer,percentage,15,10.17,2025-11-09,2025-12-15
CPN0000419,RID0002770,WELCOME50,New user welcome offer,flat,50,25.2,2025-10-07,2025-10-29
CPN0000420,RID0002780,LOYAL30,Loyalty reward,flat,30,19.68,2024-08-23,2024-09-14
CPN0000421,RID0002781,WEEKEND15,Weekend ride offer,percentage,15,8.09,2025-04-13,2025-05-08
CPN0000422,RID0002787,FIRST20,First ride discount,percentage,20,34.63,2026-02-16,2026-03-20
CPN0000423,RID0002788,FEST100,Festive season offer,flat,100,55.38,2024-11-28,2025-01-02
CPN0000424,RID0002792,LOYAL30,Loyalty reward,flat,30,20.28,2025-01-19,2025-02-15
CPN0000425,RID0002794,WEEKEND15,Weekend ride offer,percentage,15,5.41,2024-08-04,2024-08-20
CPN0000426,RID0002796,RAINY10,Monsoon special,percentage,10,5.04,2026-04-15,2026-05-16
CPN0000427,RID0002799,RAINY10,Monsoon special,percentage,10,9.54,2024-09-16,2024-09-27
CPN0000428,RID0002810,LOYAL30,Loyalty reward,flat,30,30.0,2026-05-16,2026-06-01
CPN0000429,RID0002826,WEEKEND15,Weekend ride offer,percentage,15,26.23,2026-05-18,2026-05-28
CPN0000430,RID0002827,WEEKEND15,Weekend ride offer,percentage,15,8.86,2026-01-15,2026-02-01
CPN0000431,RID0002857,FEST100,Festive season offer,flat,100,68.25,2026-01-04,2026-02-08
CPN0000432,RID0002863,WEEKEND15,Weekend ride offer,percentage,15,14.7,2026-02-09,2026-03-11
CPN0000433,RID0002877,LOYAL30,Loyalty reward,flat,30,23.55,2024-01-07,2024-01-30
CPN0000434,RID0002884,LOYAL30,Loyalty reward,flat,30,26.55,2025-09-07,2025-10-01
CPN0000435,RID0002902,FIRST20,First ride discount,percentage,20,14.93,2025-05-07,2025-06-02
CPN0000436,RID0002903,RAINY10,Monsoon special,percentage,10,19.76,2024-09-28,2024-11-05
CPN0000437,RID0002920,WEEKEND15,Weekend ride offer,percentage,15,4.68,2024-02-08,2024-03-01
CPN0000438,RID0002923,RAINY10,Monsoon special,percentage,10,6.97,2025-02-21,2025-03-26
CPN0000439,RID0002934,WELCOME50,New user welcome offer,flat,50,50.0,2025-07-17,2025-08-11
CPN0000440,RID0002940,WELCOME50,New user welcome offer,flat,50,50.0,2026-05-15,2026-06-12
CPN0000441,RID0002954,WELCOME50,New user welcome offer,flat,50,37.91,2024-03-16,2024-04-08
CPN0000442,RID0002958,FIRST20,First ride discount,percentage,20,15.05,2024-08-27,2024-09-30
CPN0000443,RID0002959,WELCOME50,New user welcome offer,flat,50,50.0,2024-03-07,2024-03-21
CPN0000444,RID0002968,FIRST20,First ride discount,percentage,20,5.77,2025-03-01,2025-03-25
CPN0000445,RID0002978,FEST100,Festive season offer,flat,100,24.41,2025-11-13,2025-12-17
CPN0000446,RID0002981,LOYAL30,Loyalty reward,flat,30,30.0,2023-12-28,2024-01-24
CPN0000447,RID0002986,FEST100,Festive season offer,flat,100,43.02,2026-05-19,2026-06-06
CPN0000448,RID0002999,FIRST20,First ride discount,percentage,20,15.98,2025-06-18,2025-07-04
CPN0000449,RID0003004,LOYAL30,Loyalty reward,flat,30,30.0,2024-11-10,2024-12-11
CPN0000450,RID0003010,WEEKEND15,Weekend ride offer,percentage,15,19.75,2026-04-21,2026-05-17
CPN0000451,RID0003018,RAINY10,Monsoon special,percentage,10,30.68,2024-05-23,2024-06-04
CPN0000452,RID0003021,RAINY10,Monsoon special,percentage,10,7.46,2026-07-03,2026-07-16
CPN0000453,RID0003030,FEST100,Festive season offer,flat,100,13.93,2025-09-17,2025-10-18
CPN0000454,RID0003037,WELCOME50,New user welcome offer,flat,50,50.0,2025-09-06,2025-09-22
CPN0000455,RID0003055,FIRST20,First ride discount,percentage,20,10.46,2026-06-04,2026-06-26
CPN0000456,RID0003070,FIRST20,First ride discount,percentage,20,9.6,2025-04-14,2025-04-28
CPN0000457,RID0003073,RAINY10,Monsoon special,percentage,10,20.06,2025-11-20,2025-12-06
CPN0000458,RID0003075,WEEKEND15,Weekend ride offer,percentage,15,5.31,2024-01-21,2024-02-19
CPN0000459,RID0003094,WELCOME50,New user welcome offer,flat,50,21.24,2025-09-10,2025-10-17
CPN0000460,RID0003102,FIRST20,First ride discount,percentage,20,13.93,2025-12-06,2026-01-06
CPN0000461,RID0003103,RAINY10,Monsoon special,percentage,10,5.99,2024-09-20,2024-10-13
CPN0000462,RID0003114,FEST100,Festive season offer,flat,100,58.95,2025-06-06,2025-07-07
CPN0000463,RID0003120,LOYAL30,Loyalty reward,flat,30,30.0,2026-05-09,2026-05-28
CPN0000464,RID0003121,WEEKEND15,Weekend ride offer,percentage,15,24.87,2024-08-27,2024-09-25
CPN0000465,RID0003128,RAINY10,Monsoon special,percentage,10,6.06,2025-07-12,2025-08-01
CPN0000466,RID0003145,WEEKEND15,Weekend ride offer,percentage,15,16.73,2024-07-15,2024-08-07
CPN0000467,RID0003148,RAINY10,Monsoon special,percentage,10,3.44,2024-03-19,2024-04-23
CPN0000468,RID0003161,RAINY10,Monsoon special,percentage,10,9.64,2024-04-25,2024-05-20
CPN0000469,RID0003164,WEEKEND15,Weekend ride offer,percentage,15,19.8,2024-09-12,2024-10-07
CPN0000470,RID0003169,LOYAL30,Loyalty reward,flat,30,30.0,2025-02-07,2025-03-01
CPN0000471,RID0003179,RAINY10,Monsoon special,percentage,10,2.63,2024-08-10,2024-09-07
CPN0000472,RID0003181,FEST100,Festive season offer,flat,100,37.77,2026-02-16,2026-03-12
CPN0000473,RID0003186,FEST100,Festive season offer,flat,100,50.5,2025-02-19,2025-03-12
CPN0000474,RID0003189,LOYAL30,Loyalty reward,flat,30,30.0,2025-01-12,2025-02-02
CPN0000475,RID0003192,FEST100,Festive season offer,flat,100,87.36,2025-03-27,2025-04-20
CPN0000476,RID0003195,RAINY10,Monsoon special,percentage,10,9.6,2024-11-27,2024-12-09
CPN0000477,RID0003198,FEST100,Festive season offer,flat,100,51.67,2026-06-26,2026-08-03
CPN0000478,RID0003207,FIRST20,First ride discount,percentage,20,18.02,2024-04-11,2024-04-28
CPN0000479,RID0003220,LOYAL30,Loyalty reward,flat,30,30.0,2026-02-13,2026-03-20
CPN0000480,RID0003222,FEST100,Festive season offer,flat,100,31.69,2026-06-20,2026-07-06
CPN0000481,RID0003235,WEEKEND15,Weekend ride offer,percentage,15,14.58,2025-08-26,2025-09-15
CPN0000482,RID0003239,FEST100,Festive season offer,flat,100,21.0,2024-09-05,2024-10-07
CPN0000483,RID0003240,FIRST20,First ride discount,percentage,20,33.26,2024-05-01,2024-05-28
CPN0000484,RID0003257,WELCOME50,New user welcome offer,flat,50,50.0,2025-07-13,2025-08-10
CPN0000485,RID0003258,WELCOME50,New user welcome offer,flat,50,50.0,2026-06-13,2026-07-12
CPN0000486,RID0003259,FEST100,Festive season offer,flat,100,12.84,2025-06-23,2025-07-28
CPN0000487,RID0003263,WEEKEND15,Weekend ride offer,percentage,15,8.15,2024-01-05,2024-01-26
CPN0000488,RID0003283,RAINY10,Monsoon special,percentage,10,12.31,2025-03-29,2025-04-28
CPN0000489,RID0003284,WELCOME50,New user welcome offer,flat,50,50.0,2025-11-20,2025-12-13
CPN0000490,RID0003297,RAINY10,Monsoon special,percentage,10,10.13,2024-01-23,2024-02-24
CPN0000491,RID0003300,LOYAL30,Loyalty reward,flat,30,30.0,2025-09-24,2025-10-23
CPN0000492,RID0003311,FEST100,Festive season offer,flat,100,47.59,2025-12-05,2026-01-11
CPN0000493,RID0003313,FIRST20,First ride discount,percentage,20,19.34,2026-02-05,2026-03-04
CPN0000494,RID0003319,FEST100,Festive season offer,flat,100,46.8,2025-01-25,2025-02-18
CPN0000495,RID0003322,FEST100,Festive season offer,flat,100,82.5,2024-06-22,2024-07-15
CPN0000496,RID0003323,FIRST20,First ride discount,percentage,20,8.16,2025-04-08,2025-04-25
CPN0000497,RID0003324,FEST100,Festive season offer,flat,100,19.8,2024-02-18,2024-03-13
CPN0000498,RID0003333,FEST100,Festive season offer,flat,100,59.58,2025-10-06,2025-11-02
CPN0000499,RID0003335,FIRST20,First ride discount,percentage,20,12.53,2024-03-05,2024-03-30
CPN0000500,RID0003339,FEST100,Festive season offer,flat,100,35.73,2025-05-21,2025-06-16
CPN0000501,RID0003340,FEST100,Festive season offer,flat,100,61.2,2024-11-15,2024-12-08
CPN0000502,RID0003341,RAINY10,Monsoon special,percentage,10,11.11,2025-02-06,2025-02-26
CPN0000503,RID0003351,FIRST20,First ride discount,percentage,20,12.69,2025-02-19,2025-03-21
CPN0000504,RID0003356,WELCOME50,New user welcome offer,flat,50,50.0,2026-06-18,2026-07-18
CPN0000505,RID0003359,FEST100,Festive season offer,flat,100,29.7,2024-06-20,2024-07-21
CPN0000506,RID0003364,FIRST20,First ride discount,percentage,20,21.06,2025-07-18,2025-08-14
CPN0000507,RID0003366,LOYAL30,Loyalty reward,flat,30,30.0,2025-01-03,2025-01-16
CPN0000508,RID0003368,FIRST20,First ride discount,percentage,20,28.01,2024-07-06,2024-07-26
CPN0000509,RID0003370,WEEKEND15,Weekend ride offer,percentage,15,9.24,2025-07-08,2025-07-30
CPN0000510,RID0003377,WELCOME50,New user welcome offer,flat,50,29.88,2025-09-18,2025-10-17
CPN0000511,RID0003384,WELCOME50,New user welcome offer,flat,50,50.0,2025-04-02,2025-04-27
CPN0000512,RID0003386,RAINY10,Monsoon special,percentage,10,8.65,2024-11-04,2024-12-05
CPN0000513,RID0003408,FEST100,Festive season offer,flat,100,42.34,2024-08-04,2024-08-31
CPN0000514,RID0003410,RAINY10,Monsoon special,percentage,10,6.77,2024-08-29,2024-09-24
CPN0000515,RID0003428,FIRST20,First ride discount,percentage,20,7.76,2024-12-06,2024-12-24
CPN0000516,RID0003433,FEST100,Festive season offer,flat,100,100.0,2025-05-19,2025-06-15
CPN0000517,RID0003441,RAINY10,Monsoon special,percentage,10,8.22,2024-12-02,2025-01-03
CPN0000518,RID0003450,LOYAL30,Loyalty reward,flat,30,30.0,2025-04-02,2025-05-07
CPN0000519,RID0003452,FEST100,Festive season offer,flat,100,51.69,2024-08-10,2024-08-23
CPN0000520,RID0003462,WELCOME50,New user welcome offer,flat,50,37.41,2024-08-26,2024-09-20
CPN0000521,RID0003463,WEEKEND15,Weekend ride offer,percentage,15,14.91,2025-10-17,2025-11-17
CPN0000522,RID0003467,WEEKEND15,Weekend ride offer,percentage,15,14.71,2025-11-11,2025-12-04
CPN0000523,RID0003470,WEEKEND15,Weekend ride offer,percentage,15,7.88,2026-04-29,2026-05-23
CPN0000524,RID0003489,FEST100,Festive season offer,flat,100,16.32,2024-05-10,2024-06-12
CPN0000525,RID0003490,RAINY10,Monsoon special,percentage,10,5.5,2025-02-17,2025-03-13
CPN0000526,RID0003496,WELCOME50,New user welcome offer,flat,50,20.52,2026-05-26,2026-06-24
CPN0000527,RID0003497,FIRST20,First ride discount,percentage,20,15.7,2024-02-18,2024-03-12
CPN0000528,RID0003506,FEST100,Festive season offer,flat,100,21.96,2025-01-08,2025-01-23
CPN0000529,RID0003525,FIRST20,First ride discount,percentage,20,19.88,2025-05-25,2025-06-17
CPN0000530,RID0003535,LOYAL30,Loyalty reward,flat,30,22.23,2025-03-29,2025-04-25
CPN0000531,RID0003542,WELCOME50,New user welcome offer,flat,50,40.56,2025-05-27,2025-06-13
CPN0000532,RID0003549,RAINY10,Monsoon special,percentage,10,10.33,2025-09-03,2025-10-04
CPN0000533,RID0003561,RAINY10,Monsoon special,percentage,10,24.25,2025-08-30,2025-10-03
CPN0000534,RID0003563,FEST100,Festive season offer,flat,100,22.89,2025-04-10,2025-04-23
CPN0000535,RID0003570,WEEKEND15,Weekend ride offer,percentage,15,7.79,2026-01-08,2026-01-31
CPN0000536,RID0003571,FEST100,Festive season offer,flat,100,75.87,2024-01-25,2024-02-22
CPN0000537,RID0003579,RAINY10,Monsoon special,percentage,10,3.65,2024-08-03,2024-09-05
CPN0000538,RID0003580,WEEKEND15,Weekend ride offer,percentage,15,9.67,2024-11-09,2024-12-07
CPN0000539,RID0003583,WEEKEND15,Weekend ride offer,percentage,15,6.51,2025-10-29,2025-11-20
CPN0000540,RID0003598,WEEKEND15,Weekend ride offer,percentage,15,13.2,2024-06-30,2024-07-13
CPN0000541,RID0003600,WELCOME50,New user welcome offer,flat,50,17.82,2024-07-01,2024-07-21
CPN0000542,RID0003607,LOYAL30,Loyalty reward,flat,30,17.82,2026-06-04,2026-06-26
CPN0000543,RID0003610,WEEKEND15,Weekend ride offer,percentage,15,22.65,2025-11-14,2025-12-13
CPN0000544,RID0003616,FIRST20,First ride discount,percentage,20,37.4,2024-04-26,2024-05-26
CPN0000545,RID0003634,RAINY10,Monsoon special,percentage,10,15.3,2025-02-25,2025-04-01
CPN0000546,RID0003641,LOYAL30,Loyalty reward,flat,30,30.0,2025-11-16,2025-12-11
CPN0000547,RID0003642,RAINY10,Monsoon special,percentage,10,5.58,2024-12-12,2025-01-14
CPN0000548,RID0003647,FIRST20,First ride discount,percentage,20,6.28,2026-01-23,2026-02-18
CPN0000549,RID0003654,FIRST20,First ride discount,percentage,20,11.56,2025-08-28,2025-09-18
CPN0000550,RID0003659,RAINY10,Monsoon special,percentage,10,4.77,2025-01-18,2025-02-11
CPN0000551,RID0003663,RAINY10,Monsoon special,percentage,10,20.5,2025-05-04,2025-05-29
CPN0000552,RID0003671,RAINY10,Monsoon special,percentage,10,10.61,2025-02-13,2025-03-13
CPN0000553,RID0003683,WEEKEND15,Weekend ride offer,percentage,15,10.17,2025-02-11,2025-03-08
CPN0000554,RID0003684,FIRST20,First ride discount,percentage,20,34.12,2025-06-23,2025-07-17
CPN0000555,RID0003686,RAINY10,Monsoon special,percentage,10,26.45,2024-05-27,2024-06-27
CPN0000556,RID0003700,WEEKEND15,Weekend ride offer,percentage,15,21.29,2024-08-01,2024-09-04
CPN0000557,RID0003702,WELCOME50,New user welcome offer,flat,50,38.89,2025-07-01,2025-08-02
CPN0000558,RID0003703,RAINY10,Monsoon special,percentage,10,7.27,2025-01-18,2025-02-17
CPN0000559,RID0003711,LOYAL30,Loyalty reward,flat,30,27.48,2026-03-18,2026-04-12
CPN0000560,RID0003720,RAINY10,Monsoon special,percentage,10,6.77,2024-12-26,2025-01-23
CPN0000561,RID0003731,WELCOME50,New user welcome offer,flat,50,50.0,2025-11-21,2025-12-09
CPN0000562,RID0003738,RAINY10,Monsoon special,percentage,10,6.89,2023-12-20,2024-01-23
CPN0000563,RID0003746,RAINY10,Monsoon special,percentage,10,3.76,2025-04-02,2025-04-29
CPN0000564,RID0003748,RAINY10,Monsoon special,percentage,10,7.51,2024-09-05,2024-09-24
CPN0000565,RID0003751,RAINY10,Monsoon special,percentage,10,10.72,2024-10-17,2024-11-20
CPN0000566,RID0003752,FEST100,Festive season offer,flat,100,30.24,2026-03-31,2026-04-19
CPN0000567,RID0003765,WELCOME50,New user welcome offer,flat,50,28.9,2024-10-12,2024-11-05
CPN0000568,RID0003789,WELCOME50,New user welcome offer,flat,50,13.73,2025-09-22,2025-10-12
CPN0000569,RID0003790,RAINY10,Monsoon special,percentage,10,12.92,2025-09-21,2025-10-14
CPN0000570,RID0003797,LOYAL30,Loyalty reward,flat,30,14.31,2026-03-13,2026-04-01
CPN0000571,RID0003807,RAINY10,Monsoon special,percentage,10,9.67,2025-01-12,2025-02-09
CPN0000572,RID0003812,WELCOME50,New user welcome offer,flat,50,26.43,2025-06-08,2025-07-12
CPN0000573,RID0003813,WEEKEND15,Weekend ride offer,percentage,15,10.39,2025-12-04,2026-01-06
CPN0000574,RID0003826,RAINY10,Monsoon special,percentage,10,6.88,2024-02-29,2024-03-18
CPN0000575,RID0003834,WELCOME50,New user welcome offer,flat,50,50.0,2025-08-05,2025-09-01
CPN0000576,RID0003846,RAINY10,Monsoon special,percentage,10,15.96,2025-06-23,2025-07-16
CPN0000577,RID0003848,WELCOME50,New user welcome offer,flat,50,24.31,2026-04-09,2026-05-07
CPN0000578,RID0003854,FEST100,Festive season offer,flat,100,80.35,2025-03-28,2025-04-19
CPN0000579,RID0003856,WELCOME50,New user welcome offer,flat,50,19.33,2024-12-06,2024-12-30
CPN0000580,RID0003860,RAINY10,Monsoon special,percentage,10,5.24,2024-04-01,2024-04-25
CPN0000581,RID0003899,LOYAL30,Loyalty reward,flat,30,13.05,2026-05-05,2026-05-22
CPN0000582,RID0003912,FEST100,Festive season offer,flat,100,27.24,2024-07-06,2024-08-09
CPN0000583,RID0003922,RAINY10,Monsoon special,percentage,10,21.79,2026-05-31,2026-06-25
CPN0000584,RID0003924,LOYAL30,Loyalty reward,flat,30,11.88,2025-09-22,2025-10-13
CPN0000585,RID0003928,LOYAL30,Loyalty reward,flat,30,30.0,2025-07-15,2025-08-15
CPN0000586,RID0003930,WELCOME50,New user welcome offer,flat,50,19.8,2025-05-18,2025-06-22
CPN0000587,RID0003932,FIRST20,First ride discount,percentage,20,40.42,2026-05-02,2026-06-03
CPN0000588,RID0003933,RAINY10,Monsoon special,percentage,10,9.72,2024-07-02,2024-07-15
CPN0000589,RID0003946,FIRST20,First ride discount,percentage,20,12.6,2024-01-05,2024-02-02
CPN0000590,RID0003969,FIRST20,First ride discount,percentage,20,19.53,2026-05-01,2026-05-17
CPN0000591,RID0003975,FEST100,Festive season offer,flat,100,23.88,2024-01-17,2024-02-18
CPN0000592,RID0003985,RAINY10,Monsoon special,percentage,10,4.44,2025-06-14,2025-07-12
CPN0000593,RID0003988,FEST100,Festive season offer,flat,100,43.02,2024-12-09,2024-12-28
CPN0000594,RID0003990,WEEKEND15,Weekend ride offer,percentage,15,8.67,2025-06-08,2025-06-30
CPN0000595,RID0003999,FEST100,Festive season offer,flat,100,76.0,2024-04-30,2024-05-24
CPN0000596,RID0004006,WELCOME50,New user welcome offer,flat,50,43.92,2025-05-20,2025-06-07
CPN0000597,RID0004020,FIRST20,First ride discount,percentage,20,47.71,2024-06-06,2024-06-30
CPN0000598,RID0004024,FEST100,Festive season offer,flat,100,100.0,2024-04-09,2024-04-24
CPN0000599,RID0004025,RAINY10,Monsoon special,percentage,10,7.64,2025-06-23,2025-07-13
CPN0000600,RID0004044,WEEKEND15,Weekend ride offer,percentage,15,18.12,2024-10-21,2024-11-06
CPN0000601,RID0004053,FIRST20,First ride discount,percentage,20,41.76,2026-03-14,2026-04-09
CPN0000602,RID0004059,FEST100,Festive season offer,flat,100,100.0,2024-06-17,2024-07-13
CPN0000603,RID0004063,WEEKEND15,Weekend ride offer,percentage,15,7.79,2025-12-31,2026-01-30
CPN0000604,RID0004071,WELCOME50,New user welcome offer,flat,50,18.27,2025-03-07,2025-03-28
CPN0000605,RID0004074,FIRST20,First ride discount,percentage,20,28.23,2026-02-04,2026-03-04
CPN0000606,RID0004081,FIRST20,First ride discount,percentage,20,17.68,2024-07-14,2024-08-09
CPN0000607,RID0004086,FIRST20,First ride discount,percentage,20,8.52,2024-01-12,2024-02-16
CPN0000608,RID0004089,WEEKEND15,Weekend ride offer,percentage,15,12.1,2024-08-03,2024-08-26
CPN0000609,RID0004090,WELCOME50,New user welcome offer,flat,50,19.99,2025-06-09,2025-07-04
CPN0000610,RID0004092,FEST100,Festive season offer,flat,100,63.22,2024-01-19,2024-02-21
CPN0000611,RID0004095,RAINY10,Monsoon special,percentage,10,9.68,2024-10-17,2024-11-01
CPN0000612,RID0004106,FIRST20,First ride discount,percentage,20,9.7,2024-02-24,2024-03-15
CPN0000613,RID0004118,LOYAL30,Loyalty reward,flat,30,24.18,2026-02-24,2026-03-21
CPN0000614,RID0004125,WELCOME50,New user welcome offer,flat,50,45.06,2025-01-08,2025-02-01
CPN0000615,RID0004141,FIRST20,First ride discount,percentage,20,39.8,2025-02-05,2025-03-12
CPN0000616,RID0004142,FEST100,Festive season offer,flat,100,20.43,2025-08-29,2025-09-16
CPN0000617,RID0004146,WELCOME50,New user welcome offer,flat,50,28.74,2024-08-26,2024-09-20
CPN0000618,RID0004156,LOYAL30,Loyalty reward,flat,30,30.0,2024-07-30,2024-08-20
CPN0000619,RID0004165,WEEKEND15,Weekend ride offer,percentage,15,16.71,2025-12-16,2026-01-08
CPN0000620,RID0004166,RAINY10,Monsoon special,percentage,10,6.38,2024-12-26,2025-01-19
CPN0000621,RID0004176,FEST100,Festive season offer,flat,100,60.6,2025-03-09,2025-04-03
CPN0000622,RID0004180,FIRST20,First ride discount,percentage,20,24.19,2025-04-20,2025-05-18
CPN0000623,RID0004203,LOYAL30,Loyalty reward,flat,30,30.0,2025-08-08,2025-08-28
CPN0000624,RID0004208,RAINY10,Monsoon special,percentage,10,26.31,2024-07-26,2024-08-16
CPN0000625,RID0004211,WEEKEND15,Weekend ride offer,percentage,15,9.7,2025-01-31,2025-02-27
CPN0000626,RID0004212,WELCOME50,New user welcome offer,flat,50,40.26,2025-06-19,2025-07-18
CPN0000627,RID0004220,WEEKEND15,Weekend ride offer,percentage,15,23.0,2024-03-14,2024-04-01
CPN0000628,RID0004226,FEST100,Festive season offer,flat,100,31.98,2026-04-20,2026-05-21
CPN0000629,RID0004228,WEEKEND15,Weekend ride offer,percentage,15,7.29,2025-02-22,2025-03-13
CPN0000630,RID0004229,WEEKEND15,Weekend ride offer,percentage,15,4.03,2026-05-13,2026-06-01
CPN0000631,RID0004249,FIRST20,First ride discount,percentage,20,8.22,2025-01-08,2025-02-11
CPN0000632,RID0004256,WELCOME50,New user welcome offer,flat,50,42.96,2024-11-06,2024-12-05
CPN0000633,RID0004259,RAINY10,Monsoon special,percentage,10,14.83,2025-04-17,2025-05-17
CPN0000634,RID0004284,LOYAL30,Loyalty reward,flat,30,30.0,2025-11-03,2025-12-09
CPN0000635,RID0004285,FIRST20,First ride discount,percentage,20,17.14,2025-08-28,2025-09-21
CPN0000636,RID0004295,RAINY10,Monsoon special,percentage,10,10.85,2024-02-21,2024-03-27
CPN0000637,RID0004300,RAINY10,Monsoon special,percentage,10,8.47,2024-11-14,2024-12-17
CPN0000638,RID0004307,FEST100,Festive season offer,flat,100,22.26,2025-02-05,2025-03-04
CPN0000639,RID0004317,RAINY10,Monsoon special,percentage,10,11.93,2026-03-27,2026-04-19
CPN0000640,RID0004322,FIRST20,First ride discount,percentage,20,12.16,2024-04-23,2024-05-25
CPN0000641,RID0004326,FEST100,Festive season offer,flat,100,29.58,2026-02-11,2026-03-09
CPN0000642,RID0004330,RAINY10,Monsoon special,percentage,10,15.75,2024-03-14,2024-04-08
CPN0000643,RID0004333,RAINY10,Monsoon special,percentage,10,9.27,2024-11-19,2024-12-15
CPN0000644,RID0004359,LOYAL30,Loyalty reward,flat,30,13.6,2024-02-12,2024-03-06
CPN0000645,RID0004365,RAINY10,Monsoon special,percentage,10,9.41,2024-05-23,2024-06-14
CPN0000646,RID0004367,FEST100,Festive season offer,flat,100,43.47,2026-02-15,2026-03-15
CPN0000647,RID0004370,FEST100,Festive season offer,flat,100,56.24,2026-06-23,2026-07-25
CPN0000648,RID0004376,LOYAL30,Loyalty reward,flat,30,11.58,2024-01-13,2024-02-04
CPN0000649,RID0004378,RAINY10,Monsoon special,percentage,10,10.2,2024-10-13,2024-10-30
CPN0000650,RID0004392,WELCOME50,New user welcome offer,flat,50,21.53,2025-04-05,2025-05-01
CPN0000651,RID0004394,WEEKEND15,Weekend ride offer,percentage,15,14.62,2025-06-02,2025-06-28
CPN0000652,RID0004408,LOYAL30,Loyalty reward,flat,30,14.97,2025-01-01,2025-01-30
CPN0000653,RID0004413,WELCOME50,New user welcome offer,flat,50,15.72,2025-01-23,2025-02-16
CPN0000654,RID0004415,FIRST20,First ride discount,percentage,20,18.31,2026-05-19,2026-06-11
CPN0000655,RID0004418,FIRST20,First ride discount,percentage,20,16.44,2024-03-06,2024-04-11
CPN0000656,RID0004423,LOYAL30,Loyalty reward,flat,30,26.94,2025-09-20,2025-10-09
CPN0000657,RID0004426,FEST100,Festive season offer,flat,100,37.28,2025-04-14,2025-05-06
CPN0000658,RID0004434,FEST100,Festive season offer,flat,100,60.02,2025-07-27,2025-08-27
CPN0000659,RID0004456,LOYAL30,Loyalty reward,flat,30,30.0,2024-09-02,2024-09-25
CPN0000660,RID0004476,RAINY10,Monsoon special,percentage,10,7.93,2025-03-02,2025-03-31
CPN0000661,RID0004480,WELCOME50,New user welcome offer,flat,50,26.71,2025-08-22,2025-09-13
CPN0000662,RID0004486,WELCOME50,New user welcome offer,flat,50,31.46,2024-05-11,2024-06-11
CPN0000663,RID0004493,FEST100,Festive season offer,flat,100,41.34,2026-05-04,2026-05-21
CPN0000664,RID0004503,FIRST20,First ride discount,percentage,20,16.5,2025-07-20,2025-08-17
CPN0000665,RID0004515,WELCOME50,New user welcome offer,flat,50,39.12,2026-01-20,2026-02-15
CPN0000666,RID0004517,FEST100,Festive season offer,flat,100,34.13,2025-11-18,2025-12-14
CPN0000667,RID0004518,LOYAL30,Loyalty reward,flat,30,17.94,2026-04-14,2026-05-06
CPN0000668,RID0004523,RAINY10,Monsoon special,percentage,10,20.32,2024-05-14,2024-06-05
CPN0000669,RID0004537,WEEKEND15,Weekend ride offer,percentage,15,18.42,2024-06-21,2024-07-22
CPN0000670,RID0004540,LOYAL30,Loyalty reward,flat,30,30.0,2026-05-21,2026-06-16
CPN0000671,RID0004541,RAINY10,Monsoon special,percentage,10,2.72,2025-01-21,2025-02-12
CPN0000672,RID0004546,RAINY10,Monsoon special,percentage,10,12.83,2025-12-01,2025-12-20
CPN0000673,RID0004547,WEEKEND15,Weekend ride offer,percentage,15,20.65,2026-04-17,2026-04-29
CPN0000674,RID0004555,WEEKEND15,Weekend ride offer,percentage,15,38.34,2024-03-12,2024-04-07
CPN0000675,RID0004565,LOYAL30,Loyalty reward,flat,30,30.0,2025-03-21,2025-04-17
CPN0000676,RID0004568,WELCOME50,New user welcome offer,flat,50,50.0,2024-08-17,2024-09-10
CPN0000677,RID0004582,RAINY10,Monsoon special,percentage,10,4.51,2026-07-08,2026-08-01
CPN0000678,RID0004587,LOYAL30,Loyalty reward,flat,30,30.0,2026-04-25,2026-05-16
CPN0000679,RID0004594,WEEKEND15,Weekend ride offer,percentage,15,26.99,2025-05-18,2025-06-05
CPN0000680,RID0004595,LOYAL30,Loyalty reward,flat,30,30.0,2025-02-02,2025-02-16
CPN0000681,RID0004603,FIRST20,First ride discount,percentage,20,38.1,2026-01-15,2026-02-19
CPN0000682,RID0004613,WELCOME50,New user welcome offer,flat,50,50.0,2024-06-02,2024-06-19
CPN0000683,RID0004615,FIRST20,First ride discount,percentage,20,4.75,2024-03-19,2024-04-13
CPN0000684,RID0004619,WELCOME50,New user welcome offer,flat,50,39.24,2025-12-19,2026-01-27
CPN0000685,RID0004620,RAINY10,Monsoon special,percentage,10,5.61,2026-01-28,2026-02-22
CPN0000686,RID0004621,WELCOME50,New user welcome offer,flat,50,27.61,2026-02-12,2026-03-15
CPN0000687,RID0004623,WELCOME50,New user welcome offer,flat,50,26.91,2025-04-16,2025-05-13
CPN0000688,RID0004634,RAINY10,Monsoon special,percentage,10,20.7,2025-11-16,2025-12-16
CPN0000689,RID0004637,WELCOME50,New user welcome offer,flat,50,24.66,2024-11-22,2024-12-12
CPN0000690,RID0004640,LOYAL30,Loyalty reward,flat,30,30.0,2025-11-25,2025-12-29
CPN0000691,RID0004641,LOYAL30,Loyalty reward,flat,30,30.0,2025-04-11,2025-05-02
CPN0000692,RID0004644,FEST100,Festive season offer,flat,100,14.85,2024-06-27,2024-07-30
CPN0000693,RID0004650,WELCOME50,New user welcome offer,flat,50,28.57,2024-05-31,2024-06-18
CPN0000694,RID0004652,FIRST20,First ride discount,percentage,20,7.92,2026-02-24,2026-03-11
CPN0000695,RID0004654,FIRST20,First ride discount,percentage,20,26.52,2024-10-30,2024-11-28
CPN0000696,RID0004655,FIRST20,First ride discount,percentage,20,26.16,2025-01-29,2025-03-09
CPN0000697,RID0004661,FIRST20,First ride discount,percentage,20,30.57,2025-12-08,2026-01-10
CPN0000698,RID0004687,RAINY10,Monsoon special,percentage,10,7.01,2026-03-27,2026-04-27
CPN0000699,RID0004689,WELCOME50,New user welcome offer,flat,50,44.66,2025-01-18,2025-02-22
CPN0000700,RID0004716,WELCOME50,New user welcome offer,flat,50,25.14,2024-06-18,2024-07-13
CPN0000701,RID0004724,WEEKEND15,Weekend ride offer,percentage,15,27.79,2025-03-07,2025-04-02
CPN0000702,RID0004725,WELCOME50,New user welcome offer,flat,50,50.0,2025-01-29,2025-02-14
CPN0000703,RID0004734,RAINY10,Monsoon special,percentage,10,23.28,2026-03-15,2026-04-05
CPN0000704,RID0004735,WEEKEND15,Weekend ride offer,percentage,15,9.58,2025-09-08,2025-10-09
CPN0000705,RID0004739,WEEKEND15,Weekend ride offer,percentage,15,16.64,2025-11-02,2025-11-29
CPN0000706,RID0004742,FIRST20,First ride discount,percentage,20,9.94,2024-03-18,2024-04-10
CPN0000707,RID0004757,LOYAL30,Loyalty reward,flat,30,30.0,2024-09-28,2024-10-24
CPN0000708,RID0004761,WEEKEND15,Weekend ride offer,percentage,15,14.69,2026-04-14,2026-05-07
CPN0000709,RID0004766,WEEKEND15,Weekend ride offer,percentage,15,29.57,2025-11-22,2025-12-29
CPN0000710,RID0004778,WELCOME50,New user welcome offer,flat,50,50.0,2025-11-25,2025-12-30
CPN0000711,RID0004783,WEEKEND15,Weekend ride offer,percentage,15,13.58,2025-11-30,2025-12-26
CPN0000712,RID0004791,FIRST20,First ride discount,percentage,20,18.54,2024-10-22,2024-11-19
CPN0000713,RID0004797,FIRST20,First ride discount,percentage,20,8.62,2025-12-04,2025-12-22
CPN0000714,RID0004798,WEEKEND15,Weekend ride offer,percentage,15,22.51,2024-08-19,2024-09-06
CPN0000715,RID0004805,LOYAL30,Loyalty reward,flat,30,19.8,2025-11-21,2025-12-14
CPN0000716,RID0004815,WEEKEND15,Weekend ride offer,percentage,15,14.74,2024-04-24,2024-05-17
CPN0000717,RID0004818,FEST100,Festive season offer,flat,100,18.91,2025-05-05,2025-06-07
CPN0000718,RID0004823,WEEKEND15,Weekend ride offer,percentage,15,8.67,2024-05-12,2024-05-28
CPN0000719,RID0004827,WELCOME50,New user welcome offer,flat,50,32.52,2026-01-09,2026-02-09
CPN0000720,RID0004832,LOYAL30,Loyalty reward,flat,30,24.49,2026-06-20,2026-07-26
CPN0000721,RID0004857,FEST100,Festive season offer,flat,100,77.34,2024-07-27,2024-08-29
CPN0000722,RID0004865,RAINY10,Monsoon special,percentage,10,14.41,2026-04-05,2026-04-28
CPN0000723,RID0004867,FIRST20,First ride discount,percentage,20,9.46,2024-02-24,2024-03-13
CPN0000724,RID0004881,RAINY10,Monsoon special,percentage,10,4.6,2025-08-13,2025-09-13
CPN0000725,RID0004882,WELCOME50,New user welcome offer,flat,50,27.69,2024-04-25,2024-05-22
CPN0000726,RID0004888,WELCOME50,New user welcome offer,flat,50,30.6,2026-01-04,2026-01-29
CPN0000727,RID0004890,WELCOME50,New user welcome offer,flat,50,40.41,2024-02-26,2024-03-09
CPN0000728,RID0004893,LOYAL30,Loyalty reward,flat,30,30.0,2025-04-08,2025-05-01
CPN0000729,RID0004900,LOYAL30,Loyalty reward,flat,30,30.0,2025-09-11,2025-10-07
CPN0000730,RID0004902,RAINY10,Monsoon special,percentage,10,7.1,2025-09-12,2025-10-05
CPN0000731,RID0004909,LOYAL30,Loyalty reward,flat,30,30.0,2024-10-04,2024-10-25
CPN0000732,RID0004915,FEST100,Festive season offer,flat,100,29.85,2024-11-16,2024-12-10
CPN0000733,RID0004919,WEEKEND15,Weekend ride offer,percentage,15,3.83,2024-12-08,2025-01-06
CPN0000734,RID0004924,LOYAL30,Loyalty reward,flat,30,21.9,2025-02-09,2025-03-09
CPN0000735,RID0004932,FIRST20,First ride discount,percentage,20,15.47,2025-06-15,2025-07-05
CPN0000736,RID0004937,RAINY10,Monsoon special,percentage,10,1.98,2026-02-14,2026-03-05
CPN0000737,RID0004943,LOYAL30,Loyalty reward,flat,30,30.0,2025-06-01,2025-06-16
CPN0000738,RID0004944,RAINY10,Monsoon special,percentage,10,6.74,2025-10-03,2025-10-24
CPN0000739,RID0004954,WEEKEND15,Weekend ride offer,percentage,15,40.33,2025-05-15,2025-06-08
CPN0000740,RID0004972,LOYAL30,Loyalty reward,flat,30,22.15,2025-01-14,2025-02-06
CPN0000741,RID0004977,WEEKEND15,Weekend ride offer,percentage,15,7.07,2025-11-27,2025-12-20
CPN0000742,RID0004984,FIRST20,First ride discount,percentage,20,32.12,2024-01-24,2024-02-15
CPN0000743,RID0004985,WEEKEND15,Weekend ride offer,percentage,15,19.14,2024-01-13,2024-02-05
CPN0000744,RID0004986,RAINY10,Monsoon special,percentage,10,9.43,2025-09-02,2025-09-30
CPN0000745,RID0004988,WEEKEND15,Weekend ride offer,percentage,15,8.51,2024-08-20,2024-09-16
CPN0000746,RID0004989,LOYAL30,Loyalty reward,flat,30,30.0,2024-06-16,2024-07-19
CPN0000747,RID0004991,WEEKEND15,Weekend ride offer,percentage,15,15.49,2024-11-24,2024-12-14
CPN0000748,RID0004995,LOYAL30,Loyalty reward,flat,30,24.88,2025-04-08,2025-04-19
CPN0000749,RID0005002,WEEKEND15,Weekend ride offer,percentage,15,6.67,2026-06-16,2026-07-13
CPN0000750,RID0005012,RAINY10,Monsoon special,percentage,10,5.35,2025-01-31,2025-02-28
CPN0000751,RID0005015,WEEKEND15,Weekend ride offer,percentage,15,3.68,2026-06-14,2026-07-01
CPN0000752,RID0005017,WEEKEND15,Weekend ride offer,percentage,15,13.58,2025-10-21,2025-11-12
CPN0000753,RID0005019,LOYAL30,Loyalty reward,flat,30,15.44,2026-04-11,2026-05-10
CPN0000754,RID0005029,LOYAL30,Loyalty reward,flat,30,30.0,2026-03-09,2026-04-06
CPN0000755,RID0005034,FIRST20,First ride discount,percentage,20,23.97,2026-03-18,2026-04-03
CPN0000756,RID0005040,FEST100,Festive season offer,flat,100,29.38,2024-02-04,2024-03-01
CPN0000757,RID0005059,FIRST20,First ride discount,percentage,20,19.66,2024-03-22,2024-04-18
CPN0000758,RID0005071,LOYAL30,Loyalty reward,flat,30,30.0,2025-10-21,2025-11-20
CPN0000759,RID0005085,WELCOME50,New user welcome offer,flat,50,21.72,2026-07-03,2026-07-19
CPN0000760,RID0005094,WELCOME50,New user welcome offer,flat,50,29.88,2024-09-21,2024-10-18
CPN0000761,RID0005096,FIRST20,First ride discount,percentage,20,34.3,2025-11-28,2025-12-20
CPN0000762,RID0005102,RAINY10,Monsoon special,percentage,10,8.46,2024-06-27,2024-07-25
CPN0000763,RID0005110,FEST100,Festive season offer,flat,100,15.45,2024-10-31,2024-12-09
CPN0000764,RID0005112,WEEKEND15,Weekend ride offer,percentage,15,16.66,2025-11-30,2025-12-21
CPN0000765,RID0005114,WEEKEND15,Weekend ride offer,percentage,15,9.53,2026-02-17,2026-03-16
CPN0000766,RID0005122,FEST100,Festive season offer,flat,100,31.41,2024-07-03,2024-07-27
CPN0000767,RID0005130,WELCOME50,New user welcome offer,flat,50,50.0,2024-07-28,2024-08-17
CPN0000768,RID0005138,FIRST20,First ride discount,percentage,20,7.07,2025-10-30,2025-12-01
CPN0000769,RID0005145,LOYAL30,Loyalty reward,flat,30,30.0,2024-07-27,2024-08-08
CPN0000770,RID0005149,WEEKEND15,Weekend ride offer,percentage,15,11.62,2024-02-23,2024-03-08
CPN0000771,RID0005158,LOYAL30,Loyalty reward,flat,30,30.0,2026-01-25,2026-02-14
CPN0000772,RID0005161,LOYAL30,Loyalty reward,flat,30,30.0,2024-10-10,2024-11-01
CPN0000773,RID0005163,RAINY10,Monsoon special,percentage,10,8.22,2025-06-18,2025-07-06
CPN0000774,RID0005174,FEST100,Festive season offer,flat,100,55.71,2024-09-17,2024-10-10
CPN0000775,RID0005189,WEEKEND15,Weekend ride offer,percentage,15,12.97,2025-06-27,2025-07-31
CPN0000776,RID0005191,RAINY10,Monsoon special,percentage,10,9.49,2026-03-17,2026-03-30
CPN0000777,RID0005193,WELCOME50,New user welcome offer,flat,50,50.0,2024-08-22,2024-09-14
CPN0000778,RID0005194,LOYAL30,Loyalty reward,flat,30,17.4,2026-01-30,2026-02-19
CPN0000779,RID0005197,FIRST20,First ride discount,percentage,20,21.22,2024-03-31,2024-04-22
CPN0000780,RID0005199,FIRST20,First ride discount,percentage,20,8.55,2026-02-16,2026-03-05
CPN0000781,RID0005203,FIRST20,First ride discount,percentage,20,26.88,2025-10-22,2025-11-15
CPN0000782,RID0005226,FIRST20,First ride discount,percentage,20,69.46,2025-03-29,2025-04-20
CPN0000783,RID0005227,RAINY10,Monsoon special,percentage,10,5.22,2024-06-01,2024-06-28
CPN0000784,RID0005231,WEEKEND15,Weekend ride offer,percentage,15,11.45,2025-05-20,2025-06-14
CPN0000785,RID0005233,RAINY10,Monsoon special,percentage,10,10.84,2026-06-26,2026-08-02
CPN0000786,RID0005235,FIRST20,First ride discount,percentage,20,9.24,2025-05-15,2025-06-03
CPN0000787,RID0005236,WELCOME50,New user welcome offer,flat,50,29.34,2025-01-10,2025-02-16
CPN0000788,RID0005238,FIRST20,First ride discount,percentage,20,20.61,2024-08-19,2024-09-12
CPN0000789,RID0005249,FEST100,Festive season offer,flat,100,28.19,2024-12-07,2024-12-29
CPN0000790,RID0005255,FIRST20,First ride discount,percentage,20,11.28,2026-06-15,2026-07-04
CPN0000791,RID0005263,RAINY10,Monsoon special,percentage,10,11.72,2025-06-04,2025-06-23
CPN0000792,RID0005271,FEST100,Festive season offer,flat,100,100.0,2026-04-05,2026-04-19
CPN0000793,RID0005275,LOYAL30,Loyalty reward,flat,30,30.0,2026-05-09,2026-06-10
CPN0000794,RID0005276,FIRST20,First ride discount,percentage,20,4.0,2024-12-28,2025-02-01
CPN0000795,RID0005282,FEST100,Festive season offer,flat,100,84.89,2024-06-18,2024-07-05
CPN0000796,RID0005283,LOYAL30,Loyalty reward,flat,30,30.0,2025-01-08,2025-02-03
CPN0000797,RID0005288,LOYAL30,Loyalty reward,flat,30,30.0,2025-04-24,2025-05-14
CPN0000798,RID0005292,FEST100,Festive season offer,flat,100,62.34,2026-04-16,2026-05-07
CPN0000799,RID0005297,RAINY10,Monsoon special,percentage,10,5.65,2026-05-15,2026-06-23
CPN0000800,RID0005300,FEST100,Festive season offer,flat,100,51.66,2025-04-15,2025-05-09
CPN0000801,RID0005309,LOYAL30,Loyalty reward,flat,30,24.36,2025-12-18,2026-01-16
CPN0000802,RID0005315,WELCOME50,New user welcome offer,flat,50,32.88,2024-09-05,2024-10-08
CPN0000803,RID0005319,WELCOME50,New user welcome offer,flat,50,50.0,2024-11-25,2024-12-18
CPN0000804,RID0005320,WELCOME50,New user welcome offer,flat,50,21.61,2025-02-10,2025-03-01
CPN0000805,RID0005324,RAINY10,Monsoon special,percentage,10,10.23,2026-03-23,2026-04-18
CPN0000806,RID0005333,RAINY10,Monsoon special,percentage,10,8.79,2024-11-04,2024-11-25
CPN0000807,RID0005345,FIRST20,First ride discount,percentage,20,8.82,2024-12-11,2024-12-28
CPN0000808,RID0005346,LOYAL30,Loyalty reward,flat,30,30.0,2024-07-12,2024-07-26
CPN0000809,RID0005347,FIRST20,First ride discount,percentage,20,42.52,2025-11-20,2025-12-07
CPN0000810,RID0005356,WELCOME50,New user welcome offer,flat,50,35.83,2024-09-09,2024-10-12
CPN0000811,RID0005364,WELCOME50,New user welcome offer,flat,50,21.63,2024-05-13,2024-06-19
CPN0000812,RID0005374,WEEKEND15,Weekend ride offer,percentage,15,23.91,2024-02-17,2024-03-07
CPN0000813,RID0005376,LOYAL30,Loyalty reward,flat,30,30.0,2023-12-20,2024-01-26
CPN0000814,RID0005377,FEST100,Festive season offer,flat,100,41.5,2024-07-07,2024-08-06
CPN0000815,RID0005387,FIRST20,First ride discount,percentage,20,24.72,2025-04-27,2025-05-26
CPN0000816,RID0005389,LOYAL30,Loyalty reward,flat,30,14.07,2025-07-25,2025-08-19
CPN0000817,RID0005395,RAINY10,Monsoon special,percentage,10,9.3,2026-05-09,2026-05-31
CPN0000818,RID0005401,LOYAL30,Loyalty reward,flat,30,30.0,2025-11-29,2025-12-31
CPN0000819,RID0005419,LOYAL30,Loyalty reward,flat,30,30.0,2026-05-16,2026-06-08
CPN0000820,RID0005424,WELCOME50,New user welcome offer,flat,50,50.0,2024-11-05,2024-12-05
CPN0000821,RID0005426,FEST100,Festive season offer,flat,100,44.29,2024-10-22,2024-11-22
CPN0000822,RID0005454,RAINY10,Monsoon special,percentage,10,10.53,2024-12-24,2025-01-04
CPN0000823,RID0005463,FIRST20,First ride discount,percentage,20,17.26,2025-12-18,2026-01-03
CPN0000824,RID0005464,LOYAL30,Loyalty reward,flat,30,30.0,2025-03-10,2025-04-09
CPN0000825,RID0005479,LOYAL30,Loyalty reward,flat,30,25.07,2024-03-23,2024-04-27
CPN0000826,RID0005480,LOYAL30,Loyalty reward,flat,30,30.0,2025-09-21,2025-10-15
CPN0000827,RID0005487,FEST100,Festive season offer,flat,100,54.51,2024-06-13,2024-07-11
CPN0000828,RID0005501,LOYAL30,Loyalty reward,flat,30,30.0,2025-09-11,2025-10-08
CPN0000829,RID0005502,WELCOME50,New user welcome offer,flat,50,40.02,2025-10-13,2025-11-01
CPN0000830,RID0005503,FEST100,Festive season offer,flat,100,19.8,2024-10-13,2024-11-22
CPN0000831,RID0005513,WEEKEND15,Weekend ride offer,percentage,15,16.14,2025-05-18,2025-06-07
CPN0000832,RID0005515,RAINY10,Monsoon special,percentage,10,21.2,2025-08-14,2025-09-05
CPN0000833,RID0005518,WELCOME50,New user welcome offer,flat,50,50.0,2025-08-21,2025-09-20
CPN0000834,RID0005521,RAINY10,Monsoon special,percentage,10,18.32,2024-10-20,2024-11-20
CPN0000835,RID0005522,FEST100,Festive season offer,flat,100,28.2,2025-07-06,2025-07-25
CPN0000836,RID0005531,LOYAL30,Loyalty reward,flat,30,18.66,2024-06-20,2024-07-13
CPN0000837,RID0005542,RAINY10,Monsoon special,percentage,10,8.52,2024-10-11,2024-11-02
CPN0000838,RID0005549,WELCOME50,New user welcome offer,flat,50,50.0,2026-01-24,2026-02-10
CPN0000839,RID0005556,FIRST20,First ride discount,percentage,20,19.66,2024-11-22,2024-12-03
CPN0000840,RID0005559,WEEKEND15,Weekend ride offer,percentage,15,11.41,2025-12-20,2026-01-22
CPN0000841,RID0005560,FEST100,Festive season offer,flat,100,88.82,2024-01-31,2024-02-20
CPN0000842,RID0005568,WELCOME50,New user welcome offer,flat,50,37.44,2025-02-22,2025-03-29
CPN0000843,RID0005576,WELCOME50,New user welcome offer,flat,50,50.0,2025-12-03,2025-12-26
CPN0000844,RID0005582,FIRST20,First ride discount,percentage,20,6.91,2024-09-02,2024-09-25
CPN0000845,RID0005586,FIRST20,First ride discount,percentage,20,25.63,2024-12-27,2025-01-25
CPN0000846,RID0005607,RAINY10,Monsoon special,percentage,10,22.62,2026-05-23,2026-06-17
CPN0000847,RID0005620,FIRST20,First ride discount,percentage,20,4.73,2025-01-12,2025-02-13
CPN0000848,RID0005621,LOYAL30,Loyalty reward,flat,30,30.0,2024-08-22,2024-09-11
CPN0000849,RID0005646,FIRST20,First ride discount,percentage,20,26.32,2024-03-11,2024-04-01
CPN0000850,RID0005652,WELCOME50,New user welcome offer,flat,50,50.0,2025-07-21,2025-07-31
CPN0000851,RID0005657,WELCOME50,New user welcome offer,flat,50,18.96,2025-08-05,2025-08-31
CPN0000852,RID0005666,FIRST20,First ride discount,percentage,20,14.34,2024-04-23,2024-05-18
CPN0000853,RID0005667,RAINY10,Monsoon special,percentage,10,10.53,2024-01-26,2024-02-25
CPN0000854,RID0005676,WEEKEND15,Weekend ride offer,percentage,15,19.47,2025-06-30,2025-07-24
CPN0000855,RID0005679,WEEKEND15,Weekend ride offer,percentage,15,16.62,2024-03-16,2024-04-08
CPN0000856,RID0005684,FIRST20,First ride discount,percentage,20,6.83,2024-12-19,2025-01-10
CPN0000857,RID0005685,FEST100,Festive season offer,flat,100,61.2,2025-12-31,2026-01-21
CPN0000858,RID0005688,LOYAL30,Loyalty reward,flat,30,30.0,2024-02-05,2024-03-07
CPN0000859,RID0005689,FIRST20,First ride discount,percentage,20,21.34,2025-09-23,2025-10-19
CPN0000860,RID0005694,LOYAL30,Loyalty reward,flat,30,30.0,2025-08-13,2025-09-06
CPN0000861,RID0005699,WELCOME50,New user welcome offer,flat,50,29.64,2024-02-06,2024-03-05
CPN0000862,RID0005702,FEST100,Festive season offer,flat,100,19.38,2024-05-22,2024-06-22
CPN0000863,RID0005710,LOYAL30,Loyalty reward,flat,30,19.8,2024-10-14,2024-11-12
CPN0000864,RID0005712,FEST100,Festive season offer,flat,100,50.55,2025-12-04,2025-12-23
CPN0000865,RID0005713,WELCOME50,New user welcome offer,flat,50,50.0,2024-12-10,2025-01-09
CPN0000866,RID0005714,WELCOME50,New user welcome offer,flat,50,9.9,2026-04-05,2026-05-02
CPN0000867,RID0005720,LOYAL30,Loyalty reward,flat,30,30.0,2024-09-19,2024-10-10
CPN0000868,RID0005722,RAINY10,Monsoon special,percentage,10,7.13,2025-05-08,2025-05-27
CPN0000869,RID0005748,LOYAL30,Loyalty reward,flat,30,20.98,2024-08-12,2024-09-10
CPN0000870,RID0005760,WEEKEND15,Weekend ride offer,percentage,15,18.43,2025-04-11,2025-05-01
CPN0000871,RID0005767,RAINY10,Monsoon special,percentage,10,4.08,2025-03-06,2025-04-01
CPN0000872,RID0005770,RAINY10,Monsoon special,percentage,10,7.6,2026-05-06,2026-06-03
CPN0000873,RID0005775,FEST100,Festive season offer,flat,100,95.84,2026-06-28,2026-07-19
CPN0000874,RID0005779,WELCOME50,New user welcome offer,flat,50,50.0,2024-04-01,2024-04-28
CPN0000875,RID0005782,WEEKEND15,Weekend ride offer,percentage,15,12.49,2025-11-23,2025-12-27
CPN0000876,RID0005793,FIRST20,First ride discount,percentage,20,24.2,2024-05-05,2024-05-28
CPN0000877,RID0005804,WEEKEND15,Weekend ride offer,percentage,15,19.76,2024-10-01,2024-10-25
CPN0000878,RID0005810,WELCOME50,New user welcome offer,flat,50,50.0,2024-01-29,2024-03-01
CPN0000879,RID0005814,RAINY10,Monsoon special,percentage,10,3.43,2025-02-16,2025-03-16
CPN0000880,RID0005816,RAINY10,Monsoon special,percentage,10,14.83,2026-02-13,2026-03-22
CPN0000881,RID0005818,RAINY10,Monsoon special,percentage,10,12.24,2024-02-18,2024-03-18
CPN0000882,RID0005825,FEST100,Festive season offer,flat,100,25.12,2024-06-14,2024-07-20
CPN0000883,RID0005827,FEST100,Festive season offer,flat,100,31.2,2024-09-02,2024-10-03
CPN0000884,RID0005835,WEEKEND15,Weekend ride offer,percentage,15,26.55,2026-01-17,2026-02-02
CPN0000885,RID0005837,RAINY10,Monsoon special,percentage,10,25.83,2025-12-24,2026-01-13
CPN0000886,RID0005840,LOYAL30,Loyalty reward,flat,30,20.93,2026-03-08,2026-03-26
CPN0000887,RID0005843,FIRST20,First ride discount,percentage,20,19.66,2025-08-28,2025-09-20
CPN0000888,RID0005846,FIRST20,First ride discount,percentage,20,21.75,2026-05-02,2026-05-23
CPN0000889,RID0005847,LOYAL30,Loyalty reward,flat,30,30.0,2025-09-02,2025-09-18
CPN0000890,RID0005857,WELCOME50,New user welcome offer,flat,50,50.0,2026-01-14,2026-02-05
CPN0000891,RID0005859,WEEKEND15,Weekend ride offer,percentage,15,11.78,2024-09-21,2024-10-23
CPN0000892,RID0005868,LOYAL30,Loyalty reward,flat,30,23.76,2025-07-03,2025-08-02
CPN0000893,RID0005869,WEEKEND15,Weekend ride offer,percentage,15,10.12,2026-07-12,2026-07-23
CPN0000894,RID0005874,FIRST20,First ride discount,percentage,20,104.34,2025-06-19,2025-07-22
CPN0000895,RID0005886,RAINY10,Monsoon special,percentage,10,10.84,2025-06-22,2025-07-13
CPN0000896,RID0005901,FIRST20,First ride discount,percentage,20,24.44,2024-05-18,2024-06-13
CPN0000897,RID0005902,FEST100,Festive season offer,flat,100,22.0,2026-01-11,2026-02-05
CPN0000898,RID0005911,FEST100,Festive season offer,flat,100,59.24,2025-06-21,2025-07-10
CPN0000899,RID0005912,RAINY10,Monsoon special,percentage,10,2.02,2024-05-03,2024-05-31
CPN0000900,RID0005914,LOYAL30,Loyalty reward,flat,30,30.0,2024-09-21,2024-10-11
CPN0000901,RID0005917,WEEKEND15,Weekend ride offer,percentage,15,4.49,2025-04-14,2025-05-17
CPN0000902,RID0005921,LOYAL30,Loyalty reward,flat,30,30.0,2026-04-12,2026-05-12
CPN0000903,RID0005938,RAINY10,Monsoon special,percentage,10,4.46,2024-01-23,2024-02-14
CPN0000904,RID0005939,RAINY10,Monsoon special,percentage,10,8.95,2025-06-29,2025-07-28
CPN0000905,RID0005943,FEST100,Festive season offer,flat,100,47.16,2025-04-19,2025-05-04
CPN0000906,RID0005966,FIRST20,First ride discount,percentage,20,21.17,2024-06-28,2024-07-13
CPN0000907,RID0005968,RAINY10,Monsoon special,percentage,10,5.13,2024-04-09,2024-04-28
CPN0000908,RID0005969,WEEKEND15,Weekend ride offer,percentage,15,31.54,2025-06-22,2025-07-07
CPN0000909,RID0005975,WELCOME50,New user welcome offer,flat,50,21.24,2024-06-16,2024-07-19
CPN0000910,RID0005979,WEEKEND15,Weekend ride offer,percentage,15,8.28,2024-09-04,2024-10-02
CPN0000911,RID0005989,WEEKEND15,Weekend ride offer,percentage,15,8.53,2025-01-13,2025-02-13
CPN0000912,RID0006012,WELCOME50,New user welcome offer,flat,50,36.1,2026-02-06,2026-02-23
CPN0000913,RID0006016,FIRST20,First ride discount,percentage,20,14.26,2026-06-30,2026-07-24
CPN0000914,RID0006020,LOYAL30,Loyalty reward,flat,30,30.0,2025-01-15,2025-02-08
CPN0000915,RID0006025,WELCOME50,New user welcome offer,flat,50,39.03,2024-01-19,2024-02-05
CPN0000916,RID0006029,WELCOME50,New user welcome offer,flat,50,50.0,2024-03-12,2024-04-06
CPN0000917,RID0006057,LOYAL30,Loyalty reward,flat,30,13.8,2025-03-14,2025-03-31
CPN0000918,RID0006059,WEEKEND15,Weekend ride offer,percentage,15,9.94,2025-09-17,2025-10-12
CPN0000919,RID0006061,FEST100,Festive season offer,flat,100,75.42,2025-07-23,2025-08-21
CPN0000920,RID0006062,FEST100,Festive season offer,flat,100,20.31,2025-01-11,2025-02-08
CPN0000921,RID0006066,FIRST20,First ride discount,percentage,20,9.39,2024-06-17,2024-07-15
CPN0000922,RID0006070,FEST100,Festive season offer,flat,100,48.74,2025-12-23,2026-01-26
CPN0000923,RID0006080,RAINY10,Monsoon special,percentage,10,10.87,2024-03-19,2024-04-15
CPN0000924,RID0006083,FEST100,Festive season offer,flat,100,16.65,2024-11-15,2024-12-03
CPN0000925,RID0006092,FIRST20,First ride discount,percentage,20,13.03,2025-12-07,2025-12-25
CPN0000926,RID0006102,WELCOME50,New user welcome offer,flat,50,39.33,2024-06-25,2024-07-21
CPN0000927,RID0006103,FEST100,Festive season offer,flat,100,45.36,2025-06-20,2025-07-16
CPN0000928,RID0006104,FIRST20,First ride discount,percentage,20,31.28,2025-02-10,2025-03-15
CPN0000929,RID0006112,FIRST20,First ride discount,percentage,20,16.12,2024-03-04,2024-04-01
CPN0000930,RID0006115,FEST100,Festive season offer,flat,100,44.34,2024-09-14,2024-10-13
CPN0000931,RID0006126,FEST100,Festive season offer,flat,100,63.81,2025-03-20,2025-04-21
CPN0000932,RID0006145,FIRST20,First ride discount,percentage,20,33.26,2025-10-04,2025-10-31
CPN0000933,RID0006146,WEEKEND15,Weekend ride offer,percentage,15,15.81,2025-03-27,2025-04-27
CPN0000934,RID0006156,WELCOME50,New user welcome offer,flat,50,36.87,2026-05-26,2026-06-09
CPN0000935,RID0006159,RAINY10,Monsoon special,percentage,10,11.28,2025-01-23,2025-02-19
CPN0000936,RID0006160,FIRST20,First ride discount,percentage,20,22.82,2025-09-04,2025-09-28
CPN0000937,RID0006165,RAINY10,Monsoon special,percentage,10,3.46,2024-07-02,2024-07-21
CPN0000938,RID0006183,WELCOME50,New user welcome offer,flat,50,20.75,2026-02-26,2026-03-31
CPN0000939,RID0006188,WELCOME50,New user welcome offer,flat,50,15.87,2024-10-28,2024-11-27
CPN0000940,RID0006190,WELCOME50,New user welcome offer,flat,50,23.34,2026-05-31,2026-06-28
CPN0000941,RID0006191,WELCOME50,New user welcome offer,flat,50,27.84,2025-03-31,2025-04-20
CPN0000942,RID0006199,LOYAL30,Loyalty reward,flat,30,30.0,2025-07-28,2025-08-24
CPN0000943,RID0006202,FIRST20,First ride discount,percentage,20,15.94,2024-11-02,2024-11-27
CPN0000944,RID0006215,WELCOME50,New user welcome offer,flat,50,47.62,2024-06-03,2024-07-11
CPN0000945,RID0006216,RAINY10,Monsoon special,percentage,10,2.43,2026-03-01,2026-03-27
CPN0000946,RID0006217,FIRST20,First ride discount,percentage,20,41.37,2024-09-14,2024-10-04
CPN0000947,RID0006220,WELCOME50,New user welcome offer,flat,50,20.1,2024-08-24,2024-09-17
CPN0000948,RID0006223,RAINY10,Monsoon special,percentage,10,5.26,2025-12-12,2025-12-29
CPN0000949,RID0006224,FIRST20,First ride discount,percentage,20,8.95,2025-08-25,2025-09-28
CPN0000950,RID0006234,LOYAL30,Loyalty reward,flat,30,30.0,2024-03-04,2024-03-27
CPN0000951,RID0006261,WELCOME50,New user welcome offer,flat,50,21.55,2025-09-29,2025-10-26
CPN0000952,RID0006263,WEEKEND15,Weekend ride offer,percentage,15,7.55,2024-03-11,2024-03-28
CPN0000953,RID0006274,RAINY10,Monsoon special,percentage,10,6.83,2025-09-17,2025-10-09
CPN0000954,RID0006278,FIRST20,First ride discount,percentage,20,29.81,2024-09-26,2024-10-15
CPN0000955,RID0006280,WEEKEND15,Weekend ride offer,percentage,15,5.16,2025-06-27,2025-07-19
CPN0000956,RID0006288,LOYAL30,Loyalty reward,flat,30,15.62,2026-05-01,2026-05-24
CPN0000957,RID0006291,RAINY10,Monsoon special,percentage,10,26.53,2025-01-25,2025-02-27
CPN0000958,RID0006295,LOYAL30,Loyalty reward,flat,30,30.0,2025-06-08,2025-06-23
CPN0000959,RID0006311,LOYAL30,Loyalty reward,flat,30,30.0,2024-09-11,2024-10-01
CPN0000960,RID0006312,LOYAL30,Loyalty reward,flat,30,26.88,2025-12-22,2026-01-23
CPN0000961,RID0006325,RAINY10,Monsoon special,percentage,10,26.37,2025-04-16,2025-05-03
CPN0000962,RID0006326,RAINY10,Monsoon special,percentage,10,2.98,2026-06-23,2026-07-17
CPN0000963,RID0006330,FIRST20,First ride discount,percentage,20,18.1,2024-01-06,2024-02-01
CPN0000964,RID0006332,WEEKEND15,Weekend ride offer,percentage,15,6.26,2026-04-18,2026-05-21
CPN0000965,RID0006335,RAINY10,Monsoon special,percentage,10,9.3,2025-11-13,2025-12-14
CPN0000966,RID0006341,RAINY10,Monsoon special,percentage,10,7.75,2024-10-20,2024-11-17
CPN0000967,RID0006342,WEEKEND15,Weekend ride offer,percentage,15,24.95,2024-03-31,2024-04-20
CPN0000968,RID0006344,WEEKEND15,Weekend ride offer,percentage,15,16.6,2025-01-19,2025-02-12
CPN0000969,RID0006350,WEEKEND15,Weekend ride offer,percentage,15,14.71,2025-10-24,2025-11-22
CPN0000970,RID0006354,WELCOME50,New user welcome offer,flat,50,13.86,2025-10-02,2025-10-29
CPN0000971,RID0006359,WELCOME50,New user welcome offer,flat,50,18.37,2025-01-03,2025-01-21
CPN0000972,RID0006361,FEST100,Festive season offer,flat,100,61.74,2024-11-08,2024-12-04
CPN0000973,RID0006362,LOYAL30,Loyalty reward,flat,30,19.95,2025-11-27,2025-12-12
CPN0000974,RID0006363,WEEKEND15,Weekend ride offer,percentage,15,5.53,2024-10-31,2024-11-28
CPN0000975,RID0006366,WEEKEND15,Weekend ride offer,percentage,15,20.54,2024-01-15,2024-02-09
CPN0000976,RID0006373,WELCOME50,New user welcome offer,flat,50,41.83,2026-02-14,2026-03-13
CPN0000977,RID0006374,FEST100,Festive season offer,flat,100,64.28,2025-10-19,2025-11-27
CPN0000978,RID0006378,FIRST20,First ride discount,percentage,20,17.5,2026-03-15,2026-04-11
CPN0000979,RID0006379,LOYAL30,Loyalty reward,flat,30,30.0,2025-09-24,2025-10-11
CPN0000980,RID0006382,WEEKEND15,Weekend ride offer,percentage,15,34.14,2025-12-27,2026-02-02
CPN0000981,RID0006388,RAINY10,Monsoon special,percentage,10,10.45,2026-06-20,2026-07-19
CPN0000982,RID0006399,LOYAL30,Loyalty reward,flat,30,30.0,2026-05-24,2026-07-01
CPN0000983,RID0006403,FIRST20,First ride discount,percentage,20,12.3,2025-09-24,2025-10-23
CPN0000984,RID0006404,LOYAL30,Loyalty reward,flat,30,30.0,2026-05-21,2026-06-15
CPN0000985,RID0006412,WEEKEND15,Weekend ride offer,percentage,15,10.74,2026-02-05,2026-03-02
CPN0000986,RID0006417,FIRST20,First ride discount,percentage,20,59.18,2025-08-20,2025-09-09
CPN0000987,RID0006421,FEST100,Festive season offer,flat,100,58.89,2026-06-23,2026-07-19
CPN0000988,RID0006423,WEEKEND15,Weekend ride offer,percentage,15,15.52,2026-02-06,2026-02-24
CPN0000989,RID0006427,RAINY10,Monsoon special,percentage,10,7.39,2024-04-09,2024-05-04
CPN0000990,RID0006439,FEST100,Festive season offer,flat,100,44.34,2025-10-19,2025-11-11
CPN0000991,RID0006440,RAINY10,Monsoon special,percentage,10,3.59,2025-05-13,2025-06-19
CPN0000992,RID0006441,WEEKEND15,Weekend ride offer,percentage,15,28.48,2026-03-06,2026-04-14
CPN0000993,RID0006446,WELCOME50,New user welcome offer,flat,50,14.94,2025-04-27,2025-05-22
CPN0000994,RID0006453,FEST100,Festive season offer,flat,100,27.36,2025-02-16,2025-03-22
CPN0000995,RID0006455,FIRST20,First ride discount,percentage,20,10.25,2024-10-27,2024-11-17
CPN0000996,RID0006457,WELCOME50,New user welcome offer,flat,50,50.0,2025-04-15,2025-05-15
CPN0000997,RID0006460,FEST100,Festive season offer,flat,100,21.03,2025-12-04,2025-12-22
CPN0000998,RID0006469,FIRST20,First ride discount,percentage,20,32.0,2025-03-09,2025-04-13
CPN0000999,RID0006474,WEEKEND15,Weekend ride offer,percentage,15,14.53,2025-01-23,2025-02-26
CPN0001000,RID0006476,WELCOME50,New user welcome offer,flat,50,34.26,2026-05-11,2026-06-07
CPN0001001,RID0006490,WELCOME50,New user welcome offer,flat,50,19.8,2025-07-09,2025-07-24
CPN0001002,RID0006501,WELCOME50,New user welcome offer,flat,50,18.78,2024-06-29,2024-07-27
CPN0001003,RID0006516,WEEKEND15,Weekend ride offer,percentage,15,11.88,2025-06-20,2025-07-18
CPN0001004,RID0006518,RAINY10,Monsoon special,percentage,10,7.22,2026-07-04,2026-07-18
CPN0001005,RID0006524,FEST100,Festive season offer,flat,100,18.61,2024-12-14,2025-01-12
CPN0001006,RID0006525,FEST100,Festive season offer,flat,100,41.1,2024-05-30,2024-06-21
CPN0001007,RID0006532,FIRST20,First ride discount,percentage,20,8.52,2024-05-24,2024-06-23
CPN0001008,RID0006547,LOYAL30,Loyalty reward,flat,30,30.0,2024-05-27,2024-06-10
CPN0001009,RID0006562,FIRST20,First ride discount,percentage,20,6.35,2025-03-16,2025-04-01
CPN0001010,RID0006565,WEEKEND15,Weekend ride offer,percentage,15,21.51,2024-03-04,2024-04-04
CPN0001011,RID0006567,WELCOME50,New user welcome offer,flat,50,50.0,2024-07-23,2024-08-21
CPN0001012,RID0006581,FIRST20,First ride discount,percentage,20,10.62,2024-04-05,2024-05-02
CPN0001013,RID0006582,WELCOME50,New user welcome offer,flat,50,50.0,2024-01-18,2024-02-12
CPN0001014,RID0006583,LOYAL30,Loyalty reward,flat,30,30.0,2024-12-16,2025-01-18
CPN0001015,RID0006597,WELCOME50,New user welcome offer,flat,50,50.0,2025-07-27,2025-08-14
CPN0001016,RID0006605,FEST100,Festive season offer,flat,100,26.31,2026-03-23,2026-04-25
CPN0001017,RID0006619,LOYAL30,Loyalty reward,flat,30,30.0,2024-04-25,2024-05-18
CPN0001018,RID0006622,WELCOME50,New user welcome offer,flat,50,24.61,2024-05-26,2024-06-21
CPN0001019,RID0006625,WELCOME50,New user welcome offer,flat,50,15.96,2024-12-03,2025-01-04
CPN0001020,RID0006630,WEEKEND15,Weekend ride offer,percentage,15,8.67,2024-04-30,2024-05-29
CPN0001021,RID0006632,FIRST20,First ride discount,percentage,20,11.78,2026-01-21,2026-02-18
CPN0001022,RID0006637,LOYAL30,Loyalty reward,flat,30,15.75,2026-05-19,2026-06-25
CPN0001023,RID0006642,WEEKEND15,Weekend ride offer,percentage,15,9.73,2025-09-03,2025-09-30
CPN0001024,RID0006645,WEEKEND15,Weekend ride offer,percentage,15,9.15,2025-07-13,2025-08-02
CPN0001025,RID0006648,RAINY10,Monsoon special,percentage,10,19.05,2026-06-12,2026-07-04
CPN0001026,RID0006650,RAINY10,Monsoon special,percentage,10,10.41,2024-03-28,2024-05-05
CPN0001027,RID0006660,LOYAL30,Loyalty reward,flat,30,30.0,2025-02-01,2025-02-23
CPN0001028,RID0006670,LOYAL30,Loyalty reward,flat,30,30.0,2026-02-14,2026-03-06
CPN0001029,RID0006678,FIRST20,First ride discount,percentage,20,48.23,2024-03-17,2024-04-07
CPN0001030,RID0006684,WEEKEND15,Weekend ride offer,percentage,15,17.73,2026-03-21,2026-04-16
CPN0001031,RID0006685,FIRST20,First ride discount,percentage,20,56.3,2025-03-21,2025-04-14
CPN0001032,RID0006687,LOYAL30,Loyalty reward,flat,30,30.0,2024-10-26,2024-11-26
CPN0001033,RID0006690,RAINY10,Monsoon special,percentage,10,3.71,2026-05-17,2026-06-14
CPN0001034,RID0006704,FIRST20,First ride discount,percentage,20,7.92,2024-08-31,2024-09-15
CPN0001035,RID0006705,FIRST20,First ride discount,percentage,20,8.95,2026-06-16,2026-07-23
CPN0001036,RID0006706,WELCOME50,New user welcome offer,flat,50,25.62,2024-09-01,2024-10-06
CPN0001037,RID0006711,LOYAL30,Loyalty reward,flat,30,30.0,2024-03-23,2024-04-26
CPN0001038,RID0006717,LOYAL30,Loyalty reward,flat,30,30.0,2024-06-01,2024-06-21
CPN0001039,RID0006720,FEST100,Festive season offer,flat,100,56.45,2026-01-19,2026-02-09
CPN0001040,RID0006726,FIRST20,First ride discount,percentage,20,7.54,2023-12-22,2024-01-20
CPN0001041,RID0006731,WEEKEND15,Weekend ride offer,percentage,15,11.5,2025-01-11,2025-02-07
CPN0001042,RID0006734,FIRST20,First ride discount,percentage,20,6.84,2025-11-24,2025-12-23
CPN0001043,RID0006741,RAINY10,Monsoon special,percentage,10,10.87,2025-05-25,2025-07-01
CPN0001044,RID0006764,WEEKEND15,Weekend ride offer,percentage,15,18.68,2024-11-04,2024-12-02
CPN0001045,RID0006767,LOYAL30,Loyalty reward,flat,30,22.5,2024-03-02,2024-04-07
CPN0001046,RID0006770,LOYAL30,Loyalty reward,flat,30,30.0,2024-12-20,2025-01-09
CPN0001047,RID0006772,RAINY10,Monsoon special,percentage,10,14.13,2024-04-16,2024-05-07
CPN0001048,RID0006791,WEEKEND15,Weekend ride offer,percentage,15,15.61,2025-12-17,2026-01-07
CPN0001049,RID0006796,RAINY10,Monsoon special,percentage,10,9.31,2024-04-20,2024-05-07
CPN0001050,RID0006797,LOYAL30,Loyalty reward,flat,30,30.0,2026-01-06,2026-02-04
CPN0001051,RID0006798,WELCOME50,New user welcome offer,flat,50,42.96,2026-05-17,2026-06-09
CPN0001052,RID0006804,WEEKEND15,Weekend ride offer,percentage,15,12.25,2026-01-04,2026-01-31
CPN0001053,RID0006828,FIRST20,First ride discount,percentage,20,14.4,2024-12-21,2025-01-30
CPN0001054,RID0006841,WEEKEND15,Weekend ride offer,percentage,15,11.86,2026-02-10,2026-03-17
CPN0001055,RID0006847,WELCOME50,New user welcome offer,flat,50,50.0,2024-06-09,2024-06-30
CPN0001056,RID0006850,FEST100,Festive season offer,flat,100,33.4,2025-06-25,2025-07-17
CPN0001057,RID0006860,LOYAL30,Loyalty reward,flat,30,30.0,2026-05-04,2026-05-14
CPN0001058,RID0006886,LOYAL30,Loyalty reward,flat,30,30.0,2025-04-22,2025-05-18
CPN0001059,RID0006889,RAINY10,Monsoon special,percentage,10,4.62,2025-01-03,2025-02-04
CPN0001060,RID0006902,LOYAL30,Loyalty reward,flat,30,30.0,2026-06-11,2026-07-13
CPN0001061,RID0006924,FIRST20,First ride discount,percentage,20,6.28,2024-04-06,2024-04-22
CPN0001062,RID0006928,FEST100,Festive season offer,flat,100,83.25,2026-02-17,2026-03-07
CPN0001063,RID0006929,FIRST20,First ride discount,percentage,20,84.2,2024-07-04,2024-07-29
CPN0001064,RID0006932,FEST100,Festive season offer,flat,100,26.7,2025-12-19,2026-01-26
CPN0001065,RID0006934,LOYAL30,Loyalty reward,flat,30,30.0,2025-03-04,2025-04-06
CPN0001066,RID0006936,WELCOME50,New user welcome offer,flat,50,42.06,2025-02-26,2025-03-12
CPN0001067,RID0006943,FIRST20,First ride discount,percentage,20,37.97,2024-12-17,2025-01-16
CPN0001068,RID0006970,FIRST20,First ride discount,percentage,20,9.36,2024-09-02,2024-09-28
CPN0001069,RID0006973,RAINY10,Monsoon special,percentage,10,9.13,2025-11-07,2025-11-28
CPN0001070,RID0006977,FEST100,Festive season offer,flat,100,53.07,2024-01-25,2024-02-22
CPN0001071,RID0006979,FEST100,Festive season offer,flat,100,37.36,2024-05-03,2024-06-01
CPN0001072,RID0006982,FIRST20,First ride discount,percentage,20,3.96,2025-02-15,2025-03-09
CPN0001073,RID0006983,RAINY10,Monsoon special,percentage,10,9.71,2026-06-13,2026-07-05
CPN0001074,RID0006984,LOYAL30,Loyalty reward,flat,30,30.0,2026-01-12,2026-02-13
CPN0001075,RID0006985,WELCOME50,New user welcome offer,flat,50,50.0,2024-12-04,2025-01-05
CPN0001076,RID0006991,FEST100,Festive season offer,flat,100,33.81,2025-04-01,2025-04-26
CPN0001077,RID0006999,FEST100,Festive season offer,flat,100,21.61,2025-08-14,2025-09-17
CPN0001078,RID0007001,FEST100,Festive season offer,flat,100,29.78,2025-02-05,2025-03-01
CPN0001079,RID0007007,WELCOME50,New user welcome offer,flat,50,50.0,2026-01-14,2026-02-15
CPN0001080,RID0007015,FEST100,Festive season offer,flat,100,61.2,2025-12-12,2026-01-17
CPN0001081,RID0007027,WELCOME50,New user welcome offer,flat,50,44.64,2024-01-14,2024-02-13
CPN0001082,RID0007029,LOYAL30,Loyalty reward,flat,30,15.09,2025-04-24,2025-05-27
CPN0001083,RID0007038,FEST100,Festive season offer,flat,100,36.62,2025-11-16,2025-12-02
CPN0001084,RID0007043,WEEKEND15,Weekend ride offer,percentage,15,11.74,2026-03-05,2026-03-24
CPN0001085,RID0007057,FIRST20,First ride discount,percentage,20,9.08,2024-02-11,2024-03-04
CPN0001086,RID0007062,LOYAL30,Loyalty reward,flat,30,30.0,2025-08-06,2025-08-24
CPN0001087,RID0007065,FIRST20,First ride discount,percentage,20,25.37,2024-11-28,2024-12-30
CPN0001088,RID0007077,WEEKEND15,Weekend ride offer,percentage,15,15.96,2025-06-06,2025-06-27
CPN0001089,RID0007096,LOYAL30,Loyalty reward,flat,30,30.0,2024-11-03,2024-11-29
CPN0001090,RID0007098,RAINY10,Monsoon special,percentage,10,12.79,2024-09-14,2024-10-08
CPN0001091,RID0007100,FIRST20,First ride discount,percentage,20,19.26,2026-06-27,2026-07-21
CPN0001092,RID0007103,RAINY10,Monsoon special,percentage,10,10.32,2025-06-21,2025-07-09
CPN0001093,RID0007105,LOYAL30,Loyalty reward,flat,30,30.0,2024-03-21,2024-04-07
CPN0001094,RID0007110,FEST100,Festive season offer,flat,100,28.68,2025-05-23,2025-06-23
CPN0001095,RID0007112,WEEKEND15,Weekend ride offer,percentage,15,19.75,2025-09-10,2025-10-15
CPN0001096,RID0007123,RAINY10,Monsoon special,percentage,10,12.36,2024-09-10,2024-10-03
CPN0001097,RID0007136,FEST100,Festive season offer,flat,100,37.48,2024-12-17,2025-01-01
CPN0001098,RID0007159,WELCOME50,New user welcome offer,flat,50,16.75,2026-01-10,2026-02-04
CPN0001099,RID0007168,FIRST20,First ride discount,percentage,20,5.38,2024-07-27,2024-08-12
CPN0001100,RID0007178,RAINY10,Monsoon special,percentage,10,5.66,2024-12-06,2024-12-30
CPN0001101,RID0007179,WEEKEND15,Weekend ride offer,percentage,15,11.19,2024-05-17,2024-06-21
CPN0001102,RID0007191,WELCOME50,New user welcome offer,flat,50,22.47,2024-10-25,2024-11-19
CPN0001103,RID0007195,LOYAL30,Loyalty reward,flat,30,30.0,2024-04-05,2024-05-09
CPN0001104,RID0007205,LOYAL30,Loyalty reward,flat,30,30.0,2025-02-25,2025-03-18
CPN0001105,RID0007211,WELCOME50,New user welcome offer,flat,50,45.78,2025-03-31,2025-04-22
CPN0001106,RID0007212,FIRST20,First ride discount,percentage,20,9.94,2025-10-01,2025-10-25
CPN0001107,RID0007217,WEEKEND15,Weekend ride offer,percentage,15,11.61,2024-09-11,2024-10-08
CPN0001108,RID0007218,FIRST20,First ride discount,percentage,20,9.96,2025-08-09,2025-09-06
CPN0001109,RID0007238,RAINY10,Monsoon special,percentage,10,3.62,2026-04-03,2026-05-02
CPN0001110,RID0007240,LOYAL30,Loyalty reward,flat,30,30.0,2026-06-21,2026-07-12
CPN0001111,RID0007250,LOYAL30,Loyalty reward,flat,30,20.97,2025-01-21,2025-02-11
CPN0001112,RID0007258,LOYAL30,Loyalty reward,flat,30,26.61,2025-06-04,2025-07-08
CPN0001113,RID0007274,FEST100,Festive season offer,flat,100,54.36,2026-04-27,2026-05-24
CPN0001114,RID0007287,FEST100,Festive season offer,flat,100,36.59,2024-11-11,2024-11-26
CPN0001115,RID0007301,WEEKEND15,Weekend ride offer,percentage,15,12.18,2024-08-11,2024-09-09
CPN0001116,RID0007313,WELCOME50,New user welcome offer,flat,50,44.22,2024-01-26,2024-02-12
CPN0001117,RID0007316,FEST100,Festive season offer,flat,100,19.73,2025-06-17,2025-07-18
CPN0001118,RID0007317,FIRST20,First ride discount,percentage,20,9.58,2026-03-07,2026-04-09
CPN0001119,RID0007319,LOYAL30,Loyalty reward,flat,30,30.0,2025-05-27,2025-06-14
CPN0001120,RID0007324,LOYAL30,Loyalty reward,flat,30,30.0,2024-04-15,2024-05-08
CPN0001121,RID0007329,LOYAL30,Loyalty reward,flat,30,30.0,2026-04-15,2026-05-13
CPN0001122,RID0007339,RAINY10,Monsoon special,percentage,10,10.76,2024-01-07,2024-02-07
CPN0001123,RID0007351,LOYAL30,Loyalty reward,flat,30,30.0,2024-10-22,2024-11-11
CPN0001124,RID0007352,RAINY10,Monsoon special,percentage,10,7.88,2024-04-30,2024-05-30
CPN0001125,RID0007354,LOYAL30,Loyalty reward,flat,30,30.0,2025-07-13,2025-07-31
CPN0001126,RID0007355,LOYAL30,Loyalty reward,flat,30,30.0,2025-07-28,2025-08-13
CPN0001127,RID0007361,FIRST20,First ride discount,percentage,20,20.89,2024-05-17,2024-06-06
CPN0001128,RID0007371,WELCOME50,New user welcome offer,flat,50,12.69,2026-03-20,2026-04-13
CPN0001129,RID0007373,RAINY10,Monsoon special,percentage,10,16.04,2024-04-09,2024-05-12
CPN0001130,RID0007388,RAINY10,Monsoon special,percentage,10,31.1,2024-12-05,2024-12-29
CPN0001131,RID0007391,WEEKEND15,Weekend ride offer,percentage,15,10.4,2025-09-14,2025-09-27
CPN0001132,RID0007398,RAINY10,Monsoon special,percentage,10,8.84,2024-10-12,2024-11-02
CPN0001133,RID0007402,WELCOME50,New user welcome offer,flat,50,35.59,2025-11-24,2025-12-25
CPN0001134,RID0007406,LOYAL30,Loyalty reward,flat,30,12.54,2025-02-16,2025-03-09
CPN0001135,RID0007416,FIRST20,First ride discount,percentage,20,15.44,2024-03-30,2024-04-17
CPN0001136,RID0007417,WEEKEND15,Weekend ride offer,percentage,15,24.73,2025-06-07,2025-07-03
CPN0001137,RID0007423,FEST100,Festive season offer,flat,100,14.55,2026-02-21,2026-03-12
CPN0001138,RID0007432,LOYAL30,Loyalty reward,flat,30,30.0,2026-06-16,2026-07-15
CPN0001139,RID0007444,RAINY10,Monsoon special,percentage,10,15.03,2025-06-12,2025-06-26
CPN0001140,RID0007460,WEEKEND15,Weekend ride offer,percentage,15,16.43,2025-01-19,2025-02-01
CPN0001141,RID0007462,RAINY10,Monsoon special,percentage,10,3.34,2024-03-23,2024-04-23
CPN0001142,RID0007466,LOYAL30,Loyalty reward,flat,30,30.0,2025-05-18,2025-06-12
CPN0001143,RID0007469,WELCOME50,New user welcome offer,flat,50,50.0,2025-07-13,2025-08-12
CPN0001144,RID0007470,LOYAL30,Loyalty reward,flat,30,30.0,2025-09-22,2025-10-16
CPN0001145,RID0007471,FEST100,Festive season offer,flat,100,40.69,2025-09-10,2025-10-02
CPN0001146,RID0007474,RAINY10,Monsoon special,percentage,10,17.1,2024-04-15,2024-05-14
CPN0001147,RID0007478,LOYAL30,Loyalty reward,flat,30,30.0,2026-03-02,2026-04-05
CPN0001148,RID0007484,WEEKEND15,Weekend ride offer,percentage,15,11.85,2024-06-13,2024-07-04
CPN0001149,RID0007494,FIRST20,First ride discount,percentage,20,26.53,2024-10-27,2024-11-13
CPN0001150,RID0007516,WELCOME50,New user welcome offer,flat,50,50.0,2024-02-10,2024-03-03
CPN0001151,RID0007532,FIRST20,First ride discount,percentage,20,13.36,2024-05-24,2024-06-24
CPN0001152,RID0007544,FIRST20,First ride discount,percentage,20,26.09,2024-04-03,2024-05-02
CPN0001153,RID0007546,RAINY10,Monsoon special,percentage,10,16.2,2026-02-08,2026-02-23
CPN0001154,RID0007551,FEST100,Festive season offer,flat,100,61.8,2024-06-19,2024-06-30
CPN0001155,RID0007552,FIRST20,First ride discount,percentage,20,44.88,2025-10-03,2025-10-23
CPN0001156,RID0007568,WEEKEND15,Weekend ride offer,percentage,15,21.81,2024-10-25,2024-11-17
CPN0001157,RID0007575,WEEKEND15,Weekend ride offer,percentage,15,16.61,2024-11-17,2024-12-12
CPN0001158,RID0007578,WEEKEND15,Weekend ride offer,percentage,15,8.83,2024-04-17,2024-05-22
CPN0001159,RID0007586,WEEKEND15,Weekend ride offer,percentage,15,12.8,2024-10-23,2024-11-23
CPN0001160,RID0007594,FEST100,Festive season offer,flat,100,53.63,2025-04-06,2025-05-01
CPN0001161,RID0007602,FEST100,Festive season offer,flat,100,64.2,2025-02-28,2025-03-15
CPN0001162,RID0007612,WELCOME50,New user welcome offer,flat,50,20.28,2025-02-06,2025-03-02
CPN0001163,RID0007637,RAINY10,Monsoon special,percentage,10,8.39,2024-02-17,2024-03-10
CPN0001164,RID0007641,WEEKEND15,Weekend ride offer,percentage,15,24.78,2026-03-13,2026-04-04
CPN0001165,RID0007643,RAINY10,Monsoon special,percentage,10,4.43,2025-12-12,2026-01-19
CPN0001166,RID0007656,FIRST20,First ride discount,percentage,20,5.1,2025-12-07,2025-12-27
CPN0001167,RID0007668,FEST100,Festive season offer,flat,100,63.45,2025-06-25,2025-07-26
CPN0001168,RID0007671,WEEKEND15,Weekend ride offer,percentage,15,13.96,2024-01-29,2024-02-27
CPN0001169,RID0007675,FIRST20,First ride discount,percentage,20,33.46,2026-06-26,2026-07-24
CPN0001170,RID0007678,FIRST20,First ride discount,percentage,20,8.98,2024-08-05,2024-08-23
CPN0001171,RID0007693,LOYAL30,Loyalty reward,flat,30,30.0,2026-02-23,2026-03-28
CPN0001172,RID0007694,RAINY10,Monsoon special,percentage,10,5.84,2024-09-10,2024-10-12
CPN0001173,RID0007708,WEEKEND15,Weekend ride offer,percentage,15,12.5,2025-04-10,2025-05-02
CPN0001174,RID0007714,WELCOME50,New user welcome offer,flat,50,38.58,2024-03-19,2024-04-13
CPN0001175,RID0007715,RAINY10,Monsoon special,percentage,10,4.39,2024-05-11,2024-06-14
CPN0001176,RID0007718,LOYAL30,Loyalty reward,flat,30,30.0,2026-05-11,2026-06-04
CPN0001177,RID0007720,LOYAL30,Loyalty reward,flat,30,30.0,2025-02-24,2025-03-22
CPN0001178,RID0007723,FEST100,Festive season offer,flat,100,74.16,2024-09-22,2024-10-16
CPN0001179,RID0007727,FIRST20,First ride discount,percentage,20,9.41,2025-05-29,2025-07-05
CPN0001180,RID0007733,WEEKEND15,Weekend ride offer,percentage,15,7.66,2025-10-24,2025-11-12
CPN0001181,RID0007747,WELCOME50,New user welcome offer,flat,50,35.58,2024-02-11,2024-02-26
CPN0001182,RID0007751,FIRST20,First ride discount,percentage,20,21.26,2025-10-18,2025-11-22
CPN0001183,RID0007761,LOYAL30,Loyalty reward,flat,30,30.0,2024-06-09,2024-07-07
CPN0001184,RID0007765,LOYAL30,Loyalty reward,flat,30,30.0,2024-04-15,2024-05-10
CPN0001185,RID0007775,FIRST20,First ride discount,percentage,20,13.63,2025-04-14,2025-05-22
CPN0001186,RID0007783,LOYAL30,Loyalty reward,flat,30,30.0,2025-02-07,2025-03-05
CPN0001187,RID0007784,LOYAL30,Loyalty reward,flat,30,12.63,2025-02-08,2025-02-28
CPN0001188,RID0007794,FIRST20,First ride discount,percentage,20,9.05,2024-03-15,2024-03-25
CPN0001189,RID0007802,RAINY10,Monsoon special,percentage,10,8.27,2025-02-25,2025-03-17
CPN0001190,RID0007806,LOYAL30,Loyalty reward,flat,30,30.0,2025-03-23,2025-04-14
CPN0001191,RID0007810,RAINY10,Monsoon special,percentage,10,9.1,2025-09-07,2025-10-11
CPN0001192,RID0007826,WELCOME50,New user welcome offer,flat,50,50.0,2026-06-22,2026-07-21
CPN0001193,RID0007833,FIRST20,First ride discount,percentage,20,4.8,2025-04-30,2025-05-26
CPN0001194,RID0007841,WEEKEND15,Weekend ride offer,percentage,15,20.2,2024-11-19,2024-12-07
CPN0001195,RID0007849,FIRST20,First ride discount,percentage,20,51.75,2024-10-23,2024-11-07
CPN0001196,RID0007857,WELCOME50,New user welcome offer,flat,50,24.57,2024-06-08,2024-07-05
CPN0001197,RID0007862,LOYAL30,Loyalty reward,flat,30,30.0,2025-10-03,2025-10-27
CPN0001198,RID0007877,FIRST20,First ride discount,percentage,20,19.88,2024-02-08,2024-03-04
CPN0001199,RID0007932,FEST100,Festive season offer,flat,100,35.98,2024-12-04,2024-12-19
CPN0001200,RID0007933,FIRST20,First ride discount,percentage,20,18.06,2026-03-03,2026-03-29
CPN0001201,RID0007934,RAINY10,Monsoon special,percentage,10,5.04,2025-08-05,2025-08-29
CPN0001202,RID0007936,FEST100,Festive season offer,flat,100,61.71,2025-12-31,2026-01-24
CPN0001203,RID0007941,FEST100,Festive season offer,flat,100,17.82,2024-04-28,2024-06-05
CPN0001204,RID0007949,FIRST20,First ride discount,percentage,20,42.1,2025-05-13,2025-05-31
CPN0001205,RID0007958,FIRST20,First ride discount,percentage,20,5.44,2025-08-25,2025-09-08
CPN0001206,RID0007972,FEST100,Festive season offer,flat,100,38.07,2025-09-20,2025-10-18
CPN0001207,RID0007975,WELCOME50,New user welcome offer,flat,50,26.07,2024-05-18,2024-06-13
CPN0001208,RID0007978,WELCOME50,New user welcome offer,flat,50,13.08,2024-08-16,2024-09-11
CPN0001209,RID0007981,WELCOME50,New user welcome offer,flat,50,50.0,2024-10-25,2024-11-20
CPN0001210,RID0007985,WEEKEND15,Weekend ride offer,percentage,15,13.73,2024-06-27,2024-08-06
CPN0001211,RID0007990,FIRST20,First ride discount,percentage,20,17.3,2025-04-10,2025-05-06
CPN0001212,RID0008002,FIRST20,First ride discount,percentage,20,24.86,2025-06-29,2025-07-24
CPN0001213,RID0008017,FIRST20,First ride discount,percentage,20,50.85,2026-01-12,2026-01-30
CPN0001214,RID0008029,WELCOME50,New user welcome offer,flat,50,50.0,2024-02-07,2024-02-27
CPN0001215,RID0008030,FIRST20,First ride discount,percentage,20,6.18,2025-11-19,2025-12-11
CPN0001216,RID0008057,LOYAL30,Loyalty reward,flat,30,30.0,2026-04-19,2026-05-14
CPN0001217,RID0008060,LOYAL30,Loyalty reward,flat,30,30.0,2026-05-26,2026-06-08
CPN0001218,RID0008076,WELCOME50,New user welcome offer,flat,50,29.3,2025-09-09,2025-09-26
CPN0001219,RID0008079,WELCOME50,New user welcome offer,flat,50,48.7,2026-02-24,2026-03-21
CPN0001220,RID0008082,FIRST20,First ride discount,percentage,20,18.84,2025-08-21,2025-09-07
CPN0001221,RID0008090,FIRST20,First ride discount,percentage,20,4.88,2026-01-18,2026-02-06
CPN0001222,RID0008092,FIRST20,First ride discount,percentage,20,20.66,2024-07-04,2024-07-31
CPN0001223,RID0008101,WEEKEND15,Weekend ride offer,percentage,15,10.24,2024-08-31,2024-10-07
CPN0001224,RID0008120,WEEKEND15,Weekend ride offer,percentage,15,9.92,2024-10-16,2024-11-21
CPN0001225,RID0008121,FIRST20,First ride discount,percentage,20,30.85,2025-06-16,2025-07-19
CPN0001226,RID0008127,WEEKEND15,Weekend ride offer,percentage,15,14.17,2024-08-10,2024-09-05
CPN0001227,RID0008144,WEEKEND15,Weekend ride offer,percentage,15,12.98,2026-06-21,2026-07-15
CPN0001228,RID0008150,LOYAL30,Loyalty reward,flat,30,30.0,2025-06-12,2025-07-20
CPN0001229,RID0008151,FIRST20,First ride discount,percentage,20,36.74,2024-03-29,2024-04-30
CPN0001230,RID0008158,WELCOME50,New user welcome offer,flat,50,50.0,2025-09-18,2025-10-11
CPN0001231,RID0008165,LOYAL30,Loyalty reward,flat,30,30.0,2026-04-25,2026-05-11
CPN0001232,RID0008166,LOYAL30,Loyalty reward,flat,30,18.01,2025-05-28,2025-06-16
CPN0001233,RID0008168,WEEKEND15,Weekend ride offer,percentage,15,9.67,2024-01-15,2024-02-08
CPN0001234,RID0008171,WEEKEND15,Weekend ride offer,percentage,15,13.8,2025-01-10,2025-02-04
CPN0001235,RID0008178,FEST100,Festive season offer,flat,100,79.12,2024-05-11,2024-06-05
CPN0001236,RID0008181,RAINY10,Monsoon special,percentage,10,9.36,2025-09-20,2025-10-04
CPN0001237,RID0008201,RAINY10,Monsoon special,percentage,10,10.96,2024-12-24,2025-01-23
CPN0001238,RID0008203,LOYAL30,Loyalty reward,flat,30,30.0,2025-07-15,2025-07-31
CPN0001239,RID0008219,FIRST20,First ride discount,percentage,20,49.32,2026-06-03,2026-07-01
CPN0001240,RID0008227,WELCOME50,New user welcome offer,flat,50,45.54,2024-04-09,2024-05-17
CPN0001241,RID0008232,RAINY10,Monsoon special,percentage,10,2.51,2024-10-05,2024-10-31
CPN0001242,RID0008233,WELCOME50,New user welcome offer,flat,50,50.0,2026-01-10,2026-02-18
CPN0001243,RID0008235,LOYAL30,Loyalty reward,flat,30,30.0,2024-10-01,2024-10-28
CPN0001244,RID0008242,WEEKEND15,Weekend ride offer,percentage,15,15.16,2025-10-28,2025-11-14
CPN0001245,RID0008253,FEST100,Festive season offer,flat,100,50.91,2025-07-14,2025-08-04
CPN0001246,RID0008257,WEEKEND15,Weekend ride offer,percentage,15,38.34,2024-07-17,2024-07-31
CPN0001247,RID0008272,WELCOME50,New user welcome offer,flat,50,17.82,2026-02-19,2026-03-24
CPN0001248,RID0008273,RAINY10,Monsoon special,percentage,10,4.16,2026-02-09,2026-02-24
CPN0001249,RID0008275,RAINY10,Monsoon special,percentage,10,49.56,2024-09-27,2024-10-16
CPN0001250,RID0008276,WELCOME50,New user welcome offer,flat,50,29.22,2025-02-21,2025-03-25
CPN0001251,RID0008281,WELCOME50,New user welcome offer,flat,50,50.0,2024-02-23,2024-03-23
CPN0001252,RID0008288,LOYAL30,Loyalty reward,flat,30,30.0,2025-12-29,2026-01-30
CPN0001253,RID0008292,WELCOME50,New user welcome offer,flat,50,35.78,2024-07-03,2024-07-27
CPN0001254,RID0008294,WEEKEND15,Weekend ride offer,percentage,15,10.78,2024-01-01,2024-02-07
CPN0001255,RID0008299,LOYAL30,Loyalty reward,flat,30,29.17,2025-10-20,2025-11-12
CPN0001256,RID0008304,RAINY10,Monsoon special,percentage,10,12.25,2026-01-30,2026-03-05
CPN0001257,RID0008305,RAINY10,Monsoon special,percentage,10,4.0,2024-12-01,2024-12-17
CPN0001258,RID0008328,LOYAL30,Loyalty reward,flat,30,30.0,2024-04-06,2024-04-29
CPN0001259,RID0008330,FIRST20,First ride discount,percentage,20,25.06,2025-07-29,2025-08-20
CPN0001260,RID0008331,WEEKEND15,Weekend ride offer,percentage,15,10.34,2026-02-17,2026-03-06
CPN0001261,RID0008334,FIRST20,First ride discount,percentage,20,27.48,2025-08-08,2025-08-30
CPN0001262,RID0008341,WEEKEND15,Weekend ride offer,percentage,15,19.55,2025-04-03,2025-04-22
CPN0001263,RID0008354,WELCOME50,New user welcome offer,flat,50,50.0,2026-04-19,2026-05-13
CPN0001264,RID0008356,FIRST20,First ride discount,percentage,20,6.07,2026-03-03,2026-03-19
CPN0001265,RID0008360,FIRST20,First ride discount,percentage,20,43.24,2026-01-30,2026-02-26
CPN0001266,RID0008365,RAINY10,Monsoon special,percentage,10,4.16,2025-02-03,2025-02-20
CPN0001267,RID0008367,WELCOME50,New user welcome offer,flat,50,50.0,2024-04-26,2024-05-23
CPN0001268,RID0008369,RAINY10,Monsoon special,percentage,10,5.19,2025-06-24,2025-07-13
CPN0001269,RID0008375,FEST100,Festive season offer,flat,100,58.83,2024-09-27,2024-10-14
CPN0001270,RID0008379,FEST100,Festive season offer,flat,100,94.78,2025-11-02,2025-11-26
CPN0001271,RID0008391,FEST100,Festive season offer,flat,100,29.34,2026-01-18,2026-02-07
CPN0001272,RID0008400,FEST100,Festive season offer,flat,100,52.34,2024-05-10,2024-05-28
CPN0001273,RID0008404,RAINY10,Monsoon special,percentage,10,11.16,2026-04-24,2026-05-05
CPN0001274,RID0008405,FIRST20,First ride discount,percentage,20,42.8,2025-09-04,2025-09-20
CPN0001275,RID0008411,FIRST20,First ride discount,percentage,20,31.7,2026-05-17,2026-06-14
CPN0001276,RID0008415,LOYAL30,Loyalty reward,flat,30,10.92,2025-02-19,2025-03-18
CPN0001277,RID0008428,FIRST20,First ride discount,percentage,20,30.26,2024-08-20,2024-09-15
CPN0001278,RID0008430,LOYAL30,Loyalty reward,flat,30,30.0,2024-06-11,2024-07-17
CPN0001279,RID0008431,FIRST20,First ride discount,percentage,20,12.34,2025-12-03,2025-12-22
CPN0001280,RID0008438,WEEKEND15,Weekend ride offer,percentage,15,11.05,2025-07-14,2025-08-20
CPN0001281,RID0008441,FIRST20,First ride discount,percentage,20,16.32,2025-07-06,2025-08-02
CPN0001282,RID0008457,WELCOME50,New user welcome offer,flat,50,31.03,2026-02-02,2026-02-26
CPN0001283,RID0008458,FIRST20,First ride discount,percentage,20,78.19,2024-01-10,2024-02-08
CPN0001284,RID0008460,FIRST20,First ride discount,percentage,20,25.52,2024-10-08,2024-10-26
CPN0001285,RID0008461,WEEKEND15,Weekend ride offer,percentage,15,29.68,2025-08-23,2025-09-17
CPN0001286,RID0008462,FIRST20,First ride discount,percentage,20,27.42,2025-03-22,2025-04-18
CPN0001287,RID0008465,LOYAL30,Loyalty reward,flat,30,30.0,2025-04-07,2025-05-07
CPN0001288,RID0008466,WELCOME50,New user welcome offer,flat,50,42.74,2026-01-01,2026-01-25
CPN0001289,RID0008468,WELCOME50,New user welcome offer,flat,50,50.0,2025-11-17,2025-12-21
CPN0001290,RID0008470,RAINY10,Monsoon special,percentage,10,24.48,2025-12-21,2026-01-23
CPN0001291,RID0008476,WEEKEND15,Weekend ride offer,percentage,15,14.11,2024-10-09,2024-11-06
CPN0001292,RID0008477,FIRST20,First ride discount,percentage,20,20.78,2025-05-12,2025-05-30
CPN0001293,RID0008480,WELCOME50,New user welcome offer,flat,50,50.0,2024-08-11,2024-09-10
CPN0001294,RID0008484,LOYAL30,Loyalty reward,flat,30,30.0,2024-03-27,2024-04-26
CPN0001295,RID0008489,WELCOME50,New user welcome offer,flat,50,32.25,2026-05-08,2026-06-12
CPN0001296,RID0008499,LOYAL30,Loyalty reward,flat,30,30.0,2025-01-01,2025-02-03
CPN0001297,RID0008507,FEST100,Festive season offer,flat,100,46.2,2024-11-23,2024-12-22
CPN0001298,RID0008509,LOYAL30,Loyalty reward,flat,30,30.0,2025-08-18,2025-09-07
CPN0001299,RID0008520,RAINY10,Monsoon special,percentage,10,3.75,2024-04-21,2024-05-10
CPN0001300,RID0008535,LOYAL30,Loyalty reward,flat,30,30.0,2024-03-13,2024-04-17
CPN0001301,RID0008543,FIRST20,First ride discount,percentage,20,14.6,2025-03-27,2025-05-01
CPN0001302,RID0008548,WEEKEND15,Weekend ride offer,percentage,15,8.91,2025-02-23,2025-03-20
CPN0001303,RID0008568,FIRST20,First ride discount,percentage,20,10.53,2025-02-26,2025-04-02
CPN0001304,RID0008571,WEEKEND15,Weekend ride offer,percentage,15,18.11,2024-12-05,2025-01-02
CPN0001305,RID0008578,FIRST20,First ride discount,percentage,20,11.77,2024-01-22,2024-02-20
CPN0001306,RID0008581,FEST100,Festive season offer,flat,100,46.26,2024-05-08,2024-06-04
CPN0001307,RID0008587,RAINY10,Monsoon special,percentage,10,3.91,2025-04-27,2025-05-31
CPN0001308,RID0008601,WEEKEND15,Weekend ride offer,percentage,15,9.28,2025-04-03,2025-04-27
CPN0001309,RID0008606,RAINY10,Monsoon special,percentage,10,11.42,2024-03-28,2024-04-24
CPN0001310,RID0008609,FIRST20,First ride discount,percentage,20,20.99,2025-02-20,2025-03-10
CPN0001311,RID0008615,FIRST20,First ride discount,percentage,20,27.0,2024-03-25,2024-04-14
CPN0001312,RID0008619,LOYAL30,Loyalty reward,flat,30,19.41,2026-05-14,2026-06-14
CPN0001313,RID0008627,FIRST20,First ride discount,percentage,20,21.14,2024-07-07,2024-07-29
CPN0001314,RID0008646,FIRST20,First ride discount,percentage,20,26.42,2024-01-19,2024-02-14
CPN0001315,RID0008654,WEEKEND15,Weekend ride offer,percentage,15,12.55,2025-06-16,2025-07-16
CPN0001316,RID0008658,WEEKEND15,Weekend ride offer,percentage,15,18.58,2024-04-15,2024-05-21
CPN0001317,RID0008668,FIRST20,First ride discount,percentage,20,32.66,2025-09-16,2025-10-16
CPN0001318,RID0008687,FIRST20,First ride discount,percentage,20,12.89,2025-05-22,2025-06-16
CPN0001319,RID0008689,FEST100,Festive season offer,flat,100,26.04,2025-04-17,2025-05-03
CPN0001320,RID0008691,RAINY10,Monsoon special,percentage,10,5.71,2025-01-08,2025-01-23
CPN0001321,RID0008692,LOYAL30,Loyalty reward,flat,30,28.19,2026-06-21,2026-07-22
CPN0001322,RID0008701,RAINY10,Monsoon special,percentage,10,2.59,2026-02-19,2026-03-16
CPN0001323,RID0008709,WELCOME50,New user welcome offer,flat,50,36.09,2024-10-01,2024-10-28
CPN0001324,RID0008713,WELCOME50,New user welcome offer,flat,50,45.78,2024-06-29,2024-07-24
CPN0001325,RID0008720,LOYAL30,Loyalty reward,flat,30,25.68,2026-02-01,2026-02-17
CPN0001326,RID0008721,WEEKEND15,Weekend ride offer,percentage,15,16.23,2026-06-20,2026-07-26
CPN0001327,RID0008748,FIRST20,First ride discount,percentage,20,11.83,2026-06-11,2026-06-26
CPN0001328,RID0008750,WELCOME50,New user welcome offer,flat,50,22.29,2024-01-29,2024-03-03
CPN0001329,RID0008752,RAINY10,Monsoon special,percentage,10,9.54,2026-03-02,2026-04-02
CPN0001330,RID0008767,FEST100,Festive season offer,flat,100,32.19,2026-04-15,2026-05-18
CPN0001331,RID0008785,WELCOME50,New user welcome offer,flat,50,13.64,2025-08-19,2025-09-19
CPN0001332,RID0008799,WEEKEND15,Weekend ride offer,percentage,15,40.8,2025-05-27,2025-06-20
CPN0001333,RID0008813,WELCOME50,New user welcome offer,flat,50,45.63,2024-12-22,2025-01-15
CPN0001334,RID0008815,FEST100,Festive season offer,flat,100,36.36,2024-05-24,2024-06-22
CPN0001335,RID0008817,WELCOME50,New user welcome offer,flat,50,16.59,2025-07-19,2025-08-19
CPN0001336,RID0008818,RAINY10,Monsoon special,percentage,10,7.72,2026-02-13,2026-03-01
CPN0001337,RID0008824,WELCOME50,New user welcome offer,flat,50,50.0,2024-07-04,2024-08-03
CPN0001338,RID0008834,WEEKEND15,Weekend ride offer,percentage,15,12.08,2024-03-30,2024-05-04
CPN0001339,RID0008844,WELCOME50,New user welcome offer,flat,50,37.38,2024-09-18,2024-10-06
CPN0001340,RID0008846,RAINY10,Monsoon special,percentage,10,13.06,2024-07-21,2024-08-04
CPN0001341,RID0008852,LOYAL30,Loyalty reward,flat,30,26.77,2025-08-18,2025-09-09
CPN0001342,RID0008860,LOYAL30,Loyalty reward,flat,30,30.0,2026-05-07,2026-06-05
CPN0001343,RID0008872,WELCOME50,New user welcome offer,flat,50,50.0,2026-03-11,2026-04-04
CPN0001344,RID0008873,RAINY10,Monsoon special,percentage,10,8.07,2025-09-18,2025-10-13
CPN0001345,RID0008878,FIRST20,First ride discount,percentage,20,23.21,2025-09-15,2025-09-29
CPN0001346,RID0008886,FIRST20,First ride discount,percentage,20,15.46,2025-05-09,2025-05-27
CPN0001347,RID0008894,FEST100,Festive season offer,flat,100,68.5,2024-08-20,2024-09-16
CPN0001348,RID0008903,FEST100,Festive season offer,flat,100,47.52,2024-09-26,2024-10-18
CPN0001349,RID0008906,WELCOME50,New user welcome offer,flat,50,49.95,2024-06-16,2024-07-01
CPN0001350,RID0008914,RAINY10,Monsoon special,percentage,10,7.13,2025-06-02,2025-07-03
CPN0001351,RID0008922,FIRST20,First ride discount,percentage,20,7.92,2024-10-25,2024-11-11
CPN0001352,RID0008924,LOYAL30,Loyalty reward,flat,30,30.0,2025-05-31,2025-06-29
CPN0001353,RID0008938,FIRST20,First ride discount,percentage,20,25.69,2026-04-14,2026-05-22
CPN0001354,RID0008939,FIRST20,First ride discount,percentage,20,9.85,2024-08-07,2024-08-25
CPN0001355,RID0008940,WEEKEND15,Weekend ride offer,percentage,15,9.43,2024-10-29,2024-11-29
CPN0001356,RID0008945,RAINY10,Monsoon special,percentage,10,4.86,2024-07-27,2024-08-29
CPN0001357,RID0008946,LOYAL30,Loyalty reward,flat,30,28.58,2024-10-28,2024-11-21
CPN0001358,RID0008947,LOYAL30,Loyalty reward,flat,30,30.0,2024-10-28,2024-11-23
CPN0001359,RID0008955,WEEKEND15,Weekend ride offer,percentage,15,28.23,2024-02-23,2024-03-08
CPN0001360,RID0008958,WELCOME50,New user welcome offer,flat,50,35.64,2024-02-12,2024-03-04
CPN0001361,RID0008962,RAINY10,Monsoon special,percentage,10,14.11,2025-06-30,2025-08-02
CPN0001362,RID0008973,RAINY10,Monsoon special,percentage,10,26.36,2026-06-21,2026-07-21
CPN0001363,RID0008979,WELCOME50,New user welcome offer,flat,50,46.44,2026-06-28,2026-07-23
CPN0001364,RID0008982,LOYAL30,Loyalty reward,flat,30,25.03,2024-02-23,2024-03-21
CPN0001365,RID0008988,RAINY10,Monsoon special,percentage,10,10.53,2024-05-09,2024-06-05
CPN0001366,RID0008992,WELCOME50,New user welcome offer,flat,50,50.0,2025-08-13,2025-09-09
CPN0001367,RID0008994,LOYAL30,Loyalty reward,flat,30,20.66,2025-01-11,2025-02-03
CPN0001368,RID0009011,LOYAL30,Loyalty reward,flat,30,30.0,2024-05-09,2024-05-28
CPN0001369,RID0009031,WELCOME50,New user welcome offer,flat,50,50.0,2024-07-05,2024-07-20
CPN0001370,RID0009037,WEEKEND15,Weekend ride offer,percentage,15,6.09,2024-12-31,2025-01-26
CPN0001371,RID0009060,RAINY10,Monsoon special,percentage,10,11.56,2024-05-30,2024-06-21
CPN0001372,RID0009078,WELCOME50,New user welcome offer,flat,50,50.0,2024-07-25,2024-09-01
CPN0001373,RID0009080,FEST100,Festive season offer,flat,100,94.61,2024-03-04,2024-03-28
CPN0001374,RID0009114,FEST100,Festive season offer,flat,100,40.66,2026-01-16,2026-02-05
CPN0001375,RID0009115,FEST100,Festive season offer,flat,100,36.15,2025-11-11,2025-12-06
CPN0001376,RID0009124,WELCOME50,New user welcome offer,flat,50,50.0,2024-01-07,2024-01-31
CPN0001377,RID0009152,WEEKEND15,Weekend ride offer,percentage,15,9.64,2025-12-09,2026-01-03
CPN0001378,RID0009164,WELCOME50,New user welcome offer,flat,50,50.0,2025-12-10,2026-01-12
CPN0001379,RID0009165,FEST100,Festive season offer,flat,100,61.56,2025-10-30,2025-11-23
CPN0001380,RID0009168,WELCOME50,New user welcome offer,flat,50,50.0,2025-05-26,2025-06-06
CPN0001381,RID0009175,FIRST20,First ride discount,percentage,20,24.26,2026-05-16,2026-06-10
CPN0001382,RID0009178,FEST100,Festive season offer,flat,100,60.3,2026-04-14,2026-05-10
CPN0001383,RID0009180,WELCOME50,New user welcome offer,flat,50,24.2,2025-05-19,2025-06-08
CPN0001384,RID0009182,FIRST20,First ride discount,percentage,20,14.25,2025-09-18,2025-10-01
CPN0001385,RID0009206,WELCOME50,New user welcome offer,flat,50,50.0,2025-09-29,2025-10-17
CPN0001386,RID0009209,WELCOME50,New user welcome offer,flat,50,26.1,2024-05-25,2024-06-18
CPN0001387,RID0009217,WELCOME50,New user welcome offer,flat,50,50.0,2024-05-04,2024-05-26
CPN0001388,RID0009225,FEST100,Festive season offer,flat,100,13.17,2025-07-13,2025-08-05
CPN0001389,RID0009227,RAINY10,Monsoon special,percentage,10,7.68,2024-02-10,2024-03-09
CPN0001390,RID0009231,RAINY10,Monsoon special,percentage,10,16.11,2026-04-24,2026-05-29
CPN0001391,RID0009233,FIRST20,First ride discount,percentage,20,51.96,2025-10-05,2025-10-26
CPN0001392,RID0009241,FIRST20,First ride discount,percentage,20,56.85,2024-12-16,2025-01-13
CPN0001393,RID0009249,LOYAL30,Loyalty reward,flat,30,30.0,2025-09-01,2025-10-03
CPN0001394,RID0009262,WEEKEND15,Weekend ride offer,percentage,15,9.5,2025-10-24,2025-11-15
CPN0001395,RID0009282,WELCOME50,New user welcome offer,flat,50,25.56,2026-02-04,2026-03-02
CPN0001396,RID0009283,FEST100,Festive season offer,flat,100,29.1,2024-09-22,2024-10-21
CPN0001397,RID0009285,FEST100,Festive season offer,flat,100,18.9,2026-01-07,2026-01-30
CPN0001398,RID0009293,WELCOME50,New user welcome offer,flat,50,50.0,2025-09-06,2025-09-27
CPN0001399,RID0009296,FIRST20,First ride discount,percentage,20,12.44,2024-09-13,2024-09-24
CPN0001400,RID0009298,WEEKEND15,Weekend ride offer,percentage,15,35.41,2026-02-17,2026-03-21
CPN0001401,RID0009302,FEST100,Festive season offer,flat,100,18.0,2024-02-13,2024-03-06
CPN0001402,RID0009305,WEEKEND15,Weekend ride offer,percentage,15,19.78,2024-07-11,2024-08-03
CPN0001403,RID0009310,RAINY10,Monsoon special,percentage,10,5.64,2026-03-20,2026-04-13
CPN0001404,RID0009317,FEST100,Festive season offer,flat,100,48.98,2025-12-26,2026-01-06
CPN0001405,RID0009328,WEEKEND15,Weekend ride offer,percentage,15,17.1,2026-07-04,2026-07-25
CPN0001406,RID0009343,FEST100,Festive season offer,flat,100,41.46,2024-03-23,2024-04-23
CPN0001407,RID0009353,RAINY10,Monsoon special,percentage,10,5.34,2026-05-09,2026-05-31
CPN0001408,RID0009367,FEST100,Festive season offer,flat,100,30.5,2025-02-13,2025-03-06
CPN0001409,RID0009373,WELCOME50,New user welcome offer,flat,50,9.9,2026-01-02,2026-01-26
CPN0001410,RID0009376,RAINY10,Monsoon special,percentage,10,23.63,2026-02-03,2026-02-28
CPN0001411,RID0009384,RAINY10,Monsoon special,percentage,10,5.23,2025-02-18,2025-03-18
CPN0001412,RID0009391,FEST100,Festive season offer,flat,100,19.8,2024-02-07,2024-03-04
CPN0001413,RID0009406,WELCOME50,New user welcome offer,flat,50,50.0,2026-03-15,2026-04-05
CPN0001414,RID0009408,FIRST20,First ride discount,percentage,20,36.48,2025-03-21,2025-04-17
CPN0001415,RID0009412,WEEKEND15,Weekend ride offer,percentage,15,9.68,2024-08-12,2024-09-05
CPN0001416,RID0009417,WELCOME50,New user welcome offer,flat,50,16.8,2024-04-01,2024-04-16
CPN0001417,RID0009422,FIRST20,First ride discount,percentage,20,11.56,2026-04-02,2026-05-01
CPN0001418,RID0009426,FEST100,Festive season offer,flat,100,26.43,2024-05-29,2024-06-27
CPN0001419,RID0009443,LOYAL30,Loyalty reward,flat,30,30.0,2025-02-21,2025-03-23
CPN0001420,RID0009447,FIRST20,First ride discount,percentage,20,10.08,2025-06-26,2025-07-15
CPN0001421,RID0009449,WELCOME50,New user welcome offer,flat,50,50.0,2025-02-16,2025-03-13
CPN0001422,RID0009450,LOYAL30,Loyalty reward,flat,30,30.0,2024-11-18,2024-12-24
CPN0001423,RID0009454,LOYAL30,Loyalty reward,flat,30,30.0,2025-01-19,2025-02-23
CPN0001424,RID0009455,LOYAL30,Loyalty reward,flat,30,30.0,2024-08-20,2024-09-22
CPN0001425,RID0009457,FIRST20,First ride discount,percentage,20,11.88,2024-07-04,2024-07-25
CPN0001426,RID0009459,FIRST20,First ride discount,percentage,20,26.54,2024-02-15,2024-03-10
CPN0001427,RID0009466,RAINY10,Monsoon special,percentage,10,7.75,2025-02-09,2025-03-12
CPN0001428,RID0009467,LOYAL30,Loyalty reward,flat,30,30.0,2024-07-03,2024-07-19
CPN0001429,RID0009474,RAINY10,Monsoon special,percentage,10,10.48,2026-06-23,2026-07-28
CPN0001430,RID0009482,FEST100,Festive season offer,flat,100,16.92,2023-12-28,2024-01-18
CPN0001431,RID0009485,RAINY10,Monsoon special,percentage,10,6.16,2024-12-23,2025-01-22
CPN0001432,RID0009489,LOYAL30,Loyalty reward,flat,30,30.0,2025-12-15,2026-01-13
CPN0001433,RID0009490,FIRST20,First ride discount,percentage,20,9.09,2025-10-13,2025-11-17
CPN0001434,RID0009498,RAINY10,Monsoon special,percentage,10,6.85,2026-05-24,2026-06-20
CPN0001435,RID0009502,WEEKEND15,Weekend ride offer,percentage,15,11.61,2026-05-06,2026-05-29
CPN0001436,RID0009530,LOYAL30,Loyalty reward,flat,30,30.0,2025-03-11,2025-04-16
CPN0001437,RID0009531,WEEKEND15,Weekend ride offer,percentage,15,14.99,2026-01-03,2026-01-25
CPN0001438,RID0009539,RAINY10,Monsoon special,percentage,10,8.27,2025-02-07,2025-03-13
CPN0001439,RID0009544,RAINY10,Monsoon special,percentage,10,12.83,2025-09-10,2025-10-12
CPN0001440,RID0009547,FIRST20,First ride discount,percentage,20,7.38,2024-02-13,2024-03-05
CPN0001441,RID0009549,FEST100,Festive season offer,flat,100,100.0,2024-04-09,2024-04-27
CPN0001442,RID0009561,LOYAL30,Loyalty reward,flat,30,30.0,2026-01-03,2026-02-10
CPN0001443,RID0009568,FEST100,Festive season offer,flat,100,33.12,2024-08-09,2024-08-31
CPN0001444,RID0009575,FIRST20,First ride discount,percentage,20,7.07,2024-04-01,2024-04-30
CPN0001445,RID0009578,LOYAL30,Loyalty reward,flat,30,13.54,2024-10-28,2024-11-17
CPN0001446,RID0009588,WELCOME50,New user welcome offer,flat,50,22.51,2024-10-27,2024-11-29
CPN0001447,RID0009591,WELCOME50,New user welcome offer,flat,50,47.94,2025-11-14,2025-12-01
CPN0001448,RID0009597,FEST100,Festive season offer,flat,100,82.65,2025-10-13,2025-11-05
CPN0001449,RID0009607,WEEKEND15,Weekend ride offer,percentage,15,17.95,2026-06-08,2026-07-07
CPN0001450,RID0009611,LOYAL30,Loyalty reward,flat,30,24.18,2026-01-20,2026-02-19
CPN0001451,RID0009622,FIRST20,First ride discount,percentage,20,29.96,2024-12-05,2024-12-30
CPN0001452,RID0009624,RAINY10,Monsoon special,percentage,10,10.72,2025-09-08,2025-10-01
CPN0001453,RID0009658,RAINY10,Monsoon special,percentage,10,4.48,2026-06-18,2026-07-07
CPN0001454,RID0009677,WELCOME50,New user welcome offer,flat,50,29.94,2024-09-13,2024-10-22
CPN0001455,RID0009678,WEEKEND15,Weekend ride offer,percentage,15,5.61,2024-11-30,2024-12-29
CPN0001456,RID0009679,FEST100,Festive season offer,flat,100,50.26,2024-12-13,2025-01-03
CPN0001457,RID0009681,LOYAL30,Loyalty reward,flat,30,30.0,2025-05-14,2025-06-08
CPN0001458,RID0009689,FEST100,Festive season offer,flat,100,29.11,2025-12-28,2026-01-18
CPN0001459,RID0009694,FIRST20,First ride discount,percentage,20,10.82,2026-03-09,2026-04-04
CPN0001460,RID0009699,FEST100,Festive season offer,flat,100,45.79,2024-12-31,2025-01-31
CPN0001461,RID0009701,RAINY10,Monsoon special,percentage,10,12.15,2024-12-25,2025-01-14
CPN0001462,RID0009706,WELCOME50,New user welcome offer,flat,50,50.0,2024-01-29,2024-02-22
CPN0001463,RID0009708,WEEKEND15,Weekend ride offer,percentage,15,12.94,2025-10-31,2025-11-24
CPN0001464,RID0009710,WELCOME50,New user welcome offer,flat,50,25.14,2025-02-20,2025-03-22
CPN0001465,RID0009731,WELCOME50,New user welcome offer,flat,50,17.61,2024-06-22,2024-07-31
CPN0001466,RID0009736,WEEKEND15,Weekend ride offer,percentage,15,5.94,2024-10-29,2024-12-07
CPN0001467,RID0009738,FEST100,Festive season offer,flat,100,12.84,2025-12-13,2026-01-02
CPN0001468,RID0009739,LOYAL30,Loyalty reward,flat,30,30.0,2025-12-13,2026-01-16
CPN0001469,RID0009744,WELCOME50,New user welcome offer,flat,50,23.27,2024-02-11,2024-03-07
CPN0001470,RID0009749,WELCOME50,New user welcome offer,flat,50,35.37,2025-05-24,2025-06-05
CPN0001471,RID0009773,RAINY10,Monsoon special,percentage,10,5.16,2025-04-26,2025-05-10
CPN0001472,RID0009780,WELCOME50,New user welcome offer,flat,50,50.0,2026-05-09,2026-05-23
CPN0001473,RID0009801,FIRST20,First ride discount,percentage,20,19.64,2026-07-04,2026-07-31
CPN0001474,RID0009802,RAINY10,Monsoon special,percentage,10,15.03,2025-02-14,2025-03-16
CPN0001475,RID0009804,WELCOME50,New user welcome offer,flat,50,50.0,2025-11-29,2025-12-25
CPN0001476,RID0009809,RAINY10,Monsoon special,percentage,10,5.3,2025-09-07,2025-10-08
CPN0001477,RID0009830,RAINY10,Monsoon special,percentage,10,5.05,2024-05-07,2024-05-21
CPN0001478,RID0009840,RAINY10,Monsoon special,percentage,10,5.62,2025-09-22,2025-10-18
CPN0001479,RID0009844,RAINY10,Monsoon special,percentage,10,30.48,2026-03-26,2026-04-17
CPN0001480,RID0009850,WEEKEND15,Weekend ride offer,percentage,15,44.36,2024-05-24,2024-06-27
CPN0001481,RID0009851,FIRST20,First ride discount,percentage,20,7.8,2025-05-28,2025-06-24
CPN0001482,RID0009852,RAINY10,Monsoon special,percentage,10,10.57,2026-02-20,2026-03-20
CPN0001483,RID0009868,WEEKEND15,Weekend ride offer,percentage,15,21.25,2025-12-18,2026-01-16
CPN0001484,RID0009869,WELCOME50,New user welcome offer,flat,50,50.0,2025-07-28,2025-08-09
CPN0001485,RID0009878,FIRST20,First ride discount,percentage,20,10.7,2024-06-29,2024-07-27
CPN0001486,RID0009879,FEST100,Festive season offer,flat,100,29.85,2025-10-10,2025-10-27
CPN0001487,RID0009888,FIRST20,First ride discount,percentage,20,29.25,2025-07-01,2025-07-21
CPN0001488,RID0009892,WELCOME50,New user welcome offer,flat,50,24.21,2024-07-27,2024-08-22
CPN0001489,RID0009909,WELCOME50,New user welcome offer,flat,50,50.0,2024-11-09,2024-12-02
CPN0001490,RID0009912,WELCOME50,New user welcome offer,flat,50,33.66,2025-08-25,2025-09-13
CPN0001491,RID0009935,FIRST20,First ride discount,percentage,20,8.23,2025-03-19,2025-04-13
CPN0001492,RID0009938,WELCOME50,New user welcome offer,flat,50,29.61,2026-02-26,2026-03-21
CPN0001493,RID0009943,FIRST20,First ride discount,percentage,20,56.49,2025-01-10,2025-02-06
CPN0001494,RID0009950,FEST100,Festive season offer,flat,100,26.58,2025-08-19,2025-09-16
CPN0001495,RID0009970,RAINY10,Monsoon special,percentage,10,13.48,2024-01-12,2024-02-15
CPN0001496,RID0009972,FEST100,Festive season offer,flat,100,100.0,2024-02-06,2024-03-06
CPN0001497,RID0009979,WELCOME50,New user welcome offer,flat,50,25.65,2024-03-03,2024-03-23
CPN0001498,RID0009985,LOYAL30,Loyalty reward,flat,30,30.0,2026-02-15,2026-03-16
CPN0001499,RID0009986,FIRST20,First ride discount,percentage,20,18.17,2024-08-12,2024-09-06
CPN0001500,RID0009988,LOYAL30,Loyalty reward,flat,30,23.68,2025-07-06,2025-07-31
CPN0001501,RID0009998,FIRST20,First ride discount,percentage,20,7.24,2024-05-03,2024-05-25
CPN0001502,RID0010002,RAINY10,Monsoon special,percentage,10,8.12,2024-10-31,2024-11-27
CPN0001503,RID0010003,FIRST20,First ride discount,percentage,20,29.77,2026-06-07,2026-07-02
CPN0001504,RID0010008,FIRST20,First ride discount,percentage,20,15.41,2026-06-08,2026-07-17
CPN0001505,RID0010017,LOYAL30,Loyalty reward,flat,30,11.58,2025-12-30,2026-01-22
CPN0001506,RID0010032,WEEKEND15,Weekend ride offer,percentage,15,27.86,2026-02-12,2026-03-04
CPN0001507,RID0010036,WEEKEND15,Weekend ride offer,percentage,15,23.4,2025-02-25,2025-03-20
CPN0001508,RID0010044,WEEKEND15,Weekend ride offer,percentage,15,4.23,2025-03-12,2025-04-03
CPN0001509,RID0010046,FIRST20,First ride discount,percentage,20,19.57,2025-03-02,2025-04-04
CPN0001510,RID0010052,WEEKEND15,Weekend ride offer,percentage,15,22.61,2024-08-19,2024-09-10
CPN0001511,RID0010059,LOYAL30,Loyalty reward,flat,30,13.46,2024-03-11,2024-04-02
CPN0001512,RID0010060,FIRST20,First ride discount,percentage,20,35.44,2025-08-15,2025-09-02
CPN0001513,RID0010062,WELCOME50,New user welcome offer,flat,50,31.78,2024-01-08,2024-02-03
CPN0001514,RID0010071,WEEKEND15,Weekend ride offer,percentage,15,11.92,2024-12-21,2025-01-09
CPN0001515,RID0010072,WELCOME50,New user welcome offer,flat,50,50.0,2026-03-30,2026-04-28
CPN0001516,RID0010079,RAINY10,Monsoon special,percentage,10,6.68,2026-03-06,2026-03-22
CPN0001517,RID0010099,WELCOME50,New user welcome offer,flat,50,28.5,2024-10-08,2024-11-01
CPN0001518,RID0010100,FIRST20,First ride discount,percentage,20,20.71,2025-07-24,2025-08-26
CPN0001519,RID0010110,LOYAL30,Loyalty reward,flat,30,18.42,2025-01-11,2025-01-28
CPN0001520,RID0010112,RAINY10,Monsoon special,percentage,10,13.73,2025-10-20,2025-11-12
CPN0001521,RID0010124,RAINY10,Monsoon special,percentage,10,8.21,2024-12-11,2025-01-05
CPN0001522,RID0010131,FIRST20,First ride discount,percentage,20,26.38,2024-02-05,2024-02-26
CPN0001523,RID0010135,WEEKEND15,Weekend ride offer,percentage,15,8.14,2025-08-13,2025-09-17
CPN0001524,RID0010146,WELCOME50,New user welcome offer,flat,50,16.95,2024-10-27,2024-11-18
CPN0001525,RID0010153,FIRST20,First ride discount,percentage,20,28.76,2026-03-31,2026-05-06
CPN0001526,RID0010158,FIRST20,First ride discount,percentage,20,23.88,2026-06-10,2026-07-07
CPN0001527,RID0010171,RAINY10,Monsoon special,percentage,10,10.07,2025-04-15,2025-05-12
CPN0001528,RID0010179,WELCOME50,New user welcome offer,flat,50,50.0,2026-01-09,2026-01-24
CPN0001529,RID0010185,WEEKEND15,Weekend ride offer,percentage,15,7.24,2025-06-19,2025-07-17
CPN0001530,RID0010188,RAINY10,Monsoon special,percentage,10,20.77,2024-12-01,2024-12-26
CPN0001531,RID0010190,RAINY10,Monsoon special,percentage,10,19.53,2024-01-11,2024-02-06
CPN0001532,RID0010193,LOYAL30,Loyalty reward,flat,30,30.0,2024-09-18,2024-10-20
CPN0001533,RID0010203,WELCOME50,New user welcome offer,flat,50,40.47,2026-02-09,2026-02-27
CPN0001534,RID0010205,FIRST20,First ride discount,percentage,20,12.51,2025-04-24,2025-05-23
CPN0001535,RID0010210,FEST100,Festive season offer,flat,100,24.26,2024-06-01,2024-06-18
CPN0001536,RID0010214,FIRST20,First ride discount,percentage,20,13.54,2024-03-16,2024-04-05
CPN0001537,RID0010225,LOYAL30,Loyalty reward,flat,30,17.04,2026-01-05,2026-01-27
CPN0001538,RID0010226,RAINY10,Monsoon special,percentage,10,6.48,2025-06-07,2025-06-25
CPN0001539,RID0010245,WEEKEND15,Weekend ride offer,percentage,15,10.82,2024-09-23,2024-10-16
CPN0001540,RID0010250,FEST100,Festive season offer,flat,100,37.56,2024-05-05,2024-05-28
CPN0001541,RID0010252,RAINY10,Monsoon special,percentage,10,7.86,2024-10-15,2024-11-08
CPN0001542,RID0010255,WEEKEND15,Weekend ride offer,percentage,15,7.34,2025-07-02,2025-07-30
CPN0001543,RID0010256,FIRST20,First ride discount,percentage,20,12.34,2023-12-23,2024-01-11
CPN0001544,RID0010278,RAINY10,Monsoon special,percentage,10,12.18,2025-01-24,2025-02-14
CPN0001545,RID0010280,LOYAL30,Loyalty reward,flat,30,30.0,2024-01-19,2024-02-16
CPN0001546,RID0010291,WELCOME50,New user welcome offer,flat,50,19.92,2026-01-12,2026-02-06
CPN0001547,RID0010314,RAINY10,Monsoon special,percentage,10,8.77,2024-11-13,2024-12-16
CPN0001548,RID0010315,WELCOME50,New user welcome offer,flat,50,28.98,2024-07-20,2024-08-17
CPN0001549,RID0010317,WELCOME50,New user welcome offer,flat,50,50.0,2024-11-17,2024-12-09
CPN0001550,RID0010324,FEST100,Festive season offer,flat,100,71.78,2026-04-16,2026-05-01
CPN0001551,RID0010360,WELCOME50,New user welcome offer,flat,50,16.62,2025-02-26,2025-03-29
CPN0001552,RID0010361,FEST100,Festive season offer,flat,100,31.38,2024-10-13,2024-11-16
CPN0001553,RID0010365,FIRST20,First ride discount,percentage,20,26.64,2024-03-17,2024-04-05
CPN0001554,RID0010371,LOYAL30,Loyalty reward,flat,30,30.0,2026-04-12,2026-05-14
CPN0001555,RID0010373,FEST100,Festive season offer,flat,100,100.0,2025-03-17,2025-04-11
CPN0001556,RID0010375,LOYAL30,Loyalty reward,flat,30,27.75,2024-12-03,2024-12-29
CPN0001557,RID0010378,FIRST20,First ride discount,percentage,20,39.12,2025-04-09,2025-05-16
CPN0001558,RID0010379,RAINY10,Monsoon special,percentage,10,7.32,2024-12-14,2024-12-29
CPN0001559,RID0010401,FIRST20,First ride discount,percentage,20,38.77,2025-03-21,2025-04-17
CPN0001560,RID0010411,LOYAL30,Loyalty reward,flat,30,30.0,2024-05-10,2024-06-15
CPN0001561,RID0010421,RAINY10,Monsoon special,percentage,10,39.25,2024-11-16,2024-12-05
CPN0001562,RID0010428,FEST100,Festive season offer,flat,100,55.74,2025-01-11,2025-01-27
CPN0001563,RID0010429,WELCOME50,New user welcome offer,flat,50,50.0,2025-05-23,2025-06-29
CPN0001564,RID0010432,LOYAL30,Loyalty reward,flat,30,19.59,2025-03-29,2025-04-20
CPN0001565,RID0010447,LOYAL30,Loyalty reward,flat,30,25.68,2024-01-05,2024-02-09
CPN0001566,RID0010457,LOYAL30,Loyalty reward,flat,30,23.83,2024-01-10,2024-01-26
CPN0001567,RID0010467,FEST100,Festive season offer,flat,100,37.32,2025-11-25,2025-12-18
CPN0001568,RID0010469,WEEKEND15,Weekend ride offer,percentage,15,29.87,2026-06-23,2026-07-19
CPN0001569,RID0010478,RAINY10,Monsoon special,percentage,10,9.86,2025-06-14,2025-06-28
CPN0001570,RID0010479,WELCOME50,New user welcome offer,flat,50,36.87,2024-12-02,2025-01-03
CPN0001571,RID0010483,WELCOME50,New user welcome offer,flat,50,50.0,2024-04-18,2024-05-14
CPN0001572,RID0010488,RAINY10,Monsoon special,percentage,10,11.7,2025-07-24,2025-09-01
CPN0001573,RID0010500,WEEKEND15,Weekend ride offer,percentage,15,9.02,2024-01-19,2024-02-24
CPN0001574,RID0010509,WEEKEND15,Weekend ride offer,percentage,15,17.42,2024-01-18,2024-02-10
CPN0001575,RID0010510,LOYAL30,Loyalty reward,flat,30,30.0,2025-10-19,2025-11-17
CPN0001576,RID0010511,RAINY10,Monsoon special,percentage,10,2.72,2025-08-16,2025-09-15
CPN0001577,RID0010513,RAINY10,Monsoon special,percentage,10,7.76,2025-06-10,2025-06-26
CPN0001578,RID0010518,WELCOME50,New user welcome offer,flat,50,17.79,2024-12-21,2025-01-14
CPN0001579,RID0010519,FIRST20,First ride discount,percentage,20,20.95,2024-01-28,2024-02-11
CPN0001580,RID0010523,FEST100,Festive season offer,flat,100,32.4,2025-10-05,2025-10-23
CPN0001581,RID0010526,WELCOME50,New user welcome offer,flat,50,50.0,2024-05-10,2024-06-01
CPN0001582,RID0010527,LOYAL30,Loyalty reward,flat,30,30.0,2026-04-21,2026-05-16
CPN0001583,RID0010530,FIRST20,First ride discount,percentage,20,13.85,2025-06-12,2025-07-08
CPN0001584,RID0010541,LOYAL30,Loyalty reward,flat,30,30.0,2024-07-09,2024-08-08
CPN0001585,RID0010552,RAINY10,Monsoon special,percentage,10,15.56,2024-05-09,2024-05-30
CPN0001586,RID0010559,FEST100,Festive season offer,flat,100,35.88,2024-08-13,2024-09-17
CPN0001587,RID0010561,RAINY10,Monsoon special,percentage,10,5.94,2025-04-08,2025-04-26
CPN0001588,RID0010564,LOYAL30,Loyalty reward,flat,30,30.0,2025-12-09,2025-12-24
CPN0001589,RID0010575,WEEKEND15,Weekend ride offer,percentage,15,9.92,2026-06-10,2026-06-27
CPN0001590,RID0010578,FEST100,Festive season offer,flat,100,33.66,2026-06-29,2026-07-18
CPN0001591,RID0010581,FEST100,Festive season offer,flat,100,52.35,2025-10-08,2025-10-31
CPN0001592,RID0010584,WELCOME50,New user welcome offer,flat,50,39.92,2025-08-14,2025-09-06
CPN0001593,RID0010600,WEEKEND15,Weekend ride offer,percentage,15,10.09,2025-01-10,2025-02-16
CPN0001594,RID0010620,WEEKEND15,Weekend ride offer,percentage,15,18.63,2025-09-20,2025-10-21
CPN0001595,RID0010623,FIRST20,First ride discount,percentage,20,19.44,2024-04-18,2024-05-10
CPN0001596,RID0010625,FIRST20,First ride discount,percentage,20,14.13,2025-09-03,2025-09-26
CPN0001597,RID0010641,FIRST20,First ride discount,percentage,20,46.22,2025-07-13,2025-08-10
CPN0001598,RID0010649,FEST100,Festive season offer,flat,100,43.8,2024-12-30,2025-01-23
CPN0001599,RID0010652,FEST100,Festive season offer,flat,100,26.38,2025-12-21,2026-01-15
CPN0001600,RID0010653,LOYAL30,Loyalty reward,flat,30,21.18,2025-12-14,2026-01-08
CPN0001601,RID0010662,FEST100,Festive season offer,flat,100,47.16,2024-03-08,2024-04-07
CPN0001602,RID0010664,FEST100,Festive season offer,flat,100,82.92,2025-07-13,2025-08-06
CPN0001603,RID0010666,WEEKEND15,Weekend ride offer,percentage,15,7.13,2025-08-15,2025-08-31
CPN0001604,RID0010671,FEST100,Festive season offer,flat,100,82.5,2025-03-24,2025-04-21
CPN0001605,RID0010674,WEEKEND15,Weekend ride offer,percentage,15,13.96,2025-08-31,2025-10-04
CPN0001606,RID0010677,WEEKEND15,Weekend ride offer,percentage,15,10.37,2026-02-11,2026-03-03
CPN0001607,RID0010678,RAINY10,Monsoon special,percentage,10,5.53,2024-05-24,2024-06-15
CPN0001608,RID0010686,FIRST20,First ride discount,percentage,20,43.36,2025-07-13,2025-08-07
CPN0001609,RID0010687,FEST100,Festive season offer,flat,100,41.7,2025-12-01,2025-12-15
CPN0001610,RID0010689,WELCOME50,New user welcome offer,flat,50,50.0,2026-01-15,2026-02-05
CPN0001611,RID0010704,WEEKEND15,Weekend ride offer,percentage,15,6.39,2025-10-14,2025-11-06
CPN0001612,RID0010707,WELCOME50,New user welcome offer,flat,50,50.0,2025-05-24,2025-06-21
CPN0001613,RID0010710,RAINY10,Monsoon special,percentage,10,11.18,2025-10-09,2025-11-12
CPN0001614,RID0010712,WELCOME50,New user welcome offer,flat,50,16.59,2024-11-10,2024-12-12
CPN0001615,RID0010716,FEST100,Festive season offer,flat,100,49.7,2026-04-30,2026-05-19
CPN0001616,RID0010723,FIRST20,First ride discount,percentage,20,14.33,2024-05-08,2024-06-06
CPN0001617,RID0010726,RAINY10,Monsoon special,percentage,10,7.34,2025-10-19,2025-11-15
CPN0001618,RID0010739,WEEKEND15,Weekend ride offer,percentage,15,8.73,2025-09-18,2025-10-03
CPN0001619,RID0010744,WEEKEND15,Weekend ride offer,percentage,15,27.04,2026-05-19,2026-06-11
CPN0001620,RID0010746,FEST100,Festive season offer,flat,100,11.88,2026-02-02,2026-02-19
CPN0001621,RID0010750,WELCOME50,New user welcome offer,flat,50,50.0,2024-09-04,2024-10-03
CPN0001622,RID0010753,RAINY10,Monsoon special,percentage,10,5.52,2024-12-01,2024-12-23
CPN0001623,RID0010756,FIRST20,First ride discount,percentage,20,19.21,2025-08-23,2025-09-24
CPN0001624,RID0010758,FIRST20,First ride discount,percentage,20,28.01,2026-01-04,2026-01-26
CPN0001625,RID0010760,WEEKEND15,Weekend ride offer,percentage,15,5.94,2026-06-21,2026-07-04
CPN0001626,RID0010761,FIRST20,First ride discount,percentage,20,10.56,2025-11-02,2025-12-01
CPN0001627,RID0010781,LOYAL30,Loyalty reward,flat,30,30.0,2026-01-18,2026-02-25
CPN0001628,RID0010782,FEST100,Festive season offer,flat,100,67.11,2025-12-28,2026-01-11
CPN0001629,RID0010793,RAINY10,Monsoon special,percentage,10,7.92,2024-03-05,2024-04-02
CPN0001630,RID0010806,RAINY10,Monsoon special,percentage,10,3.48,2024-01-01,2024-01-26
CPN0001631,RID0010811,WELCOME50,New user welcome offer,flat,50,50.0,2024-07-31,2024-08-19
CPN0001632,RID0010817,FIRST20,First ride discount,percentage,20,19.78,2025-07-29,2025-08-25
CPN0001633,RID0010828,FEST100,Festive season offer,flat,100,70.0,2026-05-29,2026-06-28
CPN0001634,RID0010833,WELCOME50,New user welcome offer,flat,50,28.66,2025-03-18,2025-04-16
CPN0001635,RID0010845,WEEKEND15,Weekend ride offer,percentage,15,12.36,2024-08-13,2024-09-11
CPN0001636,RID0010852,WELCOME50,New user welcome offer,flat,50,50.0,2025-05-07,2025-06-03
CPN0001637,RID0010856,LOYAL30,Loyalty reward,flat,30,30.0,2025-11-10,2025-12-15
CPN0001638,RID0010858,FIRST20,First ride discount,percentage,20,24.43,2026-01-21,2026-02-09
CPN0001639,RID0010876,RAINY10,Monsoon special,percentage,10,4.85,2024-05-15,2024-06-01
CPN0001640,RID0010878,WEEKEND15,Weekend ride offer,percentage,15,7.79,2024-08-25,2024-09-23
CPN0001641,RID0010879,WELCOME50,New user welcome offer,flat,50,35.64,2024-10-02,2024-10-19
CPN0001642,RID0010887,WELCOME50,New user welcome offer,flat,50,50.0,2024-02-24,2024-03-17
CPN0001643,RID0010888,WELCOME50,New user welcome offer,flat,50,20.43,2025-09-11,2025-10-12
CPN0001644,RID0010889,FIRST20,First ride discount,percentage,20,32.36,2024-07-20,2024-08-03
CPN0001645,RID0010893,WELCOME50,New user welcome offer,flat,50,50.0,2024-02-11,2024-03-12
CPN0001646,RID0010896,FIRST20,First ride discount,percentage,20,18.24,2024-11-25,2024-12-29
CPN0001647,RID0010910,LOYAL30,Loyalty reward,flat,30,14.69,2025-03-19,2025-04-06
CPN0001648,RID0010912,RAINY10,Monsoon special,percentage,10,2.72,2024-08-02,2024-08-29
CPN0001649,RID0010914,RAINY10,Monsoon special,percentage,10,8.1,2026-01-26,2026-02-09
CPN0001650,RID0010939,WELCOME50,New user welcome offer,flat,50,17.64,2025-09-11,2025-10-04
CPN0001651,RID0010940,WEEKEND15,Weekend ride offer,percentage,15,39.18,2026-06-07,2026-07-05
CPN0001652,RID0010943,RAINY10,Monsoon special,percentage,10,4.92,2025-08-24,2025-09-26
CPN0001653,RID0010946,WEEKEND15,Weekend ride offer,percentage,15,10.33,2024-02-27,2024-03-12
CPN0001654,RID0010950,WEEKEND15,Weekend ride offer,percentage,15,40.8,2023-12-26,2024-01-18
CPN0001655,RID0010953,FIRST20,First ride discount,percentage,20,60.97,2024-09-05,2024-09-26
CPN0001656,RID0010958,LOYAL30,Loyalty reward,flat,30,30.0,2024-08-02,2024-08-12
CPN0001657,RID0010965,RAINY10,Monsoon special,percentage,10,20.79,2024-03-21,2024-04-17
CPN0001658,RID0010973,FEST100,Festive season offer,flat,100,14.67,2025-01-03,2025-02-07
CPN0001659,RID0010984,LOYAL30,Loyalty reward,flat,30,16.23,2024-09-21,2024-10-21
CPN0001660,RID0010985,WEEKEND15,Weekend ride offer,percentage,15,25.2,2025-08-29,2025-09-30
CPN0001661,RID0010987,FEST100,Festive season offer,flat,100,99.56,2024-12-27,2025-02-02
CPN0001662,RID0010999,WELCOME50,New user welcome offer,flat,50,22.14,2025-11-20,2025-12-17
CPN0001663,RID0011007,FEST100,Festive season offer,flat,100,63.38,2024-06-29,2024-07-29
CPN0001664,RID0011009,FEST100,Festive season offer,flat,100,21.02,2024-06-06,2024-07-05
CPN0001665,RID0011010,WELCOME50,New user welcome offer,flat,50,12.96,2025-10-06,2025-11-03
CPN0001666,RID0011013,FIRST20,First ride discount,percentage,20,12.55,2025-04-07,2025-04-23
CPN0001667,RID0011015,FEST100,Festive season offer,flat,100,31.5,2024-04-08,2024-04-29
CPN0001668,RID0011016,FIRST20,First ride discount,percentage,20,4.19,2025-09-16,2025-10-13
CPN0001669,RID0011018,FEST100,Festive season offer,flat,100,61.73,2025-06-29,2025-07-24
CPN0001670,RID0011019,WELCOME50,New user welcome offer,flat,50,50.0,2026-01-15,2026-02-06
CPN0001671,RID0011030,FIRST20,First ride discount,percentage,20,18.07,2025-09-29,2025-10-09
CPN0001672,RID0011035,WEEKEND15,Weekend ride offer,percentage,15,10.96,2026-03-12,2026-03-27
CPN0001673,RID0011038,WEEKEND15,Weekend ride offer,percentage,15,10.54,2026-01-06,2026-01-22
CPN0001674,RID0011039,RAINY10,Monsoon special,percentage,10,3.97,2025-02-18,2025-03-19
CPN0001675,RID0011046,WELCOME50,New user welcome offer,flat,50,40.41,2026-01-28,2026-02-25
CPN0001676,RID0011064,LOYAL30,Loyalty reward,flat,30,25.35,2024-07-06,2024-07-22
CPN0001677,RID0011065,LOYAL30,Loyalty reward,flat,30,30.0,2026-01-03,2026-01-29
CPN0001678,RID0011079,RAINY10,Monsoon special,percentage,10,6.55,2025-04-20,2025-05-20
CPN0001679,RID0011083,RAINY10,Monsoon special,percentage,10,12.66,2025-04-24,2025-05-18
CPN0001680,RID0011085,WELCOME50,New user welcome offer,flat,50,26.07,2026-05-28,2026-06-28
CPN0001681,RID0011086,WELCOME50,New user welcome offer,flat,50,48.6,2025-04-27,2025-05-21
CPN0001682,RID0011090,WEEKEND15,Weekend ride offer,percentage,15,8.23,2025-08-27,2025-09-19
CPN0001683,RID0011094,LOYAL30,Loyalty reward,flat,30,23.88,2024-12-08,2024-12-23
CPN0001684,RID0011095,LOYAL30,Loyalty reward,flat,30,30.0,2024-08-22,2024-09-10
CPN0001685,RID0011101,WEEKEND15,Weekend ride offer,percentage,15,15.92,2025-06-20,2025-07-14
CPN0001686,RID0011102,FIRST20,First ride discount,percentage,20,26.08,2025-12-18,2026-01-15
CPN0001687,RID0011104,RAINY10,Monsoon special,percentage,10,9.07,2024-12-08,2024-12-24
CPN0001688,RID0011112,WEEKEND15,Weekend ride offer,percentage,15,14.11,2026-06-08,2026-06-27
CPN0001689,RID0011114,WEEKEND15,Weekend ride offer,percentage,15,3.63,2024-02-20,2024-03-21
CPN0001690,RID0011124,FIRST20,First ride discount,percentage,20,37.33,2024-08-19,2024-09-01
CPN0001691,RID0011131,LOYAL30,Loyalty reward,flat,30,30.0,2026-02-26,2026-03-27
CPN0001692,RID0011140,FIRST20,First ride discount,percentage,20,27.59,2024-11-22,2024-12-05
CPN0001693,RID0011145,FEST100,Festive season offer,flat,100,14.65,2025-02-03,2025-03-12
CPN0001694,RID0011164,WEEKEND15,Weekend ride offer,percentage,15,11.18,2025-10-19,2025-11-08
CPN0001695,RID0011166,LOYAL30,Loyalty reward,flat,30,30.0,2024-03-09,2024-03-25
CPN0001696,RID0011170,LOYAL30,Loyalty reward,flat,30,30.0,2025-10-03,2025-10-25
CPN0001697,RID0011180,LOYAL30,Loyalty reward,flat,30,30.0,2024-09-20,2024-10-11
CPN0001698,RID0011185,FIRST20,First ride discount,percentage,20,14.24,2024-02-18,2024-03-10
CPN0001699,RID0011191,RAINY10,Monsoon special,percentage,10,5.33,2026-05-03,2026-05-21
CPN0001700,RID0011192,RAINY10,Monsoon special,percentage,10,10.45,2025-05-28,2025-06-14
CPN0001701,RID0011193,LOYAL30,Loyalty reward,flat,30,30.0,2026-05-26,2026-06-24
CPN0001702,RID0011194,WELCOME50,New user welcome offer,flat,50,25.98,2024-05-31,2024-06-17
CPN0001703,RID0011197,FEST100,Festive season offer,flat,100,35.28,2025-08-30,2025-09-18
CPN0001704,RID0011203,WEEKEND15,Weekend ride offer,percentage,15,7.55,2026-07-06,2026-07-29
CPN0001705,RID0011211,FIRST20,First ride discount,percentage,20,23.24,2025-08-31,2025-09-26
CPN0001706,RID0011212,WEEKEND15,Weekend ride offer,percentage,15,4.74,2024-08-21,2024-09-15
CPN0001707,RID0011215,FEST100,Festive season offer,flat,100,28.85,2024-10-16,2024-11-18
CPN0001708,RID0011219,LOYAL30,Loyalty reward,flat,30,30.0,2024-05-24,2024-06-22
CPN0001709,RID0011222,RAINY10,Monsoon special,percentage,10,6.04,2024-03-03,2024-03-22
CPN0001710,RID0011223,WELCOME50,New user welcome offer,flat,50,50.0,2024-11-01,2024-11-26
CPN0001711,RID0011224,FIRST20,First ride discount,percentage,20,9.47,2023-12-13,2024-01-15
CPN0001712,RID0011225,FEST100,Festive season offer,flat,100,60.79,2025-06-25,2025-07-25
CPN0001713,RID0011228,LOYAL30,Loyalty reward,flat,30,14.19,2024-10-25,2024-11-25
CPN0001714,RID0011236,LOYAL30,Loyalty reward,flat,30,30.0,2026-06-24,2026-07-13
CPN0001715,RID0011237,WELCOME50,New user welcome offer,flat,50,26.52,2025-08-24,2025-09-26
CPN0001716,RID0011239,LOYAL30,Loyalty reward,flat,30,24.3,2024-12-22,2025-01-22
CPN0001717,RID0011243,RAINY10,Monsoon special,percentage,10,11.95,2025-01-04,2025-01-24
CPN0001718,RID0011246,FIRST20,First ride discount,percentage,20,13.99,2024-07-05,2024-07-21
CPN0001719,RID0011247,FEST100,Festive season offer,flat,100,73.17,2025-06-24,2025-07-24
CPN0001720,RID0011254,WEEKEND15,Weekend ride offer,percentage,15,7.45,2024-11-29,2024-12-28
CPN0001721,RID0011255,WEEKEND15,Weekend ride offer,percentage,15,16.35,2025-07-27,2025-08-16
CPN0001722,RID0011265,WELCOME50,New user welcome offer,flat,50,50.0,2024-04-15,2024-05-19
CPN0001723,RID0011269,WELCOME50,New user welcome offer,flat,50,50.0,2024-12-07,2024-12-28
CPN0001724,RID0011273,FIRST20,First ride discount,percentage,20,13.75,2024-07-07,2024-08-09
CPN0001725,RID0011277,FIRST20,First ride discount,percentage,20,13.13,2024-08-18,2024-09-13
CPN0001726,RID0011283,WEEKEND15,Weekend ride offer,percentage,15,7.36,2025-07-27,2025-08-16
CPN0001727,RID0011288,FEST100,Festive season offer,flat,100,72.18,2024-01-25,2024-02-12
CPN0001728,RID0011289,LOYAL30,Loyalty reward,flat,30,28.77,2025-03-06,2025-03-28
CPN0001729,RID0011295,FIRST20,First ride discount,percentage,20,26.63,2025-03-30,2025-04-20
CPN0001730,RID0011301,LOYAL30,Loyalty reward,flat,30,30.0,2026-01-03,2026-01-22
CPN0001731,RID0011321,WEEKEND15,Weekend ride offer,percentage,15,4.46,2025-06-13,2025-07-06
CPN0001732,RID0011330,WELCOME50,New user welcome offer,flat,50,16.32,2024-08-27,2024-09-26
CPN0001733,RID0011333,RAINY10,Monsoon special,percentage,10,10.13,2024-10-05,2024-10-20
CPN0001734,RID0011339,WEEKEND15,Weekend ride offer,percentage,15,7.42,2025-06-03,2025-06-14
CPN0001735,RID0011341,FIRST20,First ride discount,percentage,20,12.76,2026-02-07,2026-03-05
CPN0001736,RID0011344,FIRST20,First ride discount,percentage,20,42.29,2024-08-09,2024-09-10
CPN0001737,RID0011348,FIRST20,First ride discount,percentage,20,16.01,2024-04-11,2024-05-04
CPN0001738,RID0011351,FIRST20,First ride discount,percentage,20,11.56,2025-07-13,2025-07-31
CPN0001739,RID0011356,WELCOME50,New user welcome offer,flat,50,48.12,2024-03-12,2024-04-05
CPN0001740,RID0011363,WELCOME50,New user welcome offer,flat,50,32.67,2025-05-12,2025-05-31
CPN0001741,RID0011366,WEEKEND15,Weekend ride offer,percentage,15,12.64,2024-03-15,2024-04-11
CPN0001742,RID0011372,LOYAL30,Loyalty reward,flat,30,30.0,2025-01-14,2025-02-08
CPN0001743,RID0011377,WELCOME50,New user welcome offer,flat,50,20.4,2024-10-10,2024-11-06
CPN0001744,RID0011381,RAINY10,Monsoon special,percentage,10,6.84,2026-05-17,2026-06-12
CPN0001745,RID0011384,RAINY10,Monsoon special,percentage,10,3.55,2025-05-19,2025-06-24
CPN0001746,RID0011388,FIRST20,First ride discount,percentage,20,15.17,2024-09-23,2024-10-11
CPN0001747,RID0011391,WEEKEND15,Weekend ride offer,percentage,15,11.45,2024-08-17,2024-09-21
CPN0001748,RID0011414,WEEKEND15,Weekend ride offer,percentage,15,12.67,2024-06-27,2024-07-21
CPN0001749,RID0011443,RAINY10,Monsoon special,percentage,10,7.44,2025-09-11,2025-10-11
CPN0001750,RID0011446,RAINY10,Monsoon special,percentage,10,5.45,2024-12-31,2025-01-27
CPN0001751,RID0011457,FIRST20,First ride discount,percentage,20,29.51,2025-08-04,2025-09-01
CPN0001752,RID0011477,WELCOME50,New user welcome offer,flat,50,17.43,2025-07-08,2025-07-29
CPN0001753,RID0011482,RAINY10,Monsoon special,percentage,10,11.27,2025-08-30,2025-10-02
CPN0001754,RID0011489,WELCOME50,New user welcome offer,flat,50,50.0,2024-12-16,2025-01-20
CPN0001755,RID0011504,WEEKEND15,Weekend ride offer,percentage,15,6.66,2026-02-20,2026-03-17
CPN0001756,RID0011513,WEEKEND15,Weekend ride offer,percentage,15,20.49,2025-11-15,2025-12-16
CPN0001757,RID0011519,RAINY10,Monsoon special,percentage,10,16.78,2024-02-28,2024-03-22
CPN0001758,RID0011520,FIRST20,First ride discount,percentage,20,25.95,2024-11-09,2024-12-04
CPN0001759,RID0011543,RAINY10,Monsoon special,percentage,10,6.68,2024-06-16,2024-07-14
CPN0001760,RID0011547,WEEKEND15,Weekend ride offer,percentage,15,8.35,2024-11-03,2024-11-21
CPN0001761,RID0011551,FEST100,Festive season offer,flat,100,32.94,2024-01-11,2024-02-15
CPN0001762,RID0011552,RAINY10,Monsoon special,percentage,10,11.91,2024-03-07,2024-04-13
CPN0001763,RID0011556,WELCOME50,New user welcome offer,flat,50,19.71,2026-05-31,2026-06-24
CPN0001764,RID0011559,WELCOME50,New user welcome offer,flat,50,50.0,2025-06-19,2025-07-06
CPN0001765,RID0011561,FEST100,Festive season offer,flat,100,74.31,2023-12-16,2024-01-10
CPN0001766,RID0011564,WEEKEND15,Weekend ride offer,percentage,15,9.68,2025-08-09,2025-09-03
CPN0001767,RID0011567,LOYAL30,Loyalty reward,flat,30,16.16,2025-08-28,2025-09-15
CPN0001768,RID0011575,FIRST20,First ride discount,percentage,20,43.82,2025-01-14,2025-02-17
CPN0001769,RID0011585,RAINY10,Monsoon special,percentage,10,4.75,2024-12-21,2025-01-22
CPN0001770,RID0011588,WELCOME50,New user welcome offer,flat,50,46.25,2026-03-20,2026-04-14
CPN0001771,RID0011595,WELCOME50,New user welcome offer,flat,50,9.9,2024-03-30,2024-04-19
CPN0001772,RID0011597,FIRST20,First ride discount,percentage,20,15.61,2024-04-03,2024-04-19
CPN0001773,RID0011598,RAINY10,Monsoon special,percentage,10,8.53,2024-01-17,2024-02-15
CPN0001774,RID0011599,FEST100,Festive season offer,flat,100,100.0,2025-01-05,2025-01-28
CPN0001775,RID0011603,WELCOME50,New user welcome offer,flat,50,35.11,2024-08-02,2024-08-24
CPN0001776,RID0011609,FIRST20,First ride discount,percentage,20,10.2,2024-10-16,2024-11-13
CPN0001777,RID0011614,WELCOME50,New user welcome offer,flat,50,50.0,2024-08-04,2024-08-28
CPN0001778,RID0011618,RAINY10,Monsoon special,percentage,10,9.42,2024-09-18,2024-10-17
CPN0001779,RID0011621,FEST100,Festive season offer,flat,100,47.3,2024-12-17,2025-01-16
CPN0001780,RID0011624,LOYAL30,Loyalty reward,flat,30,30.0,2024-07-08,2024-08-08
CPN0001781,RID0011626,FEST100,Festive season offer,flat,100,83.27,2024-11-09,2024-11-28
CPN0001782,RID0011632,RAINY10,Monsoon special,percentage,10,18.85,2024-09-07,2024-10-02
CPN0001783,RID0011641,LOYAL30,Loyalty reward,flat,30,30.0,2026-01-09,2026-02-10
CPN0001784,RID0011643,WEEKEND15,Weekend ride offer,percentage,15,16.83,2026-04-04,2026-04-29
CPN0001785,RID0011646,LOYAL30,Loyalty reward,flat,30,30.0,2025-04-09,2025-05-10
CPN0001786,RID0011649,WEEKEND15,Weekend ride offer,percentage,15,42.52,2024-09-07,2024-10-02
CPN0001787,RID0011650,WELCOME50,New user welcome offer,flat,50,20.66,2025-03-15,2025-04-07
CPN0001788,RID0011656,WEEKEND15,Weekend ride offer,percentage,15,11.99,2025-02-23,2025-03-14
CPN0001789,RID0011671,FIRST20,First ride discount,percentage,20,39.95,2024-09-22,2024-10-13
CPN0001790,RID0011673,WEEKEND15,Weekend ride offer,percentage,15,21.87,2024-10-26,2024-11-26
CPN0001791,RID0011681,LOYAL30,Loyalty reward,flat,30,10.29,2024-09-06,2024-10-02
CPN0001792,RID0011689,FEST100,Festive season offer,flat,100,74.25,2025-08-22,2025-09-13
CPN0001793,RID0011695,WELCOME50,New user welcome offer,flat,50,32.28,2023-12-22,2024-01-12
CPN0001794,RID0011702,FEST100,Festive season offer,flat,100,21.75,2025-01-29,2025-02-14
CPN0001795,RID0011704,LOYAL30,Loyalty reward,flat,30,30.0,2026-03-16,2026-04-01
CPN0001796,RID0011718,WEEKEND15,Weekend ride offer,percentage,15,8.36,2025-07-05,2025-08-10
CPN0001797,RID0011719,LOYAL30,Loyalty reward,flat,30,30.0,2024-08-09,2024-09-15
CPN0001798,RID0011720,WELCOME50,New user welcome offer,flat,50,46.59,2026-01-30,2026-03-04
CPN0001799,RID0011731,FIRST20,First ride discount,percentage,20,17.5,2024-09-17,2024-10-21
CPN0001800,RID0011740,FEST100,Festive season offer,flat,100,48.24,2024-03-26,2024-04-26
CPN0001801,RID0011742,RAINY10,Monsoon special,percentage,10,8.4,2024-07-10,2024-08-16
CPN0001802,RID0011744,FIRST20,First ride discount,percentage,20,24.8,2025-05-08,2025-06-04
CPN0001803,RID0011750,RAINY10,Monsoon special,percentage,10,11.95,2025-07-27,2025-08-26
CPN0001804,RID0011760,FEST100,Festive season offer,flat,100,32.65,2026-02-24,2026-04-04
CPN0001805,RID0011761,WEEKEND15,Weekend ride offer,percentage,15,14.53,2026-02-13,2026-03-15
CPN0001806,RID0011765,WELCOME50,New user welcome offer,flat,50,50.0,2025-07-28,2025-08-17
CPN0001807,RID0011769,LOYAL30,Loyalty reward,flat,30,30.0,2026-06-14,2026-07-03
CPN0001808,RID0011774,WEEKEND15,Weekend ride offer,percentage,15,15.85,2025-11-10,2025-12-10
CPN0001809,RID0011794,FEST100,Festive season offer,flat,100,36.87,2024-10-19,2024-11-15
CPN0001810,RID0011803,FIRST20,First ride discount,percentage,20,11.92,2025-09-01,2025-09-23
CPN0001811,RID0011804,WEEKEND15,Weekend ride offer,percentage,15,20.89,2025-12-01,2025-12-24
CPN0001812,RID0011824,LOYAL30,Loyalty reward,flat,30,30.0,2026-03-30,2026-04-29
CPN0001813,RID0011825,WELCOME50,New user welcome offer,flat,50,24.84,2024-10-31,2024-11-22
CPN0001814,RID0011827,RAINY10,Monsoon special,percentage,10,6.79,2024-05-09,2024-05-31
CPN0001815,RID0011841,FIRST20,First ride discount,percentage,20,7.16,2026-05-09,2026-06-02
CPN0001816,RID0011845,LOYAL30,Loyalty reward,flat,30,30.0,2025-05-28,2025-06-27
CPN0001817,RID0011854,LOYAL30,Loyalty reward,flat,30,30.0,2024-09-15,2024-10-14
CPN0001818,RID0011855,LOYAL30,Loyalty reward,flat,30,30.0,2026-05-09,2026-05-20
CPN0001819,RID0011860,LOYAL30,Loyalty reward,flat,30,30.0,2025-08-07,2025-08-29
CPN0001820,RID0011865,WEEKEND15,Weekend ride offer,percentage,15,13.73,2025-05-15,2025-06-02
CPN0001821,RID0011867,FEST100,Festive season offer,flat,100,36.45,2024-09-10,2024-10-09
CPN0001822,RID0011869,RAINY10,Monsoon special,percentage,10,27.06,2026-06-15,2026-07-23
CPN0001823,RID0011871,FIRST20,First ride discount,percentage,20,40.4,2026-02-01,2026-02-18
CPN0001824,RID0011885,RAINY10,Monsoon special,percentage,10,2.82,2024-10-12,2024-11-05
CPN0001825,RID0011887,RAINY10,Monsoon special,percentage,10,8.17,2025-09-20,2025-10-11
CPN0001826,RID0011891,FIRST20,First ride discount,percentage,20,15.05,2024-11-20,2024-12-28
CPN0001827,RID0011895,LOYAL30,Loyalty reward,flat,30,30.0,2024-02-21,2024-03-06
CPN0001828,RID0011896,WEEKEND15,Weekend ride offer,percentage,15,8.09,2023-12-28,2024-01-10
CPN0001829,RID0011898,WELCOME50,New user welcome offer,flat,50,14.26,2026-03-30,2026-04-25
CPN0001830,RID0011921,WELCOME50,New user welcome offer,flat,50,41.52,2025-12-01,2025-12-25
CPN0001831,RID0011923,RAINY10,Monsoon special,percentage,10,15.54,2026-01-31,2026-03-03
CPN0001832,RID0011929,WELCOME50,New user welcome offer,flat,50,27.84,2024-05-18,2024-06-05
CPN0001833,RID0011930,WELCOME50,New user welcome offer,flat,50,47.06,2024-08-25,2024-09-24
CPN0001834,RID0011941,LOYAL30,Loyalty reward,flat,30,30.0,2024-10-28,2024-11-11
CPN0001835,RID0011951,LOYAL30,Loyalty reward,flat,30,30.0,2026-06-23,2026-07-10
CPN0001836,RID0011960,LOYAL30,Loyalty reward,flat,30,30.0,2024-06-20,2024-07-15
CPN0001837,RID0011968,FEST100,Festive season offer,flat,100,46.44,2025-07-02,2025-07-27
CPN0001838,RID0011974,FEST100,Festive season offer,flat,100,38.4,2024-06-07,2024-07-07
CPN0001839,RID0011975,WELCOME50,New user welcome offer,flat,50,23.4,2025-01-03,2025-01-29
CPN0001840,RID0011976,WEEKEND15,Weekend ride offer,percentage,15,30.41,2025-11-10,2025-12-13
CPN0001841,RID0011978,FEST100,Festive season offer,flat,100,15.39,2024-02-14,2024-03-08
CPN0001842,RID0011994,WELCOME50,New user welcome offer,flat,50,25.77,2025-08-02,2025-08-18
CPN0001843,RID0012008,FEST100,Festive season offer,flat,100,20.39,2026-02-08,2026-03-02
CPN0001844,RID0012029,FIRST20,First ride discount,percentage,20,8.64,2026-06-29,2026-07-21
CPN0001845,RID0012045,FEST100,Festive season offer,flat,100,75.24,2025-06-03,2025-06-24
CPN0001846,RID0012049,FIRST20,First ride discount,percentage,20,40.48,2025-03-20,2025-04-14
CPN0001847,RID0012059,WEEKEND15,Weekend ride offer,percentage,15,4.86,2024-02-03,2024-02-28
CPN0001848,RID0012075,WEEKEND15,Weekend ride offer,percentage,15,8.5,2024-12-20,2025-01-15
CPN0001849,RID0012081,LOYAL30,Loyalty reward,flat,30,28.54,2024-01-25,2024-02-18
CPN0001850,RID0012090,LOYAL30,Loyalty reward,flat,30,9.9,2026-02-13,2026-03-04
CPN0001851,RID0012093,WELCOME50,New user welcome offer,flat,50,33.06,2025-08-22,2025-09-16
CPN0001852,RID0012103,FIRST20,First ride discount,percentage,20,40.44,2024-02-21,2024-03-24
CPN0001853,RID0012104,LOYAL30,Loyalty reward,flat,30,30.0,2025-04-23,2025-05-16
CPN0001854,RID0012120,WELCOME50,New user welcome offer,flat,50,50.0,2025-08-05,2025-09-09
CPN0001855,RID0012132,WELCOME50,New user welcome offer,flat,50,30.78,2025-10-20,2025-11-12
CPN0001856,RID0012134,RAINY10,Monsoon special,percentage,10,2.62,2024-05-31,2024-06-21
CPN0001857,RID0012138,RAINY10,Monsoon special,percentage,10,2.82,2024-06-27,2024-07-16
CPN0001858,RID0012139,FEST100,Festive season offer,flat,100,45.06,2024-09-18,2024-10-17
CPN0001859,RID0012144,WEEKEND15,Weekend ride offer,percentage,15,21.49,2024-04-18,2024-05-07
CPN0001860,RID0012156,FIRST20,First ride discount,percentage,20,23.18,2024-01-21,2024-02-11
CPN0001861,RID0012157,WELCOME50,New user welcome offer,flat,50,17.43,2024-02-29,2024-04-01
CPN0001862,RID0012160,FIRST20,First ride discount,percentage,20,5.77,2024-08-10,2024-09-04
CPN0001863,RID0012162,WELCOME50,New user welcome offer,flat,50,29.38,2026-03-10,2026-04-05
CPN0001864,RID0012180,WELCOME50,New user welcome offer,flat,50,27.06,2024-09-08,2024-09-30
CPN0001865,RID0012185,LOYAL30,Loyalty reward,flat,30,26.52,2024-05-31,2024-07-06
CPN0001866,RID0012193,FEST100,Festive season offer,flat,100,14.64,2025-09-20,2025-10-03
CPN0001867,RID0012194,WELCOME50,New user welcome offer,flat,50,24.25,2025-02-24,2025-03-15
CPN0001868,RID0012199,WEEKEND15,Weekend ride offer,percentage,15,5.13,2025-01-21,2025-02-08
CPN0001869,RID0012206,WELCOME50,New user welcome offer,flat,50,50.0,2024-11-23,2024-12-10
CPN0001870,RID0012210,WELCOME50,New user welcome offer,flat,50,30.29,2026-01-11,2026-02-04
CPN0001871,RID0012211,LOYAL30,Loyalty reward,flat,30,30.0,2024-03-20,2024-04-16
CPN0001872,RID0012226,WELCOME50,New user welcome offer,flat,50,31.91,2025-09-17,2025-10-01
CPN0001873,RID0012231,RAINY10,Monsoon special,percentage,10,6.32,2025-09-07,2025-10-10
CPN0001874,RID0012244,FEST100,Festive season offer,flat,100,46.23,2025-09-03,2025-09-27
CPN0001875,RID0012246,RAINY10,Monsoon special,percentage,10,5.43,2025-06-04,2025-06-26
CPN0001876,RID0012258,WEEKEND15,Weekend ride offer,percentage,15,14.14,2025-04-25,2025-06-03
CPN0001877,RID0012264,WELCOME50,New user welcome offer,flat,50,50.0,2024-12-23,2025-01-11
CPN0001878,RID0012266,FEST100,Festive season offer,flat,100,26.14,2026-06-27,2026-07-26
CPN0001879,RID0012268,WEEKEND15,Weekend ride offer,percentage,15,5.61,2025-10-24,2025-11-20
CPN0001880,RID0012273,RAINY10,Monsoon special,percentage,10,4.3,2026-06-30,2026-07-17
CPN0001881,RID0012285,LOYAL30,Loyalty reward,flat,30,26.76,2025-12-18,2026-01-09
CPN0001882,RID0012295,WEEKEND15,Weekend ride offer,percentage,15,26.15,2024-01-11,2024-02-11
CPN0001883,RID0012304,WEEKEND15,Weekend ride offer,percentage,15,12.48,2025-04-15,2025-05-16
CPN0001884,RID0012309,FIRST20,First ride discount,percentage,20,18.02,2026-07-07,2026-07-30
CPN0001885,RID0012310,WEEKEND15,Weekend ride offer,percentage,15,8.39,2024-12-02,2024-12-31
CPN0001886,RID0012322,LOYAL30,Loyalty reward,flat,30,30.0,2025-07-20,2025-08-18
CPN0001887,RID0012329,WEEKEND15,Weekend ride offer,percentage,15,9.43,2024-03-30,2024-04-21
CPN0001888,RID0012330,RAINY10,Monsoon special,percentage,10,9.95,2024-12-02,2025-01-07
CPN0001889,RID0012332,WEEKEND15,Weekend ride offer,percentage,15,16.2,2025-05-30,2025-06-27
CPN0001890,RID0012346,WELCOME50,New user welcome offer,flat,50,29.7,2024-02-27,2024-03-18
CPN0001891,RID0012393,FIRST20,First ride discount,percentage,20,16.74,2024-01-23,2024-02-14
CPN0001892,RID0012395,WEEKEND15,Weekend ride offer,percentage,15,10.08,2024-05-25,2024-07-03
CPN0001893,RID0012398,WELCOME50,New user welcome offer,flat,50,23.59,2025-05-18,2025-06-12
CPN0001894,RID0012419,LOYAL30,Loyalty reward,flat,30,26.94,2024-08-28,2024-09-18
CPN0001895,RID0012429,LOYAL30,Loyalty reward,flat,30,29.16,2024-06-10,2024-07-04
CPN0001896,RID0012434,FIRST20,First ride discount,percentage,20,12.1,2024-10-30,2024-11-13
CPN0001897,RID0012440,FIRST20,First ride discount,percentage,20,50.08,2024-02-09,2024-03-11
CPN0001898,RID0012448,FEST100,Festive season offer,flat,100,56.7,2025-07-15,2025-08-20
CPN0001899,RID0012452,RAINY10,Monsoon special,percentage,10,11.66,2024-04-29,2024-05-28
CPN0001900,RID0012463,RAINY10,Monsoon special,percentage,10,7.53,2024-12-21,2025-01-06
CPN0001901,RID0012470,LOYAL30,Loyalty reward,flat,30,30.0,2025-10-23,2025-11-25
CPN0001902,RID0012479,WELCOME50,New user welcome offer,flat,50,18.15,2025-09-12,2025-10-15
CPN0001903,RID0012483,FEST100,Festive season offer,flat,100,48.98,2025-10-17,2025-11-12
CPN0001904,RID0012486,WEEKEND15,Weekend ride offer,percentage,15,6.85,2024-01-06,2024-01-26
CPN0001905,RID0012505,RAINY10,Monsoon special,percentage,10,10.73,2025-03-06,2025-04-03
CPN0001906,RID0012514,LOYAL30,Loyalty reward,flat,30,30.0,2024-03-26,2024-04-18
CPN0001907,RID0012517,FIRST20,First ride discount,percentage,20,10.21,2025-07-21,2025-08-16
CPN0001908,RID0012519,FEST100,Festive season offer,flat,100,30.98,2026-03-06,2026-03-30
CPN0001909,RID0012524,LOYAL30,Loyalty reward,flat,30,18.86,2025-10-11,2025-10-27
CPN0001910,RID0012533,WELCOME50,New user welcome offer,flat,50,50.0,2024-02-08,2024-02-22
CPN0001911,RID0012564,WELCOME50,New user welcome offer,flat,50,50.0,2024-04-09,2024-05-05
CPN0001912,RID0012565,FEST100,Festive season offer,flat,100,19.32,2024-01-14,2024-02-13
CPN0001913,RID0012572,FEST100,Festive season offer,flat,100,28.25,2025-02-24,2025-03-23
CPN0001914,RID0012575,WELCOME50,New user welcome offer,flat,50,36.3,2024-08-30,2024-09-18
CPN0001915,RID0012581,FEST100,Festive season offer,flat,100,24.09,2024-06-16,2024-07-03
CPN0001916,RID0012593,WEEKEND15,Weekend ride offer,percentage,15,9.66,2024-05-22,2024-06-21
CPN0001917,RID0012610,WEEKEND15,Weekend ride offer,percentage,15,6.74,2025-07-28,2025-08-24
CPN0001918,RID0012615,LOYAL30,Loyalty reward,flat,30,19.8,2025-12-29,2026-01-21
CPN0001919,RID0012621,LOYAL30,Loyalty reward,flat,30,30.0,2026-01-29,2026-02-11
CPN0001920,RID0012622,RAINY10,Monsoon special,percentage,10,10.41,2025-08-21,2025-09-17
CPN0001921,RID0012623,WEEKEND15,Weekend ride offer,percentage,15,32.98,2025-02-04,2025-03-02
CPN0001922,RID0012627,LOYAL30,Loyalty reward,flat,30,12.42,2025-05-01,2025-05-28
CPN0001923,RID0012636,WEEKEND15,Weekend ride offer,percentage,15,8.7,2026-04-27,2026-05-22
CPN0001924,RID0012647,FEST100,Festive season offer,flat,100,33.37,2024-08-04,2024-09-03
CPN0001925,RID0012668,WEEKEND15,Weekend ride offer,percentage,15,38.31,2025-06-28,2025-07-16
CPN0001926,RID0012688,WELCOME50,New user welcome offer,flat,50,11.91,2025-09-25,2025-10-12
CPN0001927,RID0012689,FEST100,Festive season offer,flat,100,38.52,2026-03-16,2026-04-02
CPN0001928,RID0012695,WELCOME50,New user welcome offer,flat,50,34.71,2024-02-17,2024-03-13
CPN0001929,RID0012720,WELCOME50,New user welcome offer,flat,50,50.0,2024-02-17,2024-03-05
CPN0001930,RID0012722,WELCOME50,New user welcome offer,flat,50,50.0,2025-11-15,2025-12-18
CPN0001931,RID0012732,WEEKEND15,Weekend ride offer,percentage,15,21.09,2025-10-30,2025-11-29
CPN0001932,RID0012734,FIRST20,First ride discount,percentage,20,21.95,2026-04-05,2026-05-03
CPN0001933,RID0012744,LOYAL30,Loyalty reward,flat,30,30.0,2026-01-16,2026-02-08
CPN0001934,RID0012752,FIRST20,First ride discount,percentage,20,8.65,2025-11-24,2025-12-07
CPN0001935,RID0012753,FEST100,Festive season offer,flat,100,95.58,2025-07-08,2025-07-27
CPN0001936,RID0012756,FEST100,Festive season offer,flat,100,86.67,2026-05-28,2026-06-20
CPN0001937,RID0012767,LOYAL30,Loyalty reward,flat,30,28.53,2025-04-02,2025-04-20
CPN0001938,RID0012774,RAINY10,Monsoon special,percentage,10,6.16,2025-08-06,2025-09-06
CPN0001939,RID0012781,RAINY10,Monsoon special,percentage,10,7.31,2024-03-25,2024-04-13
CPN0001940,RID0012796,LOYAL30,Loyalty reward,flat,30,11.13,2024-05-23,2024-06-24
CPN0001941,RID0012800,WEEKEND15,Weekend ride offer,percentage,15,6.92,2024-05-10,2024-06-03
CPN0001942,RID0012811,WEEKEND15,Weekend ride offer,percentage,15,6.62,2026-04-12,2026-05-03
CPN0001943,RID0012816,RAINY10,Monsoon special,percentage,10,4.38,2024-06-19,2024-07-10
CPN0001944,RID0012819,WEEKEND15,Weekend ride offer,percentage,15,19.02,2024-01-03,2024-01-28
CPN0001945,RID0012822,WEEKEND15,Weekend ride offer,percentage,15,12.94,2024-04-17,2024-05-11
CPN0001946,RID0012823,FEST100,Festive season offer,flat,100,10.02,2024-04-23,2024-05-17
CPN0001947,RID0012840,FEST100,Festive season offer,flat,100,27.0,2026-02-01,2026-02-18
CPN0001948,RID0012842,LOYAL30,Loyalty reward,flat,30,30.0,2025-12-02,2025-12-21
CPN0001949,RID0012848,WELCOME50,New user welcome offer,flat,50,50.0,2025-07-01,2025-07-14
CPN0001950,RID0012855,WEEKEND15,Weekend ride offer,percentage,15,7.81,2025-10-11,2025-11-07
CPN0001951,RID0012860,FEST100,Festive season offer,flat,100,33.4,2024-08-16,2024-09-01
CPN0001952,RID0012873,FEST100,Festive season offer,flat,100,17.88,2026-04-13,2026-05-07
CPN0001953,RID0012875,FIRST20,First ride discount,percentage,20,21.44,2026-06-17,2026-07-14
CPN0001954,RID0012876,FEST100,Festive season offer,flat,100,18.1,2024-11-10,2024-12-02
CPN0001955,RID0012887,WEEKEND15,Weekend ride offer,percentage,15,3.73,2024-06-08,2024-07-03
CPN0001956,RID0012888,WEEKEND15,Weekend ride offer,percentage,15,12.75,2024-06-25,2024-07-29
CPN0001957,RID0012899,LOYAL30,Loyalty reward,flat,30,30.0,2025-12-29,2026-01-18
CPN0001958,RID0012900,FIRST20,First ride discount,percentage,20,29.15,2025-02-01,2025-02-25
CPN0001959,RID0012906,FIRST20,First ride discount,percentage,20,15.5,2025-12-09,2025-12-27
CPN0001960,RID0012912,LOYAL30,Loyalty reward,flat,30,30.0,2026-01-12,2026-02-08
CPN0001961,RID0012920,FIRST20,First ride discount,percentage,20,20.02,2024-11-10,2024-12-14
CPN0001962,RID0012929,LOYAL30,Loyalty reward,flat,30,30.0,2026-01-29,2026-02-18
CPN0001963,RID0012934,WEEKEND15,Weekend ride offer,percentage,15,5.94,2025-12-07,2025-12-18
CPN0001964,RID0012938,FEST100,Festive season offer,flat,100,9.9,2024-10-31,2024-11-30
CPN0001965,RID0012941,LOYAL30,Loyalty reward,flat,30,20.2,2026-06-03,2026-07-01
CPN0001966,RID0012943,WELCOME50,New user welcome offer,flat,50,33.84,2024-01-01,2024-01-15
CPN0001967,RID0012945,LOYAL30,Loyalty reward,flat,30,10.35,2025-04-30,2025-05-26
CPN0001968,RID0012950,RAINY10,Monsoon special,percentage,10,16.38,2025-09-05,2025-10-08
CPN0001969,RID0012951,FEST100,Festive season offer,flat,100,47.81,2026-03-01,2026-04-03
CPN0001970,RID0012954,WEEKEND15,Weekend ride offer,percentage,15,10.48,2025-10-27,2025-12-03
CPN0001971,RID0012957,WELCOME50,New user welcome offer,flat,50,50.0,2025-07-19,2025-08-17
CPN0001972,RID0012969,FIRST20,First ride discount,percentage,20,8.14,2024-08-23,2024-09-23
CPN0001973,RID0012970,WEEKEND15,Weekend ride offer,percentage,15,12.69,2024-04-27,2024-05-17
CPN0001974,RID0012974,LOYAL30,Loyalty reward,flat,30,30.0,2025-07-31,2025-09-05
CPN0001975,RID0012983,FIRST20,First ride discount,percentage,20,21.01,2024-01-10,2024-02-03
CPN0001976,RID0012995,WELCOME50,New user welcome offer,flat,50,28.26,2025-11-04,2025-11-25
CPN0001977,RID0013006,RAINY10,Monsoon special,percentage,10,8.27,2024-09-12,2024-10-14
CPN0001978,RID0013009,RAINY10,Monsoon special,percentage,10,10.88,2026-06-13,2026-07-11
CPN0001979,RID0013010,WELCOME50,New user welcome offer,flat,50,45.3,2025-07-06,2025-07-25
CPN0001980,RID0013011,LOYAL30,Loyalty reward,flat,30,30.0,2024-11-02,2024-11-19
CPN0001981,RID0013020,LOYAL30,Loyalty reward,flat,30,30.0,2024-09-26,2024-10-24
CPN0001982,RID0013022,RAINY10,Monsoon special,percentage,10,7.57,2024-10-26,2024-11-13
CPN0001983,RID0013030,LOYAL30,Loyalty reward,flat,30,30.0,2024-10-17,2024-11-02
CPN0001984,RID0013036,LOYAL30,Loyalty reward,flat,30,30.0,2024-08-11,2024-09-03
CPN0001985,RID0013039,FIRST20,First ride discount,percentage,20,34.32,2025-05-04,2025-06-01
CPN0001986,RID0013054,WELCOME50,New user welcome offer,flat,50,50.0,2024-07-27,2024-08-29
CPN0001987,RID0013059,RAINY10,Monsoon special,percentage,10,10.07,2024-10-27,2024-11-24
CPN0001988,RID0013061,LOYAL30,Loyalty reward,flat,30,30.0,2026-01-23,2026-02-20
CPN0001989,RID0013066,RAINY10,Monsoon special,percentage,10,6.37,2024-04-18,2024-05-08
CPN0001990,RID0013069,LOYAL30,Loyalty reward,flat,30,30.0,2025-03-26,2025-04-07
CPN0001991,RID0013083,FEST100,Festive season offer,flat,100,76.68,2024-09-19,2024-10-21
CPN0001992,RID0013103,RAINY10,Monsoon special,percentage,10,7.63,2024-08-17,2024-09-01
CPN0001993,RID0013109,FIRST20,First ride discount,percentage,20,13.82,2023-12-15,2024-01-24
CPN0001994,RID0013112,WEEKEND15,Weekend ride offer,percentage,15,5.71,2026-05-04,2026-06-02
CPN0001995,RID0013139,LOYAL30,Loyalty reward,flat,30,30.0,2025-05-13,2025-06-02
CPN0001996,RID0013164,FIRST20,First ride discount,percentage,20,21.51,2024-04-18,2024-05-15
CPN0001997,RID0013165,FIRST20,First ride discount,percentage,20,14.22,2024-01-02,2024-01-28
CPN0001998,RID0013166,FEST100,Festive season offer,flat,100,47.64,2024-05-31,2024-06-26
CPN0001999,RID0013168,LOYAL30,Loyalty reward,flat,30,30.0,2024-07-14,2024-08-11
CPN0002000,RID0013178,RAINY10,Monsoon special,percentage,10,7.99,2025-05-02,2025-05-25
CPN0002001,RID0013185,WEEKEND15,Weekend ride offer,percentage,15,22.48,2024-04-02,2024-05-02
CPN0002002,RID0013191,FEST100,Festive season offer,flat,100,42.34,2026-01-04,2026-02-01
CPN0002003,RID0013194,RAINY10,Monsoon special,percentage,10,6.23,2025-04-04,2025-04-29
CPN0002004,RID0013196,FIRST20,First ride discount,percentage,20,17.86,2025-12-17,2026-01-01
CPN0002005,RID0013201,FIRST20,First ride discount,percentage,20,25.15,2025-07-28,2025-08-24
CPN0002006,RID0013208,FEST100,Festive season offer,flat,100,19.59,2024-06-08,2024-06-20
CPN0002007,RID0013212,LOYAL30,Loyalty reward,flat,30,30.0,2025-03-02,2025-03-27
CPN0002008,RID0013222,LOYAL30,Loyalty reward,flat,30,21.39,2026-01-08,2026-01-22
CPN0002009,RID0013223,WEEKEND15,Weekend ride offer,percentage,15,16.9,2026-04-26,2026-05-20
CPN0002010,RID0013232,WEEKEND15,Weekend ride offer,percentage,15,12.06,2024-06-25,2024-07-30
CPN0002011,RID0013238,LOYAL30,Loyalty reward,flat,30,30.0,2024-10-29,2024-11-13
CPN0002012,RID0013239,FEST100,Festive season offer,flat,100,80.91,2026-05-08,2026-05-31
CPN0002013,RID0013256,WEEKEND15,Weekend ride offer,percentage,15,23.29,2026-04-17,2026-05-08
CPN0002014,RID0013261,WEEKEND15,Weekend ride offer,percentage,15,5.91,2025-03-09,2025-04-04
CPN0002015,RID0013275,FEST100,Festive season offer,flat,100,28.09,2025-11-19,2025-12-06
CPN0002016,RID0013287,FIRST20,First ride discount,percentage,20,15.0,2025-11-29,2025-12-14
CPN0002017,RID0013288,FIRST20,First ride discount,percentage,20,5.36,2025-11-20,2025-12-15
CPN0002018,RID0013296,RAINY10,Monsoon special,percentage,10,4.64,2025-10-04,2025-11-03
CPN0002019,RID0013306,RAINY10,Monsoon special,percentage,10,11.58,2026-06-17,2026-07-12
CPN0002020,RID0013309,LOYAL30,Loyalty reward,flat,30,24.4,2024-02-04,2024-02-23
CPN0002021,RID0013311,FEST100,Festive season offer,flat,100,32.04,2024-07-04,2024-08-05
CPN0002022,RID0013321,WELCOME50,New user welcome offer,flat,50,32.31,2025-01-15,2025-02-10
CPN0002023,RID0013324,FIRST20,First ride discount,percentage,20,18.29,2026-02-25,2026-03-15
CPN0002024,RID0013338,WELCOME50,New user welcome offer,flat,50,44.55,2026-01-03,2026-02-02
CPN0002025,RID0013340,WELCOME50,New user welcome offer,flat,50,22.68,2025-03-14,2025-04-14
CPN0002026,RID0013341,RAINY10,Monsoon special,percentage,10,15.46,2025-11-14,2025-12-06
CPN0002027,RID0013342,LOYAL30,Loyalty reward,flat,30,30.0,2024-06-09,2024-06-22
CPN0002028,RID0013346,FEST100,Festive season offer,flat,100,65.22,2024-03-15,2024-04-14
CPN0002029,RID0013358,FIRST20,First ride discount,percentage,20,6.08,2025-04-30,2025-05-20
CPN0002030,RID0013367,WEEKEND15,Weekend ride offer,percentage,15,11.61,2025-11-08,2025-12-06
CPN0002031,RID0013369,FIRST20,First ride discount,percentage,20,19.99,2025-10-02,2025-10-31
CPN0002032,RID0013398,FIRST20,First ride discount,percentage,20,17.28,2025-07-26,2025-08-19
CPN0002033,RID0013400,WEEKEND15,Weekend ride offer,percentage,15,15.99,2024-09-04,2024-09-28
CPN0002034,RID0013401,WELCOME50,New user welcome offer,flat,50,34.98,2024-02-17,2024-03-13
CPN0002035,RID0013402,RAINY10,Monsoon special,percentage,10,8.44,2025-06-16,2025-07-04
CPN0002036,RID0013406,FIRST20,First ride discount,percentage,20,34.44,2024-08-18,2024-09-11
CPN0002037,RID0013427,LOYAL30,Loyalty reward,flat,30,30.0,2025-02-11,2025-03-13
CPN0002038,RID0013430,FEST100,Festive season offer,flat,100,100.0,2025-07-09,2025-08-06
CPN0002039,RID0013433,FEST100,Festive season offer,flat,100,89.57,2024-12-14,2025-01-06
CPN0002040,RID0013437,FEST100,Festive season offer,flat,100,78.57,2024-10-02,2024-11-01
CPN0002041,RID0013438,WEEKEND15,Weekend ride offer,percentage,15,7.1,2024-02-07,2024-03-15
CPN0002042,RID0013451,FEST100,Festive season offer,flat,100,19.8,2025-02-16,2025-03-17
CPN0002043,RID0013455,RAINY10,Monsoon special,percentage,10,8.43,2026-03-07,2026-03-25
CPN0002044,RID0013456,WEEKEND15,Weekend ride offer,percentage,15,14.98,2024-05-09,2024-05-30
CPN0002045,RID0013465,WELCOME50,New user welcome offer,flat,50,35.64,2024-08-06,2024-08-30
CPN0002046,RID0013466,WEEKEND15,Weekend ride offer,percentage,15,7.13,2024-02-21,2024-03-24
CPN0002047,RID0013467,FEST100,Festive season offer,flat,100,9.9,2026-07-11,2026-07-26
CPN0002048,RID0013472,FIRST20,First ride discount,percentage,20,11.23,2025-12-13,2026-01-12
CPN0002049,RID0013473,FEST100,Festive season offer,flat,100,51.46,2024-07-07,2024-08-07
CPN0002050,RID0013475,WEEKEND15,Weekend ride offer,percentage,15,21.5,2025-08-13,2025-09-06
CPN0002051,RID0013482,WELCOME50,New user welcome offer,flat,50,50.0,2024-06-19,2024-07-18
CPN0002052,RID0013483,WELCOME50,New user welcome offer,flat,50,50.0,2024-09-23,2024-10-24
CPN0002053,RID0013486,RAINY10,Monsoon special,percentage,10,23.7,2024-06-06,2024-06-29
CPN0002054,RID0013489,RAINY10,Monsoon special,percentage,10,14.45,2026-03-06,2026-03-20
CPN0002055,RID0013493,WELCOME50,New user welcome offer,flat,50,28.38,2025-11-19,2025-12-16
CPN0002056,RID0013503,FIRST20,First ride discount,percentage,20,80.14,2026-06-29,2026-07-17
CPN0002057,RID0013504,RAINY10,Monsoon special,percentage,10,7.35,2024-10-28,2024-11-14
CPN0002058,RID0013506,FIRST20,First ride discount,percentage,20,9.0,2026-02-21,2026-03-16
CPN0002059,RID0013512,WEEKEND15,Weekend ride offer,percentage,15,12.29,2024-05-05,2024-05-29
CPN0002060,RID0013520,FEST100,Festive season offer,flat,100,20.4,2025-10-26,2025-11-19
CPN0002061,RID0013522,FIRST20,First ride discount,percentage,20,13.56,2025-11-18,2025-12-03
CPN0002062,RID0013529,RAINY10,Monsoon special,percentage,10,4.76,2024-12-25,2025-01-18
CPN0002063,RID0013538,WELCOME50,New user welcome offer,flat,50,50.0,2024-03-12,2024-04-05
CPN0002064,RID0013543,FEST100,Festive season offer,flat,100,55.08,2025-11-28,2025-12-25
CPN0002065,RID0013550,WEEKEND15,Weekend ride offer,percentage,15,37.21,2025-06-25,2025-08-02
CPN0002066,RID0013563,LOYAL30,Loyalty reward,flat,30,30.0,2024-07-11,2024-07-29
CPN0002067,RID0013569,LOYAL30,Loyalty reward,flat,30,25.38,2024-08-01,2024-08-28
CPN0002068,RID0013570,WELCOME50,New user welcome offer,flat,50,50.0,2024-04-24,2024-05-31
CPN0002069,RID0013571,RAINY10,Monsoon special,percentage,10,9.54,2024-11-30,2024-12-30
CPN0002070,RID0013573,FEST100,Festive season offer,flat,100,54.42,2024-07-03,2024-08-05
CPN0002071,RID0013581,LOYAL30,Loyalty reward,flat,30,30.0,2024-06-27,2024-07-30
CPN0002072,RID0013589,LOYAL30,Loyalty reward,flat,30,30.0,2024-09-11,2024-10-02
CPN0002073,RID0013598,FEST100,Festive season offer,flat,100,65.28,2024-01-19,2024-02-19
CPN0002074,RID0013599,RAINY10,Monsoon special,percentage,10,8.21,2025-11-01,2025-11-26
CPN0002075,RID0013602,FEST100,Festive season offer,flat,100,19.33,2026-02-10,2026-03-04
CPN0002076,RID0013606,WELCOME50,New user welcome offer,flat,50,50.0,2025-03-18,2025-04-08
CPN0002077,RID0013610,WELCOME50,New user welcome offer,flat,50,50.0,2024-12-30,2025-01-12
CPN0002078,RID0013611,FIRST20,First ride discount,percentage,20,12.96,2024-10-19,2024-11-21
CPN0002079,RID0013632,FEST100,Festive season offer,flat,100,12.87,2026-01-13,2026-01-28
CPN0002080,RID0013643,RAINY10,Monsoon special,percentage,10,13.09,2024-10-25,2024-11-14
CPN0002081,RID0013645,RAINY10,Monsoon special,percentage,10,10.45,2024-07-30,2024-08-26
CPN0002082,RID0013649,WEEKEND15,Weekend ride offer,percentage,15,8.05,2025-04-17,2025-05-06
CPN0002083,RID0013656,RAINY10,Monsoon special,percentage,10,2.38,2026-01-03,2026-01-30
CPN0002084,RID0013658,FIRST20,First ride discount,percentage,20,20.57,2026-03-23,2026-04-19
CPN0002085,RID0013686,FEST100,Festive season offer,flat,100,72.74,2024-08-09,2024-09-16
CPN0002086,RID0013694,RAINY10,Monsoon special,percentage,10,11.88,2024-06-12,2024-07-08
CPN0002087,RID0013698,WEEKEND15,Weekend ride offer,percentage,15,3.28,2026-03-08,2026-03-22
CPN0002088,RID0013710,RAINY10,Monsoon special,percentage,10,5.4,2025-07-25,2025-08-29
CPN0002089,RID0013717,FEST100,Festive season offer,flat,100,100.0,2025-04-17,2025-05-12
CPN0002090,RID0013726,FEST100,Festive season offer,flat,100,77.09,2024-04-07,2024-05-06
CPN0002091,RID0013732,FIRST20,First ride discount,percentage,20,18.89,2024-03-20,2024-04-21
CPN0002092,RID0013769,FEST100,Festive season offer,flat,100,19.77,2025-03-08,2025-04-10
CPN0002093,RID0013770,FEST100,Festive season offer,flat,100,82.58,2025-11-13,2025-12-13
CPN0002094,RID0013783,RAINY10,Monsoon special,percentage,10,5.5,2024-05-31,2024-06-25
CPN0002095,RID0013792,RAINY10,Monsoon special,percentage,10,10.41,2025-01-31,2025-03-05
CPN0002096,RID0013797,WELCOME50,New user welcome offer,flat,50,16.49,2024-10-12,2024-11-15
CPN0002097,RID0013801,FEST100,Festive season offer,flat,100,37.73,2026-03-31,2026-05-04
CPN0002098,RID0013809,FIRST20,First ride discount,percentage,20,32.14,2026-07-02,2026-07-24
CPN0002099,RID0013818,FEST100,Festive season offer,flat,100,16.83,2025-06-11,2025-07-13
CPN0002100,RID0013819,WEEKEND15,Weekend ride offer,percentage,15,21.35,2025-09-20,2025-10-17
CPN0002101,RID0013820,LOYAL30,Loyalty reward,flat,30,30.0,2024-09-30,2024-10-23
CPN0002102,RID0013823,FEST100,Festive season offer,flat,100,18.91,2025-05-04,2025-06-04
CPN0002103,RID0013824,FIRST20,First ride discount,percentage,20,6.68,2024-08-14,2024-09-13
CPN0002104,RID0013827,RAINY10,Monsoon special,percentage,10,9.04,2024-07-20,2024-08-26
CPN0002105,RID0013837,FIRST20,First ride discount,percentage,20,7.92,2025-02-05,2025-03-08
CPN0002106,RID0013860,LOYAL30,Loyalty reward,flat,30,20.7,2025-09-04,2025-09-30
CPN0002107,RID0013862,WEEKEND15,Weekend ride offer,percentage,15,25.33,2025-08-16,2025-09-14
CPN0002108,RID0013863,FEST100,Festive season offer,flat,100,32.22,2025-08-10,2025-08-29
CPN0002109,RID0013870,FIRST20,First ride discount,percentage,20,17.16,2024-05-14,2024-06-06
CPN0002110,RID0013886,WEEKEND15,Weekend ride offer,percentage,15,22.78,2024-04-19,2024-05-15
CPN0002111,RID0013896,LOYAL30,Loyalty reward,flat,30,17.73,2025-12-29,2026-01-30
CPN0002112,RID0013897,RAINY10,Monsoon special,percentage,10,7.43,2024-02-07,2024-03-08
CPN0002113,RID0013898,LOYAL30,Loyalty reward,flat,30,13.6,2025-02-16,2025-03-19
CPN0002114,RID0013901,FIRST20,First ride discount,percentage,20,12.5,2026-03-25,2026-04-22
CPN0002115,RID0013911,FIRST20,First ride discount,percentage,20,9.86,2025-01-09,2025-01-30
CPN0002116,RID0013917,RAINY10,Monsoon special,percentage,10,16.56,2024-02-28,2024-04-03
CPN0002117,RID0013918,RAINY10,Monsoon special,percentage,10,7.55,2024-02-13,2024-02-28
CPN0002118,RID0013924,RAINY10,Monsoon special,percentage,10,18.03,2024-09-14,2024-10-07
CPN0002119,RID0013936,RAINY10,Monsoon special,percentage,10,3.18,2024-07-11,2024-08-08
CPN0002120,RID0013957,WELCOME50,New user welcome offer,flat,50,11.79,2026-03-08,2026-03-29
CPN0002121,RID0013959,FIRST20,First ride discount,percentage,20,4.87,2025-04-21,2025-05-20
CPN0002122,RID0013966,WELCOME50,New user welcome offer,flat,50,32.1,2026-04-23,2026-05-24
CPN0002123,RID0013968,WEEKEND15,Weekend ride offer,percentage,15,35.91,2024-11-05,2024-12-01
CPN0002124,RID0013971,WELCOME50,New user welcome offer,flat,50,50.0,2026-04-28,2026-05-21
CPN0002125,RID0013979,LOYAL30,Loyalty reward,flat,30,30.0,2026-05-03,2026-05-25
CPN0002126,RID0013980,WEEKEND15,Weekend ride offer,percentage,15,27.01,2024-11-28,2025-01-03
CPN0002127,RID0013995,WEEKEND15,Weekend ride offer,percentage,15,38.85,2026-02-26,2026-03-14
CPN0002128,RID0014016,LOYAL30,Loyalty reward,flat,30,30.0,2025-03-19,2025-04-02
CPN0002129,RID0014018,RAINY10,Monsoon special,percentage,10,16.97,2025-08-16,2025-09-04
CPN0002130,RID0014023,WEEKEND15,Weekend ride offer,percentage,15,20.57,2024-03-25,2024-04-06
CPN0002131,RID0014041,WEEKEND15,Weekend ride offer,percentage,15,18.37,2025-06-03,2025-06-20
CPN0002132,RID0014042,FIRST20,First ride discount,percentage,20,34.09,2025-01-21,2025-02-16
CPN0002133,RID0014045,LOYAL30,Loyalty reward,flat,30,30.0,2025-01-13,2025-01-25
CPN0002134,RID0014046,LOYAL30,Loyalty reward,flat,30,25.32,2024-02-19,2024-03-24
CPN0002135,RID0014061,WEEKEND15,Weekend ride offer,percentage,15,31.55,2025-03-07,2025-04-10
CPN0002136,RID0014062,WEEKEND15,Weekend ride offer,percentage,15,17.12,2024-09-28,2024-10-29
CPN0002137,RID0014064,FIRST20,First ride discount,percentage,20,8.48,2024-12-17,2025-01-04
CPN0002138,RID0014077,WELCOME50,New user welcome offer,flat,50,21.25,2025-09-03,2025-10-02
CPN0002139,RID0014083,FIRST20,First ride discount,percentage,20,16.64,2024-06-11,2024-07-06
CPN0002140,RID0014088,WEEKEND15,Weekend ride offer,percentage,15,61.56,2025-03-04,2025-04-11
CPN0002141,RID0014089,RAINY10,Monsoon special,percentage,10,6.74,2024-12-19,2025-01-04
CPN0002142,RID0014090,FEST100,Festive season offer,flat,100,36.05,2025-09-21,2025-10-16
CPN0002143,RID0014100,FEST100,Festive season offer,flat,100,30.48,2023-12-27,2024-01-29
CPN0002144,RID0014101,RAINY10,Monsoon special,percentage,10,6.69,2026-03-09,2026-04-13
CPN0002145,RID0014114,LOYAL30,Loyalty reward,flat,30,30.0,2026-05-05,2026-05-22
CPN0002146,RID0014117,LOYAL30,Loyalty reward,flat,30,30.0,2025-01-02,2025-01-29
CPN0002147,RID0014145,FEST100,Festive season offer,flat,100,41.22,2026-06-04,2026-06-27
CPN0002148,RID0014158,WELCOME50,New user welcome offer,flat,50,41.01,2024-09-27,2024-10-29
CPN0002149,RID0014159,LOYAL30,Loyalty reward,flat,30,30.0,2024-10-04,2024-10-31
CPN0002150,RID0014164,RAINY10,Monsoon special,percentage,10,7.31,2025-12-14,2026-01-05
CPN0002151,RID0014168,FIRST20,First ride discount,percentage,20,7.58,2024-02-21,2024-03-25
CPN0002152,RID0014171,WEEKEND15,Weekend ride offer,percentage,15,17.48,2024-08-10,2024-08-25
CPN0002153,RID0014194,WEEKEND15,Weekend ride offer,percentage,15,8.86,2024-06-11,2024-07-02
CPN0002154,RID0014212,FEST100,Festive season offer,flat,100,58.11,2024-05-08,2024-06-04
CPN0002155,RID0014231,RAINY10,Monsoon special,percentage,10,10.6,2024-09-22,2024-10-16
CPN0002156,RID0014232,RAINY10,Monsoon special,percentage,10,14.3,2024-11-21,2024-12-18
CPN0002157,RID0014237,FEST100,Festive season offer,flat,100,50.34,2025-03-19,2025-04-12
CPN0002158,RID0014241,WELCOME50,New user welcome offer,flat,50,28.32,2024-03-07,2024-03-19
CPN0002159,RID0014243,FEST100,Festive season offer,flat,100,26.97,2026-02-08,2026-03-03
CPN0002160,RID0014254,FIRST20,First ride discount,percentage,20,12.3,2025-08-26,2025-09-24
CPN0002161,RID0014256,WELCOME50,New user welcome offer,flat,50,15.75,2024-09-06,2024-10-02
CPN0002162,RID0014271,WELCOME50,New user welcome offer,flat,50,13.59,2024-02-02,2024-02-23
CPN0002163,RID0014278,RAINY10,Monsoon special,percentage,10,6.28,2025-06-17,2025-07-16
CPN0002164,RID0014280,FEST100,Festive season offer,flat,100,58.7,2025-05-14,2025-06-11
CPN0002165,RID0014282,WEEKEND15,Weekend ride offer,percentage,15,42.52,2024-12-12,2025-01-07
CPN0002166,RID0014287,WELCOME50,New user welcome offer,flat,50,50.0,2025-03-03,2025-04-07
CPN0002167,RID0014289,FEST100,Festive season offer,flat,100,39.54,2024-12-03,2024-12-15
CPN0002168,RID0014290,WELCOME50,New user welcome offer,flat,50,50.0,2025-04-06,2025-05-03
CPN0002169,RID0014295,FEST100,Festive season offer,flat,100,19.8,2025-06-28,2025-07-16
CPN0002170,RID0014303,RAINY10,Monsoon special,percentage,10,3.4,2025-08-20,2025-09-20
CPN0002171,RID0014307,FEST100,Festive season offer,flat,100,64.08,2026-06-10,2026-07-02
CPN0002172,RID0014315,FIRST20,First ride discount,percentage,20,26.98,2024-05-28,2024-06-12
CPN0002173,RID0014316,WEEKEND15,Weekend ride offer,percentage,15,16.21,2025-03-09,2025-04-01
CPN0002174,RID0014325,WELCOME50,New user welcome offer,flat,50,40.15,2025-04-27,2025-05-24
CPN0002175,RID0014331,WELCOME50,New user welcome offer,flat,50,10.53,2024-12-28,2025-01-24
CPN0002176,RID0014332,RAINY10,Monsoon special,percentage,10,11.28,2025-11-29,2025-12-19
CPN0002177,RID0014333,WELCOME50,New user welcome offer,flat,50,50.0,2025-01-22,2025-02-23
CPN0002178,RID0014340,FIRST20,First ride discount,percentage,20,13.58,2025-08-14,2025-09-10
CPN0002179,RID0014344,RAINY10,Monsoon special,percentage,10,8.23,2025-12-26,2026-01-21
CPN0002180,RID0014347,WEEKEND15,Weekend ride offer,percentage,15,16.22,2025-12-23,2026-01-15
CPN0002181,RID0014361,FEST100,Festive season offer,flat,100,24.7,2025-02-06,2025-02-28
CPN0002182,RID0014362,LOYAL30,Loyalty reward,flat,30,14.85,2024-07-20,2024-08-11
CPN0002183,RID0014371,LOYAL30,Loyalty reward,flat,30,30.0,2024-08-12,2024-08-26
CPN0002184,RID0014374,FEST100,Festive season offer,flat,100,9.9,2024-06-04,2024-06-23
CPN0002185,RID0014375,WELCOME50,New user welcome offer,flat,50,30.03,2025-01-31,2025-03-02
CPN0002186,RID0014393,FEST100,Festive season offer,flat,100,23.12,2024-04-22,2024-05-14
CPN0002187,RID0014400,FEST100,Festive season offer,flat,100,59.7,2024-10-15,2024-11-04
CPN0002188,RID0014402,LOYAL30,Loyalty reward,flat,30,27.6,2025-10-21,2025-11-02
CPN0002189,RID0014405,WELCOME50,New user welcome offer,flat,50,32.82,2024-03-06,2024-04-06
CPN0002190,RID0014406,FEST100,Festive season offer,flat,100,49.16,2026-04-19,2026-05-19
CPN0002191,RID0014409,RAINY10,Monsoon special,percentage,10,16.24,2025-11-04,2025-11-25
CPN0002192,RID0014415,WEEKEND15,Weekend ride offer,percentage,15,4.35,2026-02-04,2026-03-11
CPN0002193,RID0014428,FEST100,Festive season offer,flat,100,94.8,2025-10-01,2025-10-23
CPN0002194,RID0014429,RAINY10,Monsoon special,percentage,10,5.88,2024-10-19,2024-11-11
CPN0002195,RID0014436,WELCOME50,New user welcome offer,flat,50,34.08,2024-04-09,2024-05-06
CPN0002196,RID0014447,WELCOME50,New user welcome offer,flat,50,28.44,2024-01-20,2024-02-14
CPN0002197,RID0014450,RAINY10,Monsoon special,percentage,10,8.44,2024-10-17,2024-11-16
CPN0002198,RID0014452,LOYAL30,Loyalty reward,flat,30,30.0,2025-09-12,2025-10-15
CPN0002199,RID0014462,FEST100,Festive season offer,flat,100,95.06,2026-03-22,2026-04-02
CPN0002200,RID0014465,FIRST20,First ride discount,percentage,20,29.69,2025-11-26,2025-12-18
CPN0002201,RID0014483,WELCOME50,New user welcome offer,flat,50,50.0,2025-12-01,2026-01-09
CPN0002202,RID0014484,WEEKEND15,Weekend ride offer,percentage,15,23.48,2024-01-26,2024-02-11
CPN0002203,RID0014488,FEST100,Festive season offer,flat,100,37.5,2024-06-24,2024-07-15
CPN0002204,RID0014496,LOYAL30,Loyalty reward,flat,30,30.0,2025-11-17,2025-12-14
CPN0002205,RID0014502,FIRST20,First ride discount,percentage,20,23.93,2026-02-15,2026-02-28
CPN0002206,RID0014504,FIRST20,First ride discount,percentage,20,14.26,2024-04-11,2024-04-30
CPN0002207,RID0014506,WEEKEND15,Weekend ride offer,percentage,15,9.09,2025-01-25,2025-03-03
CPN0002208,RID0014520,WEEKEND15,Weekend ride offer,percentage,15,15.56,2025-02-28,2025-03-28
CPN0002209,RID0014521,WELCOME50,New user welcome offer,flat,50,19.23,2025-11-25,2025-12-28
CPN0002210,RID0014523,RAINY10,Monsoon special,percentage,10,6.97,2024-12-01,2024-12-19
CPN0002211,RID0014526,RAINY10,Monsoon special,percentage,10,4.28,2026-06-04,2026-07-01
CPN0002212,RID0014527,LOYAL30,Loyalty reward,flat,30,30.0,2025-07-25,2025-08-28
CPN0002213,RID0014537,FEST100,Festive season offer,flat,100,53.4,2025-05-24,2025-06-15
CPN0002214,RID0014547,WELCOME50,New user welcome offer,flat,50,39.06,2025-06-03,2025-06-21
CPN0002215,RID0014549,FEST100,Festive season offer,flat,100,42.24,2025-12-16,2026-01-09
CPN0002216,RID0014554,WELCOME50,New user welcome offer,flat,50,48.15,2024-05-14,2024-06-08
CPN0002217,RID0014561,WEEKEND15,Weekend ride offer,percentage,15,10.82,2025-01-25,2025-03-01
CPN0002218,RID0014575,FIRST20,First ride discount,percentage,20,10.15,2025-03-09,2025-04-09
CPN0002219,RID0014582,LOYAL30,Loyalty reward,flat,30,30.0,2024-08-14,2024-09-12
CPN0002220,RID0014585,FEST100,Festive season offer,flat,100,100.0,2024-04-07,2024-04-30
CPN0002221,RID0014589,FIRST20,First ride discount,percentage,20,13.32,2026-02-19,2026-03-08
CPN0002222,RID0014595,FIRST20,First ride discount,percentage,20,44.45,2026-04-08,2026-05-07
CPN0002223,RID0014598,FIRST20,First ride discount,percentage,20,26.14,2026-06-10,2026-07-07
CPN0002224,RID0014618,RAINY10,Monsoon special,percentage,10,14.32,2023-12-24,2024-01-12
CPN0002225,RID0014623,LOYAL30,Loyalty reward,flat,30,29.95,2024-02-21,2024-03-22
CPN0002226,RID0014638,RAINY10,Monsoon special,percentage,10,8.56,2025-03-08,2025-04-04
CPN0002227,RID0014644,FEST100,Festive season offer,flat,100,80.1,2024-06-22,2024-07-17
CPN0002228,RID0014649,FEST100,Festive season offer,flat,100,60.34,2025-06-17,2025-07-07
CPN0002229,RID0014651,LOYAL30,Loyalty reward,flat,30,30.0,2024-11-09,2024-12-17
CPN0002230,RID0014653,LOYAL30,Loyalty reward,flat,30,30.0,2025-02-07,2025-03-08
CPN0002231,RID0014662,WEEKEND15,Weekend ride offer,percentage,15,24.79,2025-10-30,2025-12-04
CPN0002232,RID0014665,RAINY10,Monsoon special,percentage,10,6.23,2025-08-07,2025-09-04
CPN0002233,RID0014667,LOYAL30,Loyalty reward,flat,30,14.72,2026-03-29,2026-04-23
CPN0002234,RID0014680,LOYAL30,Loyalty reward,flat,30,25.92,2024-04-24,2024-05-11
CPN0002235,RID0014683,WELCOME50,New user welcome offer,flat,50,50.0,2024-07-04,2024-07-26
CPN0002236,RID0014688,LOYAL30,Loyalty reward,flat,30,30.0,2026-03-20,2026-04-14
CPN0002237,RID0014693,WELCOME50,New user welcome offer,flat,50,50.0,2024-04-22,2024-05-16
CPN0002238,RID0014699,WEEKEND15,Weekend ride offer,percentage,15,10.24,2024-06-22,2024-07-24
CPN0002239,RID0014701,FEST100,Festive season offer,flat,100,34.2,2025-11-13,2025-12-06
CPN0002240,RID0014703,WEEKEND15,Weekend ride offer,percentage,15,7.75,2025-03-21,2025-04-23
CPN0002241,RID0014731,WELCOME50,New user welcome offer,flat,50,50.0,2024-05-18,2024-06-15
CPN0002242,RID0014742,WEEKEND15,Weekend ride offer,percentage,15,29.59,2024-07-29,2024-08-28
CPN0002243,RID0014755,FIRST20,First ride discount,percentage,20,29.06,2024-12-20,2025-01-08
CPN0002244,RID0014756,LOYAL30,Loyalty reward,flat,30,24.57,2025-08-21,2025-09-15
CPN0002245,RID0014768,WEEKEND15,Weekend ride offer,percentage,15,18.31,2024-10-31,2024-11-27
CPN0002246,RID0014771,RAINY10,Monsoon special,percentage,10,4.94,2025-09-11,2025-10-06
CPN0002247,RID0014781,LOYAL30,Loyalty reward,flat,30,17.52,2024-01-02,2024-01-23
CPN0002248,RID0014799,WELCOME50,New user welcome offer,flat,50,50.0,2026-04-29,2026-05-21
CPN0002249,RID0014801,WELCOME50,New user welcome offer,flat,50,30.81,2025-08-30,2025-09-15
CPN0002250,RID0014803,RAINY10,Monsoon special,percentage,10,2.36,2025-01-29,2025-03-09
CPN0002251,RID0014808,FEST100,Festive season offer,flat,100,10.83,2025-07-16,2025-08-06
CPN0002252,RID0014813,FEST100,Festive season offer,flat,100,63.14,2024-04-18,2024-05-15
CPN0002253,RID0014816,FEST100,Festive season offer,flat,100,21.34,2024-11-13,2024-12-08
CPN0002254,RID0014822,FEST100,Festive season offer,flat,100,22.41,2025-09-04,2025-09-22
CPN0002255,RID0014824,LOYAL30,Loyalty reward,flat,30,30.0,2024-12-12,2025-01-09
CPN0002256,RID0014832,RAINY10,Monsoon special,percentage,10,6.53,2025-05-27,2025-06-23
CPN0002257,RID0014834,FEST100,Festive season offer,flat,100,46.87,2024-09-28,2024-10-19
CPN0002258,RID0014836,FIRST20,First ride discount,percentage,20,24.42,2023-12-24,2024-01-10
CPN0002259,RID0014837,RAINY10,Monsoon special,percentage,10,44.8,2024-09-06,2024-09-25
CPN0002260,RID0014842,LOYAL30,Loyalty reward,flat,30,30.0,2024-05-25,2024-06-06
CPN0002261,RID0014850,FEST100,Festive season offer,flat,100,100.0,2024-08-13,2024-09-04
CPN0002262,RID0014853,RAINY10,Monsoon special,percentage,10,8.66,2024-01-20,2024-02-18
CPN0002263,RID0014860,RAINY10,Monsoon special,percentage,10,5.02,2023-12-20,2024-01-12
CPN0002264,RID0014864,FEST100,Festive season offer,flat,100,37.27,2025-06-02,2025-06-23
CPN0002265,RID0014872,FEST100,Festive season offer,flat,100,41.1,2025-08-14,2025-09-02
CPN0002266,RID0014880,LOYAL30,Loyalty reward,flat,30,30.0,2025-05-10,2025-06-03
CPN0002267,RID0014901,LOYAL30,Loyalty reward,flat,30,16.59,2024-11-20,2024-12-19
CPN0002268,RID0014907,RAINY10,Monsoon special,percentage,10,10.2,2024-09-13,2024-10-04
CPN0002269,RID0014909,RAINY10,Monsoon special,percentage,10,21.67,2025-11-26,2025-12-27
CPN0002270,RID0014921,FEST100,Festive season offer,flat,100,63.3,2026-01-08,2026-02-01
CPN0002271,RID0014925,WELCOME50,New user welcome offer,flat,50,50.0,2024-10-05,2024-11-11
CPN0002272,RID0014928,LOYAL30,Loyalty reward,flat,30,30.0,2026-05-26,2026-06-14
CPN0002273,RID0014935,RAINY10,Monsoon special,percentage,10,7.42,2024-10-22,2024-11-07
CPN0002274,RID0014939,WEEKEND15,Weekend ride offer,percentage,15,4.0,2025-01-19,2025-02-23
CPN0002275,RID0014943,RAINY10,Monsoon special,percentage,10,20.03,2026-02-24,2026-03-17
CPN0002276,RID0014945,LOYAL30,Loyalty reward,flat,30,29.7,2024-02-21,2024-03-08
CPN0002277,RID0014947,WELCOME50,New user welcome offer,flat,50,50.0,2024-05-10,2024-06-02
CPN0002278,RID0014963,FIRST20,First ride discount,percentage,20,4.34,2024-04-26,2024-05-21
CPN0002279,RID0014976,LOYAL30,Loyalty reward,flat,30,30.0,2026-06-08,2026-06-29
CPN0002280,RID0014985,WEEKEND15,Weekend ride offer,percentage,15,8.98,2024-07-31,2024-08-27
CPN0002281,RID0014986,FIRST20,First ride discount,percentage,20,21.66,2025-01-04,2025-02-03
CPN0002282,RID0014990,FIRST20,First ride discount,percentage,20,8.16,2025-11-06,2025-12-16
CPN0002283,RID0014991,WEEKEND15,Weekend ride offer,percentage,15,15.58,2024-07-19,2024-08-15
CPN0002284,RID0014998,WELCOME50,New user welcome offer,flat,50,24.52,2024-05-16,2024-06-13
CPN0002285,RID0015006,WELCOME50,New user welcome offer,flat,50,19.32,2025-09-03,2025-09-28
CPN0002286,RID0015020,WEEKEND15,Weekend ride offer,percentage,15,54.81,2025-08-06,2025-09-05
CPN0002287,RID0015028,WELCOME50,New user welcome offer,flat,50,19.8,2024-06-21,2024-07-16
CPN0002288,RID0015034,RAINY10,Monsoon special,percentage,10,4.75,2026-03-24,2026-04-14
CPN0002289,RID0015041,FEST100,Festive season offer,flat,100,100.0,2024-05-08,2024-06-03
CPN0002290,RID0015051,FIRST20,First ride discount,percentage,20,13.2,2025-01-31,2025-02-16
CPN0002291,RID0015054,FIRST20,First ride discount,percentage,20,21.34,2024-04-06,2024-04-25
CPN0002292,RID0015065,WELCOME50,New user welcome offer,flat,50,27.78,2024-02-20,2024-03-12
CPN0002293,RID0015073,WEEKEND15,Weekend ride offer,percentage,15,7.8,2024-05-27,2024-07-03
CPN0002294,RID0015081,RAINY10,Monsoon special,percentage,10,13.26,2024-08-19,2024-09-07
CPN0002295,RID0015084,LOYAL30,Loyalty reward,flat,30,27.54,2026-04-14,2026-04-30
CPN0002296,RID0015086,WEEKEND15,Weekend ride offer,percentage,15,15.67,2025-11-03,2025-12-04
CPN0002297,RID0015096,LOYAL30,Loyalty reward,flat,30,19.36,2025-06-02,2025-06-24
CPN0002298,RID0015100,RAINY10,Monsoon special,percentage,10,14.69,2026-05-07,2026-06-04
CPN0002299,RID0015101,FEST100,Festive season offer,flat,100,52.88,2024-11-26,2024-12-24
CPN0002300,RID0015119,FIRST20,First ride discount,percentage,20,41.84,2026-02-15,2026-03-09
CPN0002301,RID0015122,RAINY10,Monsoon special,percentage,10,6.65,2024-02-20,2024-03-20
CPN0002302,RID0015125,FEST100,Festive season offer,flat,100,37.01,2026-03-12,2026-04-07
CPN0002303,RID0015127,WEEKEND15,Weekend ride offer,percentage,15,19.51,2025-11-17,2025-12-23
CPN0002304,RID0015128,WELCOME50,New user welcome offer,flat,50,50.0,2026-04-22,2026-05-21
CPN0002305,RID0015136,WEEKEND15,Weekend ride offer,percentage,15,5.4,2024-07-20,2024-08-16
CPN0002306,RID0015158,WELCOME50,New user welcome offer,flat,50,25.52,2025-06-06,2025-07-13
CPN0002307,RID0015160,FIRST20,First ride discount,percentage,20,13.97,2024-05-04,2024-05-28
CPN0002308,RID0015170,LOYAL30,Loyalty reward,flat,30,28.44,2023-12-20,2024-01-23
CPN0002309,RID0015179,FEST100,Festive season offer,flat,100,75.17,2024-07-22,2024-08-13
CPN0002310,RID0015181,RAINY10,Monsoon special,percentage,10,9.84,2023-12-30,2024-01-23
CPN0002311,RID0015183,FIRST20,First ride discount,percentage,20,32.06,2024-08-12,2024-09-20
CPN0002312,RID0015185,RAINY10,Monsoon special,percentage,10,8.72,2025-09-23,2025-10-22
CPN0002313,RID0015194,WEEKEND15,Weekend ride offer,percentage,15,22.11,2024-10-26,2024-11-25
CPN0002314,RID0015197,FEST100,Festive season offer,flat,100,16.32,2025-11-29,2025-12-12
CPN0002315,RID0015206,FIRST20,First ride discount,percentage,20,26.66,2024-03-22,2024-04-12
CPN0002316,RID0015215,RAINY10,Monsoon special,percentage,10,21.29,2026-03-02,2026-04-08
CPN0002317,RID0015216,FEST100,Festive season offer,flat,100,43.8,2024-05-01,2024-06-01
CPN0002318,RID0015222,LOYAL30,Loyalty reward,flat,30,28.55,2024-05-15,2024-06-09
CPN0002319,RID0015227,WEEKEND15,Weekend ride offer,percentage,15,13.18,2025-01-20,2025-02-08
CPN0002320,RID0015230,FEST100,Festive season offer,flat,100,62.6,2024-06-20,2024-07-12
CPN0002321,RID0015235,RAINY10,Monsoon special,percentage,10,4.95,2025-05-23,2025-06-02
CPN0002322,RID0015254,RAINY10,Monsoon special,percentage,10,19.74,2023-12-25,2024-01-22
CPN0002323,RID0015262,FEST100,Festive season offer,flat,100,100.0,2024-05-01,2024-05-22
CPN0002324,RID0015269,WELCOME50,New user welcome offer,flat,50,37.03,2025-04-24,2025-05-08
CPN0002325,RID0015276,RAINY10,Monsoon special,percentage,10,8.46,2024-01-23,2024-02-20
CPN0002326,RID0015289,WEEKEND15,Weekend ride offer,percentage,15,12.98,2024-07-10,2024-08-05
CPN0002327,RID0015292,WEEKEND15,Weekend ride offer,percentage,15,17.77,2026-07-04,2026-07-31
CPN0002328,RID0015300,FIRST20,First ride discount,percentage,20,15.61,2024-01-29,2024-02-29
CPN0002329,RID0015304,WELCOME50,New user welcome offer,flat,50,46.08,2026-06-08,2026-06-30
CPN0002330,RID0015319,WELCOME50,New user welcome offer,flat,50,36.9,2025-02-06,2025-03-05
CPN0002331,RID0015330,FEST100,Festive season offer,flat,100,35.94,2025-07-30,2025-08-12
CPN0002332,RID0015338,WELCOME50,New user welcome offer,flat,50,50.0,2024-03-03,2024-03-21
CPN0002333,RID0015339,RAINY10,Monsoon special,percentage,10,18.41,2024-12-22,2025-01-12
CPN0002334,RID0015340,WEEKEND15,Weekend ride offer,percentage,15,10.02,2026-02-25,2026-03-19
CPN0002335,RID0015343,LOYAL30,Loyalty reward,flat,30,30.0,2024-12-26,2025-01-16
CPN0002336,RID0015345,WEEKEND15,Weekend ride offer,percentage,15,9.44,2026-01-30,2026-03-10
CPN0002337,RID0015351,FIRST20,First ride discount,percentage,20,21.92,2024-02-03,2024-02-26
CPN0002338,RID0015352,FIRST20,First ride discount,percentage,20,6.59,2024-05-11,2024-05-26
CPN0002339,RID0015366,RAINY10,Monsoon special,percentage,10,2.71,2025-11-11,2025-11-25
CPN0002340,RID0015372,WELCOME50,New user welcome offer,flat,50,50.0,2025-12-01,2025-12-16
CPN0002341,RID0015374,RAINY10,Monsoon special,percentage,10,2.86,2024-05-23,2024-06-20
CPN0002342,RID0015375,FIRST20,First ride discount,percentage,20,33.0,2024-07-18,2024-08-20
CPN0002343,RID0015380,FIRST20,First ride discount,percentage,20,27.69,2024-12-02,2024-12-20
CPN0002344,RID0015386,FEST100,Festive season offer,flat,100,30.75,2025-08-02,2025-08-30
CPN0002345,RID0015399,RAINY10,Monsoon special,percentage,10,18.9,2026-03-14,2026-04-06
CPN0002346,RID0015418,FEST100,Festive season offer,flat,100,42.39,2024-07-29,2024-08-12
CPN0002347,RID0015422,RAINY10,Monsoon special,percentage,10,17.51,2026-04-15,2026-05-01
CPN0002348,RID0015427,WEEKEND15,Weekend ride offer,percentage,15,18.6,2025-02-22,2025-03-29
CPN0002349,RID0015429,RAINY10,Monsoon special,percentage,10,2.39,2026-05-31,2026-06-25
CPN0002350,RID0015432,WELCOME50,New user welcome offer,flat,50,50.0,2026-06-22,2026-07-08
CPN0002351,RID0015438,WELCOME50,New user welcome offer,flat,50,24.69,2024-10-27,2024-11-19
CPN0002352,RID0015444,RAINY10,Monsoon special,percentage,10,5.69,2025-05-01,2025-06-01
CPN0002353,RID0015457,WEEKEND15,Weekend ride offer,percentage,15,8.4,2026-06-10,2026-07-04
CPN0002354,RID0015470,FIRST20,First ride discount,percentage,20,26.53,2024-01-09,2024-02-02
CPN0002355,RID0015477,LOYAL30,Loyalty reward,flat,30,30.0,2025-09-13,2025-10-08
CPN0002356,RID0015480,FIRST20,First ride discount,percentage,20,28.81,2025-02-07,2025-02-26
CPN0002357,RID0015487,LOYAL30,Loyalty reward,flat,30,27.93,2025-06-29,2025-07-18
CPN0002358,RID0015490,RAINY10,Monsoon special,percentage,10,8.78,2026-05-16,2026-06-04
CPN0002359,RID0015505,RAINY10,Monsoon special,percentage,10,11.87,2024-07-11,2024-08-05
CPN0002360,RID0015506,FIRST20,First ride discount,percentage,20,11.34,2024-10-01,2024-10-16
CPN0002361,RID0015508,WELCOME50,New user welcome offer,flat,50,32.37,2026-03-13,2026-04-19
CPN0002362,RID0015511,RAINY10,Monsoon special,percentage,10,20.05,2025-05-04,2025-05-28
CPN0002363,RID0015519,WELCOME50,New user welcome offer,flat,50,50.0,2023-12-19,2024-01-20
CPN0002364,RID0015530,FEST100,Festive season offer,flat,100,52.08,2025-05-05,2025-05-23
CPN0002365,RID0015542,LOYAL30,Loyalty reward,flat,30,30.0,2025-11-16,2025-11-30
CPN0002366,RID0015557,LOYAL30,Loyalty reward,flat,30,27.18,2025-04-20,2025-05-09
CPN0002367,RID0015560,FEST100,Festive season offer,flat,100,51.19,2024-09-12,2024-10-16
CPN0002368,RID0015563,FIRST20,First ride discount,percentage,20,5.21,2026-01-09,2026-01-27
CPN0002369,RID0015571,RAINY10,Monsoon special,percentage,10,5.87,2025-08-11,2025-09-08
CPN0002370,RID0015575,FIRST20,First ride discount,percentage,20,24.43,2025-02-07,2025-03-06
CPN0002371,RID0015576,WELCOME50,New user welcome offer,flat,50,43.7,2025-03-24,2025-04-17
CPN0002372,RID0015580,RAINY10,Monsoon special,percentage,10,4.64,2024-11-17,2024-12-06
CPN0002373,RID0015588,LOYAL30,Loyalty reward,flat,30,30.0,2025-11-12,2025-11-29
CPN0002374,RID0015595,WELCOME50,New user welcome offer,flat,50,50.0,2025-09-26,2025-10-29
CPN0002375,RID0015598,FIRST20,First ride discount,percentage,20,13.27,2025-01-06,2025-01-26
CPN0002376,RID0015600,FIRST20,First ride discount,percentage,20,8.29,2024-11-27,2024-12-24
CPN0002377,RID0015604,FEST100,Festive season offer,flat,100,28.38,2024-02-09,2024-03-05
CPN0002378,RID0015620,FIRST20,First ride discount,percentage,20,11.56,2024-02-08,2024-03-04
CPN0002379,RID0015621,RAINY10,Monsoon special,percentage,10,5.7,2024-08-15,2024-09-13
CPN0002380,RID0015630,LOYAL30,Loyalty reward,flat,30,30.0,2026-01-08,2026-02-08
CPN0002381,RID0015651,FEST100,Festive season offer,flat,100,43.99,2025-04-27,2025-05-23
CPN0002382,RID0015665,RAINY10,Monsoon special,percentage,10,13.63,2025-03-24,2025-04-28
CPN0002383,RID0015687,WELCOME50,New user welcome offer,flat,50,42.38,2024-11-26,2024-12-09
CPN0002384,RID0015690,FEST100,Festive season offer,flat,100,90.6,2025-01-25,2025-02-19
CPN0002385,RID0015697,RAINY10,Monsoon special,percentage,10,19.23,2025-08-07,2025-08-27
CPN0002386,RID0015699,RAINY10,Monsoon special,percentage,10,7.76,2024-12-11,2024-12-28
CPN0002387,RID0015709,FIRST20,First ride discount,percentage,20,33.82,2025-06-25,2025-07-14
CPN0002388,RID0015711,LOYAL30,Loyalty reward,flat,30,30.0,2025-08-16,2025-09-10
CPN0002389,RID0015712,FIRST20,First ride discount,percentage,20,28.79,2024-08-03,2024-08-17
CPN0002390,RID0015714,FEST100,Festive season offer,flat,100,21.93,2025-04-09,2025-05-08
CPN0002391,RID0015730,LOYAL30,Loyalty reward,flat,30,30.0,2025-03-25,2025-04-14
CPN0002392,RID0015737,LOYAL30,Loyalty reward,flat,30,17.07,2024-04-04,2024-04-19
CPN0002393,RID0015745,WEEKEND15,Weekend ride offer,percentage,15,5.94,2025-03-31,2025-04-28
CPN0002394,RID0015747,WEEKEND15,Weekend ride offer,percentage,15,3.63,2024-08-09,2024-08-25
CPN0002395,RID0015756,FIRST20,First ride discount,percentage,20,6.12,2026-04-12,2026-05-08
CPN0002396,RID0015757,FIRST20,First ride discount,percentage,20,26.11,2024-09-13,2024-10-06
CPN0002397,RID0015778,WEEKEND15,Weekend ride offer,percentage,15,9.85,2024-01-16,2024-01-31
CPN0002398,RID0015780,LOYAL30,Loyalty reward,flat,30,26.1,2025-01-10,2025-02-01
CPN0002399,RID0015784,WEEKEND15,Weekend ride offer,percentage,15,7.21,2026-05-21,2026-06-04
CPN0002400,RID0015785,FEST100,Festive season offer,flat,100,28.9,2026-06-24,2026-07-13
CPN0002401,RID0015790,LOYAL30,Loyalty reward,flat,30,30.0,2024-10-13,2024-11-08
CPN0002402,RID0015796,WELCOME50,New user welcome offer,flat,50,50.0,2026-02-21,2026-03-16
CPN0002403,RID0015807,FIRST20,First ride discount,percentage,20,66.95,2026-05-11,2026-06-04
CPN0002404,RID0015819,FIRST20,First ride discount,percentage,20,47.59,2025-12-16,2026-01-06
CPN0002405,RID0015825,LOYAL30,Loyalty reward,flat,30,30.0,2025-10-26,2025-11-17
CPN0002406,RID0015830,FIRST20,First ride discount,percentage,20,35.78,2025-06-04,2025-06-21
CPN0002407,RID0015831,WEEKEND15,Weekend ride offer,percentage,15,11.09,2025-12-12,2025-12-25
CPN0002408,RID0015839,WEEKEND15,Weekend ride offer,percentage,15,9.3,2025-08-29,2025-09-21
CPN0002409,RID0015848,WEEKEND15,Weekend ride offer,percentage,15,12.92,2026-01-18,2026-02-10
CPN0002410,RID0015850,FEST100,Festive season offer,flat,100,82.31,2023-12-26,2024-01-31
CPN0002411,RID0015856,RAINY10,Monsoon special,percentage,10,13.57,2024-06-01,2024-06-29
CPN0002412,RID0015861,LOYAL30,Loyalty reward,flat,30,27.06,2026-05-31,2026-06-11
CPN0002413,RID0015864,FIRST20,First ride discount,percentage,20,32.68,2024-06-22,2024-07-24
CPN0002414,RID0015869,LOYAL30,Loyalty reward,flat,30,30.0,2024-03-13,2024-04-07
CPN0002415,RID0015870,RAINY10,Monsoon special,percentage,10,8.34,2025-08-28,2025-09-07
CPN0002416,RID0015875,WEEKEND15,Weekend ride offer,percentage,15,16.69,2024-03-11,2024-04-07
CPN0002417,RID0015880,FIRST20,First ride discount,percentage,20,37.06,2026-04-25,2026-05-23
CPN0002418,RID0015884,RAINY10,Monsoon special,percentage,10,23.26,2026-05-21,2026-06-03
CPN0002419,RID0015900,WELCOME50,New user welcome offer,flat,50,42.7,2025-07-01,2025-08-03
CPN0002420,RID0015901,LOYAL30,Loyalty reward,flat,30,30.0,2026-03-01,2026-03-24
CPN0002421,RID0015907,FIRST20,First ride discount,percentage,20,23.17,2025-11-17,2025-12-08
CPN0002422,RID0015921,WELCOME50,New user welcome offer,flat,50,50.0,2026-01-25,2026-03-03
CPN0002423,RID0015933,RAINY10,Monsoon special,percentage,10,41.62,2024-07-02,2024-07-19
CPN0002424,RID0015951,LOYAL30,Loyalty reward,flat,30,30.0,2024-09-17,2024-10-26
CPN0002425,RID0015955,WEEKEND15,Weekend ride offer,percentage,15,9.91,2024-10-23,2024-11-24
CPN0002426,RID0015971,WELCOME50,New user welcome offer,flat,50,41.7,2025-09-23,2025-10-04
CPN0002427,RID0015973,FEST100,Festive season offer,flat,100,83.55,2025-05-24,2025-06-25
CPN0002428,RID0015974,LOYAL30,Loyalty reward,flat,30,30.0,2025-04-13,2025-05-14
CPN0002429,RID0015979,FIRST20,First ride discount,percentage,20,12.96,2025-11-19,2025-12-19
CPN0002430,RID0015981,WEEKEND15,Weekend ride offer,percentage,15,10.42,2025-04-10,2025-04-29
CPN0002431,RID0015993,WEEKEND15,Weekend ride offer,percentage,15,8.1,2024-02-11,2024-03-01
CPN0002432,RID0015994,FIRST20,First ride discount,percentage,20,11.36,2025-08-18,2025-09-13
CPN0002433,RID0016045,FIRST20,First ride discount,percentage,20,23.14,2024-04-22,2024-05-17
CPN0002434,RID0016048,FIRST20,First ride discount,percentage,20,10.3,2026-04-18,2026-05-09
CPN0002435,RID0016051,FIRST20,First ride discount,percentage,20,32.42,2026-01-02,2026-01-30
CPN0002436,RID0016054,RAINY10,Monsoon special,percentage,10,4.75,2024-11-09,2024-12-04
CPN0002437,RID0016060,FEST100,Festive season offer,flat,100,32.16,2024-08-04,2024-08-31
CPN0002438,RID0016064,WEEKEND15,Weekend ride offer,percentage,15,7.13,2025-05-01,2025-05-25
CPN0002439,RID0016083,FIRST20,First ride discount,percentage,20,23.56,2025-01-28,2025-02-28
CPN0002440,RID0016089,WELCOME50,New user welcome offer,flat,50,14.22,2025-02-21,2025-03-15
CPN0002441,RID0016093,RAINY10,Monsoon special,percentage,10,14.13,2025-10-16,2025-11-19
CPN0002442,RID0016110,RAINY10,Monsoon special,percentage,10,10.55,2026-04-04,2026-04-21
CPN0002443,RID0016112,LOYAL30,Loyalty reward,flat,30,10.65,2024-11-05,2024-11-18
CPN0002444,RID0016118,RAINY10,Monsoon special,percentage,10,9.32,2025-08-29,2025-09-13
CPN0002445,RID0016127,RAINY10,Monsoon special,percentage,10,6.96,2025-06-30,2025-07-22
CPN0002446,RID0016128,WEEKEND15,Weekend ride offer,percentage,15,16.25,2025-03-22,2025-04-19
CPN0002447,RID0016129,FEST100,Festive season offer,flat,100,22.89,2026-04-03,2026-05-10
CPN0002448,RID0016131,WELCOME50,New user welcome offer,flat,50,34.2,2024-09-21,2024-10-12
CPN0002449,RID0016132,FIRST20,First ride discount,percentage,20,21.34,2024-02-25,2024-03-16
CPN0002450,RID0016133,RAINY10,Monsoon special,percentage,10,5.29,2026-03-28,2026-04-21
CPN0002451,RID0016142,LOYAL30,Loyalty reward,flat,30,30.0,2026-05-27,2026-06-17
CPN0002452,RID0016145,LOYAL30,Loyalty reward,flat,30,30.0,2026-06-04,2026-07-12
CPN0002453,RID0016160,RAINY10,Monsoon special,percentage,10,13.62,2024-10-28,2024-11-20
CPN0002454,RID0016164,FEST100,Festive season offer,flat,100,62.01,2024-02-26,2024-03-14
CPN0002455,RID0016168,WELCOME50,New user welcome offer,flat,50,23.82,2024-05-14,2024-06-15
CPN0002456,RID0016172,RAINY10,Monsoon special,percentage,10,5.87,2023-12-27,2024-01-16
CPN0002457,RID0016176,RAINY10,Monsoon special,percentage,10,9.2,2024-03-06,2024-03-16
CPN0002458,RID0016177,WEEKEND15,Weekend ride offer,percentage,15,9.63,2024-12-08,2025-01-03
CPN0002459,RID0016179,WEEKEND15,Weekend ride offer,percentage,15,30.91,2024-08-06,2024-09-01
CPN0002460,RID0016180,WEEKEND15,Weekend ride offer,percentage,15,10.75,2025-07-20,2025-08-17
CPN0002461,RID0016186,WEEKEND15,Weekend ride offer,percentage,15,9.18,2025-02-16,2025-03-21
CPN0002462,RID0016196,WEEKEND15,Weekend ride offer,percentage,15,5.03,2025-03-25,2025-04-21
CPN0002463,RID0016212,RAINY10,Monsoon special,percentage,10,8.9,2025-02-27,2025-03-22
CPN0002464,RID0016250,WELCOME50,New user welcome offer,flat,50,16.47,2025-06-11,2025-07-05
CPN0002465,RID0016255,LOYAL30,Loyalty reward,flat,30,30.0,2026-05-03,2026-06-04
CPN0002466,RID0016260,RAINY10,Monsoon special,percentage,10,3.58,2024-09-22,2024-10-09
CPN0002467,RID0016267,WELCOME50,New user welcome offer,flat,50,50.0,2026-06-23,2026-07-06
CPN0002468,RID0016271,LOYAL30,Loyalty reward,flat,30,30.0,2024-03-17,2024-04-18
CPN0002469,RID0016278,WELCOME50,New user welcome offer,flat,50,45.78,2025-02-26,2025-03-14
CPN0002470,RID0016287,WEEKEND15,Weekend ride offer,percentage,15,18.45,2026-01-05,2026-02-05
CPN0002471,RID0016312,WEEKEND15,Weekend ride offer,percentage,15,18.92,2026-06-11,2026-07-17
CPN0002472,RID0016318,RAINY10,Monsoon special,percentage,10,5.93,2025-10-27,2025-11-22
CPN0002473,RID0016319,FIRST20,First ride discount,percentage,20,18.08,2025-02-21,2025-03-20
CPN0002474,RID0016338,RAINY10,Monsoon special,percentage,10,15.39,2025-01-01,2025-01-24
CPN0002475,RID0016340,WEEKEND15,Weekend ride offer,percentage,15,10.75,2023-12-24,2024-01-15
CPN0002476,RID0016346,RAINY10,Monsoon special,percentage,10,9.55,2025-08-14,2025-09-12
CPN0002477,RID0016366,LOYAL30,Loyalty reward,flat,30,13.38,2024-03-19,2024-04-08
CPN0002478,RID0016372,LOYAL30,Loyalty reward,flat,30,30.0,2026-02-27,2026-03-29
CPN0002479,RID0016376,FIRST20,First ride discount,percentage,20,16.03,2024-11-18,2024-12-08
CPN0002480,RID0016409,WELCOME50,New user welcome offer,flat,50,50.0,2025-10-12,2025-11-09
CPN0002481,RID0016412,FEST100,Festive season offer,flat,100,29.99,2024-06-06,2024-06-26
CPN0002482,RID0016415,FIRST20,First ride discount,percentage,20,12.57,2024-10-01,2024-10-27
CPN0002483,RID0016433,FEST100,Festive season offer,flat,100,43.08,2026-04-24,2026-05-15
CPN0002484,RID0016434,WELCOME50,New user welcome offer,flat,50,17.31,2023-12-17,2024-01-16
CPN0002485,RID0016435,FEST100,Festive season offer,flat,100,47.1,2026-02-09,2026-03-05
CPN0002486,RID0016440,WEEKEND15,Weekend ride offer,percentage,15,4.69,2025-01-24,2025-02-07
CPN0002487,RID0016444,FIRST20,First ride discount,percentage,20,15.34,2024-03-12,2024-03-30
CPN0002488,RID0016447,WEEKEND15,Weekend ride offer,percentage,15,20.6,2024-03-03,2024-04-01
CPN0002489,RID0016450,LOYAL30,Loyalty reward,flat,30,30.0,2024-10-31,2024-11-23
CPN0002490,RID0016454,FIRST20,First ride discount,percentage,20,6.98,2026-02-14,2026-03-15
CPN0002491,RID0016455,WEEKEND15,Weekend ride offer,percentage,15,36.94,2025-11-09,2025-12-16
CPN0002492,RID0016468,WELCOME50,New user welcome offer,flat,50,24.58,2025-01-09,2025-02-14
CPN0002493,RID0016479,WELCOME50,New user welcome offer,flat,50,50.0,2024-01-27,2024-02-21
CPN0002494,RID0016488,FIRST20,First ride discount,percentage,20,9.96,2025-11-11,2025-11-27
CPN0002495,RID0016489,LOYAL30,Loyalty reward,flat,30,30.0,2025-07-16,2025-08-09
CPN0002496,RID0016490,FIRST20,First ride discount,percentage,20,38.02,2025-11-02,2025-11-27
CPN0002497,RID0016496,WEEKEND15,Weekend ride offer,percentage,15,13.04,2025-11-23,2025-12-13
CPN0002498,RID0016510,WEEKEND15,Weekend ride offer,percentage,15,9.49,2024-07-20,2024-08-07
CPN0002499,RID0016518,WELCOME50,New user welcome offer,flat,50,14.91,2025-06-07,2025-07-03
CPN0002500,RID0016534,WELCOME50,New user welcome offer,flat,50,50.0,2024-10-25,2024-11-11
CPN0002501,RID0016539,LOYAL30,Loyalty reward,flat,30,18.07,2026-04-23,2026-05-20
CPN0002502,RID0016552,FEST100,Festive season offer,flat,100,10.41,2025-11-23,2025-12-20
CPN0002503,RID0016562,LOYAL30,Loyalty reward,flat,30,30.0,2024-12-14,2025-01-05
CPN0002504,RID0016565,WEEKEND15,Weekend ride offer,percentage,15,15.33,2024-04-30,2024-05-24
CPN0002505,RID0016571,FEST100,Festive season offer,flat,100,65.7,2024-05-11,2024-05-31
CPN0002506,RID0016576,LOYAL30,Loyalty reward,flat,30,26.11,2024-05-20,2024-06-21
CPN0002507,RID0016582,FEST100,Festive season offer,flat,100,100.0,2024-04-27,2024-05-28
CPN0002508,RID0016586,FIRST20,First ride discount,percentage,20,40.7,2025-10-31,2025-11-29
CPN0002509,RID0016589,LOYAL30,Loyalty reward,flat,30,30.0,2024-09-25,2024-10-12
CPN0002510,RID0016595,FEST100,Festive season offer,flat,100,86.22,2024-05-25,2024-06-21
CPN0002511,RID0016600,WELCOME50,New user welcome offer,flat,50,28.9,2026-01-29,2026-02-22
CPN0002512,RID0016608,LOYAL30,Loyalty reward,flat,30,25.29,2024-11-01,2024-11-20
CPN0002513,RID0016619,WELCOME50,New user welcome offer,flat,50,19.89,2024-01-31,2024-02-20
CPN0002514,RID0016620,FIRST20,First ride discount,percentage,20,10.46,2024-04-14,2024-04-29
CPN0002515,RID0016622,WEEKEND15,Weekend ride offer,percentage,15,15.71,2025-08-22,2025-09-20
CPN0002516,RID0016623,RAINY10,Monsoon special,percentage,10,13.49,2025-09-27,2025-10-18
CPN0002517,RID0016630,WELCOME50,New user welcome offer,flat,50,50.0,2024-03-28,2024-04-17
CPN0002518,RID0016642,FEST100,Festive season offer,flat,100,91.2,2025-02-05,2025-03-01
CPN0002519,RID0016643,RAINY10,Monsoon special,percentage,10,11.82,2026-04-16,2026-05-11
CPN0002520,RID0016644,WELCOME50,New user welcome offer,flat,50,28.86,2025-01-28,2025-02-20
CPN0002521,RID0016646,WEEKEND15,Weekend ride offer,percentage,15,14.96,2025-06-06,2025-07-12
CPN0002522,RID0016652,RAINY10,Monsoon special,percentage,10,4.25,2024-04-01,2024-04-27
CPN0002523,RID0016674,FEST100,Festive season offer,flat,100,53.02,2026-02-12,2026-03-07
CPN0002524,RID0016677,WELCOME50,New user welcome offer,flat,50,34.2,2026-04-30,2026-05-29
CPN0002525,RID0016697,WEEKEND15,Weekend ride offer,percentage,15,5.04,2024-02-11,2024-03-13
CPN0002526,RID0016698,WELCOME50,New user welcome offer,flat,50,50.0,2025-02-09,2025-03-09
CPN0002527,RID0016701,WEEKEND15,Weekend ride offer,percentage,15,14.01,2024-05-20,2024-06-18
CPN0002528,RID0016708,WELCOME50,New user welcome offer,flat,50,33.98,2026-01-07,2026-01-26
CPN0002529,RID0016714,RAINY10,Monsoon special,percentage,10,9.91,2026-03-01,2026-04-07
CPN0002530,RID0016716,RAINY10,Monsoon special,percentage,10,3.13,2026-02-20,2026-03-18
CPN0002531,RID0016720,FIRST20,First ride discount,percentage,20,87.09,2025-01-24,2025-03-02
CPN0002532,RID0016722,LOYAL30,Loyalty reward,flat,30,30.0,2026-06-29,2026-07-24
CPN0002533,RID0016726,FEST100,Festive season offer,flat,100,21.57,2025-03-18,2025-04-17
CPN0002534,RID0016730,FEST100,Festive season offer,flat,100,100.0,2024-04-21,2024-05-13
CPN0002535,RID0016749,LOYAL30,Loyalty reward,flat,30,30.0,2025-06-02,2025-06-16
CPN0002536,RID0016790,FEST100,Festive season offer,flat,100,58.2,2023-12-31,2024-01-19
CPN0002537,RID0016792,WELCOME50,New user welcome offer,flat,50,50.0,2025-03-30,2025-04-26
CPN0002538,RID0016794,LOYAL30,Loyalty reward,flat,30,30.0,2025-10-16,2025-11-05
CPN0002539,RID0016806,RAINY10,Monsoon special,percentage,10,17.62,2024-03-17,2024-04-15
CPN0002540,RID0016807,FEST100,Festive season offer,flat,100,85.55,2026-05-26,2026-06-17
CPN0002541,RID0016824,FIRST20,First ride discount,percentage,20,38.48,2024-12-07,2024-12-27
CPN0002542,RID0016833,WEEKEND15,Weekend ride offer,percentage,15,9.92,2024-01-18,2024-02-07
CPN0002543,RID0016840,FEST100,Festive season offer,flat,100,27.3,2025-08-11,2025-09-02
CPN0002544,RID0016842,WELCOME50,New user welcome offer,flat,50,30.09,2025-07-13,2025-08-14
CPN0002545,RID0016857,LOYAL30,Loyalty reward,flat,30,28.66,2025-07-03,2025-07-23
CPN0002546,RID0016860,WELCOME50,New user welcome offer,flat,50,10.53,2025-06-20,2025-07-26
CPN0002547,RID0016871,LOYAL30,Loyalty reward,flat,30,30.0,2025-06-17,2025-07-06
CPN0002548,RID0016872,LOYAL30,Loyalty reward,flat,30,30.0,2025-05-27,2025-06-13
CPN0002549,RID0016885,WELCOME50,New user welcome offer,flat,50,50.0,2025-03-08,2025-03-20
CPN0002550,RID0016888,FEST100,Festive season offer,flat,100,19.2,2025-10-07,2025-10-31
CPN0002551,RID0016901,FEST100,Festive season offer,flat,100,66.84,2025-12-20,2026-01-22
CPN0002552,RID0016916,WEEKEND15,Weekend ride offer,percentage,15,34.79,2026-04-13,2026-05-09
CPN0002553,RID0016920,WELCOME50,New user welcome offer,flat,50,50.0,2025-06-04,2025-07-02
CPN0002554,RID0016951,RAINY10,Monsoon special,percentage,10,14.38,2025-05-14,2025-06-06
CPN0002555,RID0016959,LOYAL30,Loyalty reward,flat,30,30.0,2025-01-06,2025-01-30
CPN0002556,RID0016963,LOYAL30,Loyalty reward,flat,30,30.0,2025-10-13,2025-10-27
CPN0002557,RID0016966,LOYAL30,Loyalty reward,flat,30,30.0,2025-08-09,2025-08-26
CPN0002558,RID0016969,WEEKEND15,Weekend ride offer,percentage,15,8.09,2025-03-23,2025-04-18
CPN0002559,RID0016978,WEEKEND15,Weekend ride offer,percentage,15,15.82,2025-11-26,2025-12-20
CPN0002560,RID0016996,LOYAL30,Loyalty reward,flat,30,30.0,2025-09-21,2025-10-17
CPN0002561,RID0017015,WEEKEND15,Weekend ride offer,percentage,15,28.02,2025-11-25,2025-12-05
CPN0002562,RID0017016,RAINY10,Monsoon special,percentage,10,4.62,2025-01-27,2025-02-16
CPN0002563,RID0017018,WELCOME50,New user welcome offer,flat,50,50.0,2024-12-10,2025-01-06
CPN0002564,RID0017025,FIRST20,First ride discount,percentage,20,50.83,2026-05-21,2026-06-20
CPN0002565,RID0017042,WELCOME50,New user welcome offer,flat,50,46.93,2024-05-08,2024-05-31
CPN0002566,RID0017045,RAINY10,Monsoon special,percentage,10,10.66,2024-12-27,2025-01-29
CPN0002567,RID0017047,LOYAL30,Loyalty reward,flat,30,22.45,2025-03-30,2025-04-30
CPN0002568,RID0017059,FIRST20,First ride discount,percentage,20,16.36,2024-02-03,2024-02-20
CPN0002569,RID0017064,LOYAL30,Loyalty reward,flat,30,30.0,2024-07-12,2024-08-08
CPN0002570,RID0017065,RAINY10,Monsoon special,percentage,10,7.72,2024-10-07,2024-11-04
CPN0002571,RID0017072,WEEKEND15,Weekend ride offer,percentage,15,9.79,2024-02-10,2024-03-03
CPN0002572,RID0017075,WEEKEND15,Weekend ride offer,percentage,15,15.3,2025-01-12,2025-01-29
CPN0002573,RID0017078,WELCOME50,New user welcome offer,flat,50,22.59,2025-02-28,2025-03-21
CPN0002574,RID0017094,FIRST20,First ride discount,percentage,20,30.89,2024-07-10,2024-07-27
CPN0002575,RID0017129,RAINY10,Monsoon special,percentage,10,2.1,2025-02-14,2025-02-27
CPN0002576,RID0017131,LOYAL30,Loyalty reward,flat,30,20.26,2026-04-12,2026-05-04
CPN0002577,RID0017134,LOYAL30,Loyalty reward,flat,30,17.1,2023-12-27,2024-01-28
CPN0002578,RID0017147,WELCOME50,New user welcome offer,flat,50,30.9,2025-03-05,2025-04-06
CPN0002579,RID0017150,FEST100,Festive season offer,flat,100,32.46,2025-09-10,2025-09-28
CPN0002580,RID0017154,WEEKEND15,Weekend ride offer,percentage,15,4.7,2023-12-28,2024-01-07
CPN0002581,RID0017158,FEST100,Festive season offer,flat,100,62.65,2026-01-16,2026-02-05
CPN0002582,RID0017170,LOYAL30,Loyalty reward,flat,30,30.0,2025-02-25,2025-03-31
CPN0002583,RID0017176,LOYAL30,Loyalty reward,flat,30,30.0,2026-03-31,2026-04-23
CPN0002584,RID0017188,LOYAL30,Loyalty reward,flat,30,30.0,2024-12-10,2025-01-10
CPN0002585,RID0017189,WELCOME50,New user welcome offer,flat,50,34.02,2025-10-12,2025-11-06
CPN0002586,RID0017200,FIRST20,First ride discount,percentage,20,18.74,2025-08-30,2025-09-26
CPN0002587,RID0017205,LOYAL30,Loyalty reward,flat,30,30.0,2025-12-20,2026-01-12
CPN0002588,RID0017211,LOYAL30,Loyalty reward,flat,30,30.0,2025-07-10,2025-07-24
CPN0002589,RID0017226,WEEKEND15,Weekend ride offer,percentage,15,14.0,2023-12-20,2024-01-16
CPN0002590,RID0017228,WELCOME50,New user welcome offer,flat,50,50.0,2025-05-30,2025-07-04
CPN0002591,RID0017233,FEST100,Festive season offer,flat,100,18.96,2024-12-04,2025-01-04
CPN0002592,RID0017241,FIRST20,First ride discount,percentage,20,14.15,2025-05-25,2025-06-24
CPN0002593,RID0017244,RAINY10,Monsoon special,percentage,10,7.05,2026-05-19,2026-06-07
CPN0002594,RID0017246,LOYAL30,Loyalty reward,flat,30,30.0,2025-05-29,2025-06-20
CPN0002595,RID0017247,WEEKEND15,Weekend ride offer,percentage,15,6.76,2026-07-10,2026-08-06
CPN0002596,RID0017252,WEEKEND15,Weekend ride offer,percentage,15,7.94,2025-03-21,2025-04-07
CPN0002597,RID0017260,WEEKEND15,Weekend ride offer,percentage,15,13.23,2025-08-15,2025-09-14
CPN0002598,RID0017267,WELCOME50,New user welcome offer,flat,50,28.98,2024-11-04,2024-11-28
CPN0002599,RID0017270,WEEKEND15,Weekend ride offer,percentage,15,7.99,2026-02-14,2026-03-13
CPN0002600,RID0017271,WELCOME50,New user welcome offer,flat,50,25.38,2026-05-21,2026-06-05
CPN0002601,RID0017284,WELCOME50,New user welcome offer,flat,50,16.67,2026-04-16,2026-05-15
CPN0002602,RID0017291,FEST100,Festive season offer,flat,100,34.5,2024-05-16,2024-05-31
CPN0002603,RID0017305,FEST100,Festive season offer,flat,100,73.01,2024-09-28,2024-10-26
CPN0002604,RID0017306,LOYAL30,Loyalty reward,flat,30,27.6,2024-02-05,2024-02-29
CPN0002605,RID0017309,LOYAL30,Loyalty reward,flat,30,27.23,2025-01-22,2025-02-16
CPN0002606,RID0017310,RAINY10,Monsoon special,percentage,10,16.87,2024-08-22,2024-09-11
CPN0002607,RID0017316,FIRST20,First ride discount,percentage,20,25.78,2025-05-19,2025-06-10
CPN0002608,RID0017319,LOYAL30,Loyalty reward,flat,30,30.0,2025-04-03,2025-05-10
CPN0002609,RID0017327,WEEKEND15,Weekend ride offer,percentage,15,7.82,2024-08-13,2024-09-06
CPN0002610,RID0017330,FIRST20,First ride discount,percentage,20,35.64,2025-02-02,2025-02-23
CPN0002611,RID0017333,FIRST20,First ride discount,percentage,20,11.1,2023-12-26,2024-01-24
CPN0002612,RID0017334,FIRST20,First ride discount,percentage,20,18.66,2025-04-15,2025-05-13
CPN0002613,RID0017337,WELCOME50,New user welcome offer,flat,50,9.9,2026-01-26,2026-02-27
CPN0002614,RID0017343,FIRST20,First ride discount,percentage,20,43.1,2024-10-29,2024-12-06
CPN0002615,RID0017345,WEEKEND15,Weekend ride offer,percentage,15,17.62,2024-05-23,2024-06-11
CPN0002616,RID0017348,WELCOME50,New user welcome offer,flat,50,26.71,2025-02-10,2025-03-14
CPN0002617,RID0017349,WEEKEND15,Weekend ride offer,percentage,15,8.54,2025-03-24,2025-04-18
CPN0002618,RID0017364,RAINY10,Monsoon special,percentage,10,14.21,2025-12-31,2026-01-21
CPN0002619,RID0017369,FIRST20,First ride discount,percentage,20,5.14,2026-06-19,2026-07-02
CPN0002620,RID0017377,FEST100,Festive season offer,flat,100,36.12,2026-02-07,2026-02-28
CPN0002621,RID0017381,FIRST20,First ride discount,percentage,20,5.69,2025-05-31,2025-07-05
CPN0002622,RID0017383,FIRST20,First ride discount,percentage,20,8.93,2024-10-15,2024-11-09
CPN0002623,RID0017393,WEEKEND15,Weekend ride offer,percentage,15,5.71,2025-08-20,2025-09-16
CPN0002624,RID0017394,WELCOME50,New user welcome offer,flat,50,50.0,2024-11-29,2025-01-01
CPN0002625,RID0017399,FIRST20,First ride discount,percentage,20,19.34,2024-02-25,2024-03-23
CPN0002626,RID0017407,WELCOME50,New user welcome offer,flat,50,38.4,2024-07-20,2024-08-02
CPN0002627,RID0017410,FIRST20,First ride discount,percentage,20,29.75,2026-06-19,2026-07-21
CPN0002628,RID0017414,WEEKEND15,Weekend ride offer,percentage,15,16.97,2024-02-21,2024-03-19
CPN0002629,RID0017420,FEST100,Festive season offer,flat,100,46.56,2025-01-04,2025-02-02
CPN0002630,RID0017421,WEEKEND15,Weekend ride offer,percentage,15,8.91,2024-09-18,2024-10-01
CPN0002631,RID0017432,WEEKEND15,Weekend ride offer,percentage,15,10.03,2024-12-21,2025-01-18
CPN0002632,RID0017437,WEEKEND15,Weekend ride offer,percentage,15,30.8,2024-09-12,2024-10-21
CPN0002633,RID0017441,LOYAL30,Loyalty reward,flat,30,30.0,2025-02-15,2025-03-14
CPN0002634,RID0017445,LOYAL30,Loyalty reward,flat,30,30.0,2024-01-10,2024-02-04
CPN0002635,RID0017450,FIRST20,First ride discount,percentage,20,18.07,2025-09-17,2025-10-11
CPN0002636,RID0017451,FEST100,Festive season offer,flat,100,64.47,2025-12-21,2026-01-10
CPN0002637,RID0017457,RAINY10,Monsoon special,percentage,10,10.42,2025-12-09,2025-12-20
CPN0002638,RID0017461,FIRST20,First ride discount,percentage,20,10.22,2026-01-21,2026-02-03
CPN0002639,RID0017470,LOYAL30,Loyalty reward,flat,30,21.36,2024-08-19,2024-09-15
CPN0002640,RID0017472,WELCOME50,New user welcome offer,flat,50,20.4,2026-05-06,2026-05-25
CPN0002641,RID0017477,WELCOME50,New user welcome offer,flat,50,50.0,2026-01-25,2026-03-03
CPN0002642,RID0017483,RAINY10,Monsoon special,percentage,10,8.34,2024-06-14,2024-07-09
CPN0002643,RID0017492,FIRST20,First ride discount,percentage,20,37.54,2024-07-13,2024-08-02
CPN0002644,RID0017497,RAINY10,Monsoon special,percentage,10,1.98,2025-04-20,2025-05-13
CPN0002645,RID0017500,WEEKEND15,Weekend ride offer,percentage,15,7.43,2026-04-11,2026-05-09
CPN0002646,RID0017503,WELCOME50,New user welcome offer,flat,50,24.13,2024-06-26,2024-07-23
CPN0002647,RID0017509,FEST100,Festive season offer,flat,100,18.03,2025-08-12,2025-09-05
CPN0002648,RID0017519,RAINY10,Monsoon special,percentage,10,12.94,2025-08-27,2025-09-12
CPN0002649,RID0017523,RAINY10,Monsoon special,percentage,10,7.15,2025-02-18,2025-03-15
CPN0002650,RID0017526,LOYAL30,Loyalty reward,flat,30,30.0,2024-09-18,2024-10-05
CPN0002651,RID0017545,LOYAL30,Loyalty reward,flat,30,30.0,2025-09-29,2025-10-31
CPN0002652,RID0017554,LOYAL30,Loyalty reward,flat,30,30.0,2025-11-19,2025-12-14
CPN0002653,RID0017564,LOYAL30,Loyalty reward,flat,30,20.91,2024-02-04,2024-02-16
CPN0002654,RID0017567,LOYAL30,Loyalty reward,flat,30,30.0,2025-09-13,2025-10-07
CPN0002655,RID0017577,FIRST20,First ride discount,percentage,20,21.4,2025-08-05,2025-08-16
CPN0002656,RID0017583,WEEKEND15,Weekend ride offer,percentage,15,8.59,2025-11-06,2025-11-28
CPN0002657,RID0017587,FEST100,Festive season offer,flat,100,38.3,2025-07-05,2025-08-08
CPN0002658,RID0017588,FIRST20,First ride discount,percentage,20,19.91,2025-01-16,2025-02-12
CPN0002659,RID0017589,LOYAL30,Loyalty reward,flat,30,30.0,2025-03-14,2025-04-09
CPN0002660,RID0017590,WEEKEND15,Weekend ride offer,percentage,15,20.25,2025-08-08,2025-09-13
CPN0002661,RID0017593,RAINY10,Monsoon special,percentage,10,4.73,2024-02-15,2024-03-11
CPN0002662,RID0017594,FIRST20,First ride discount,percentage,20,38.7,2025-01-26,2025-02-28
CPN0002663,RID0017597,FIRST20,First ride discount,percentage,20,20.14,2025-09-06,2025-09-29
CPN0002664,RID0017598,WELCOME50,New user welcome offer,flat,50,43.8,2023-12-23,2024-01-14
CPN0002665,RID0017599,LOYAL30,Loyalty reward,flat,30,30.0,2025-12-05,2026-01-05
CPN0002666,RID0017605,WEEKEND15,Weekend ride offer,percentage,15,21.33,2025-03-25,2025-04-20
CPN0002667,RID0017606,RAINY10,Monsoon special,percentage,10,2.72,2026-04-14,2026-05-09
CPN0002668,RID0017613,WELCOME50,New user welcome offer,flat,50,13.6,2025-10-16,2025-11-13
CPN0002669,RID0017615,RAINY10,Monsoon special,percentage,10,10.15,2025-05-02,2025-06-04
CPN0002670,RID0017632,FEST100,Festive season offer,flat,100,77.28,2023-12-20,2024-01-19
CPN0002671,RID0017633,WEEKEND15,Weekend ride offer,percentage,15,47.01,2025-12-19,2026-01-12
CPN0002672,RID0017635,WEEKEND15,Weekend ride offer,percentage,15,14.38,2024-04-01,2024-04-29
CPN0002673,RID0017636,WELCOME50,New user welcome offer,flat,50,50.0,2026-03-24,2026-04-04
CPN0002674,RID0017637,FEST100,Festive season offer,flat,100,53.56,2026-04-16,2026-05-11
CPN0002675,RID0017642,WELCOME50,New user welcome offer,flat,50,50.0,2025-06-27,2025-07-25
CPN0002676,RID0017649,WELCOME50,New user welcome offer,flat,50,19.71,2026-07-05,2026-07-26
CPN0002677,RID0017655,LOYAL30,Loyalty reward,flat,30,30.0,2025-06-26,2025-07-18
CPN0002678,RID0017656,LOYAL30,Loyalty reward,flat,30,30.0,2024-05-12,2024-06-07
CPN0002679,RID0017670,RAINY10,Monsoon special,percentage,10,14.37,2024-07-27,2024-08-24
CPN0002680,RID0017673,WEEKEND15,Weekend ride offer,percentage,15,32.37,2024-12-12,2025-01-08
CPN0002681,RID0017685,WELCOME50,New user welcome offer,flat,50,16.17,2025-04-01,2025-05-07
CPN0002682,RID0017694,LOYAL30,Loyalty reward,flat,30,30.0,2026-05-01,2026-05-23
CPN0002683,RID0017707,WEEKEND15,Weekend ride offer,percentage,15,14.56,2026-02-27,2026-03-21
CPN0002684,RID0017708,FEST100,Festive season offer,flat,100,10.23,2026-02-17,2026-03-12
CPN0002685,RID0017714,LOYAL30,Loyalty reward,flat,30,23.55,2026-04-16,2026-05-04
CPN0002686,RID0017716,WELCOME50,New user welcome offer,flat,50,13.5,2026-02-03,2026-02-17
CPN0002687,RID0017720,WEEKEND15,Weekend ride offer,percentage,15,13.78,2024-07-26,2024-08-24
CPN0002688,RID0017739,RAINY10,Monsoon special,percentage,10,3.18,2025-08-16,2025-09-01
CPN0002689,RID0017750,FIRST20,First ride discount,percentage,20,17.36,2025-08-01,2025-08-25
CPN0002690,RID0017755,FIRST20,First ride discount,percentage,20,4.32,2024-08-09,2024-09-02
CPN0002691,RID0017762,RAINY10,Monsoon special,percentage,10,8.86,2025-09-26,2025-10-15
CPN0002692,RID0017783,RAINY10,Monsoon special,percentage,10,23.33,2024-05-30,2024-06-29
CPN0002693,RID0017793,FEST100,Festive season offer,flat,100,53.14,2024-10-17,2024-11-13
CPN0002694,RID0017796,FEST100,Festive season offer,flat,100,97.56,2024-03-17,2024-04-17
CPN0002695,RID0017798,FEST100,Festive season offer,flat,100,34.65,2024-10-07,2024-11-08
CPN0002696,RID0017808,WELCOME50,New user welcome offer,flat,50,49.32,2024-02-05,2024-03-06
CPN0002697,RID0017841,FEST100,Festive season offer,flat,100,98.1,2026-04-29,2026-05-23
CPN0002698,RID0017842,LOYAL30,Loyalty reward,flat,30,30.0,2025-09-25,2025-10-29
CPN0002699,RID0017848,WELCOME50,New user welcome offer,flat,50,26.46,2025-05-16,2025-06-19
CPN0002700,RID0017849,LOYAL30,Loyalty reward,flat,30,26.34,2024-10-10,2024-11-09
CPN0002701,RID0017851,FIRST20,First ride discount,percentage,20,30.05,2025-06-02,2025-06-30
CPN0002702,RID0017857,LOYAL30,Loyalty reward,flat,30,19.8,2025-03-09,2025-04-02
CPN0002703,RID0017868,FIRST20,First ride discount,percentage,20,34.7,2024-04-28,2024-05-26
CPN0002704,RID0017882,FEST100,Festive season offer,flat,100,46.62,2024-11-30,2024-12-17
CPN0002705,RID0017895,FIRST20,First ride discount,percentage,20,31.27,2024-01-26,2024-02-17
CPN0002706,RID0017903,FIRST20,First ride discount,percentage,20,12.27,2026-01-19,2026-02-13
CPN0002707,RID0017908,FIRST20,First ride discount,percentage,20,23.54,2024-06-07,2024-07-07
CPN0002708,RID0017913,WELCOME50,New user welcome offer,flat,50,50.0,2026-01-31,2026-02-22
CPN0002709,RID0017920,LOYAL30,Loyalty reward,flat,30,30.0,2024-12-02,2024-12-18
CPN0002710,RID0017922,LOYAL30,Loyalty reward,flat,30,30.0,2024-08-18,2024-09-15
CPN0002711,RID0017927,WELCOME50,New user welcome offer,flat,50,50.0,2024-02-24,2024-03-11
CPN0002712,RID0017932,WELCOME50,New user welcome offer,flat,50,24.72,2024-12-07,2025-01-06
CPN0002713,RID0017940,WEEKEND15,Weekend ride offer,percentage,15,8.12,2025-02-19,2025-03-18
CPN0002714,RID0017949,FEST100,Festive season offer,flat,100,20.91,2025-11-17,2025-12-19
CPN0002715,RID0017964,RAINY10,Monsoon special,percentage,10,14.15,2025-09-18,2025-10-17
CPN0002716,RID0017970,FEST100,Festive season offer,flat,100,19.8,2026-04-08,2026-04-28
CPN0002717,RID0017972,RAINY10,Monsoon special,percentage,10,7.13,2025-04-23,2025-05-17
CPN0002718,RID0017978,WEEKEND15,Weekend ride offer,percentage,15,10.32,2024-11-27,2024-12-19
CPN0002719,RID0017985,RAINY10,Monsoon special,percentage,10,5.57,2026-05-22,2026-06-05
CPN0002720,RID0017992,LOYAL30,Loyalty reward,flat,30,30.0,2026-06-14,2026-07-08
CPN0002721,RID0018003,FIRST20,First ride discount,percentage,20,7.15,2025-12-27,2026-02-02
CPN0002722,RID0018018,WELCOME50,New user welcome offer,flat,50,32.52,2026-06-14,2026-07-07
CPN0002723,RID0018023,WELCOME50,New user welcome offer,flat,50,11.91,2024-12-25,2025-01-13
CPN0002724,RID0018037,WEEKEND15,Weekend ride offer,percentage,15,6.98,2026-05-08,2026-06-01
CPN0002725,RID0018038,WELCOME50,New user welcome offer,flat,50,50.0,2024-09-10,2024-10-02
CPN0002726,RID0018044,WELCOME50,New user welcome offer,flat,50,50.0,2024-04-08,2024-04-26
CPN0002727,RID0018058,FIRST20,First ride discount,percentage,20,24.06,2025-05-25,2025-06-19
CPN0002728,RID0018063,FIRST20,First ride discount,percentage,20,10.37,2026-05-12,2026-06-10
CPN0002729,RID0018069,WELCOME50,New user welcome offer,flat,50,50.0,2024-12-09,2025-01-09
CPN0002730,RID0018076,RAINY10,Monsoon special,percentage,10,7.0,2026-03-20,2026-04-01
CPN0002731,RID0018082,RAINY10,Monsoon special,percentage,10,3.88,2026-02-27,2026-03-22
CPN0002732,RID0018087,WEEKEND15,Weekend ride offer,percentage,15,8.89,2025-05-07,2025-05-24
CPN0002733,RID0018099,LOYAL30,Loyalty reward,flat,30,22.86,2025-06-11,2025-07-19
CPN0002734,RID0018100,FEST100,Festive season offer,flat,100,17.25,2025-03-02,2025-03-19
CPN0002735,RID0018106,LOYAL30,Loyalty reward,flat,30,30.0,2025-07-19,2025-08-10
CPN0002736,RID0018111,WEEKEND15,Weekend ride offer,percentage,15,4.09,2023-12-27,2024-01-13
CPN0002737,RID0018113,LOYAL30,Loyalty reward,flat,30,30.0,2026-07-09,2026-07-25
CPN0002738,RID0018119,FEST100,Festive season offer,flat,100,40.33,2026-05-27,2026-06-22
CPN0002739,RID0018153,FIRST20,First ride discount,percentage,20,25.51,2026-05-30,2026-06-30
CPN0002740,RID0018157,LOYAL30,Loyalty reward,flat,30,30.0,2026-01-17,2026-02-23
CPN0002741,RID0018166,FEST100,Festive season offer,flat,100,34.59,2026-03-11,2026-04-08
CPN0002742,RID0018172,FIRST20,First ride discount,percentage,20,6.92,2025-04-13,2025-05-01
CPN0002743,RID0018175,LOYAL30,Loyalty reward,flat,30,20.09,2025-03-08,2025-04-07
CPN0002744,RID0018179,RAINY10,Monsoon special,percentage,10,5.18,2024-11-25,2024-12-30
CPN0002745,RID0018183,LOYAL30,Loyalty reward,flat,30,30.0,2024-07-23,2024-08-18
CPN0002746,RID0018190,RAINY10,Monsoon special,percentage,10,11.29,2024-07-21,2024-08-27
CPN0002747,RID0018207,LOYAL30,Loyalty reward,flat,30,30.0,2026-01-18,2026-02-08
CPN0002748,RID0018220,LOYAL30,Loyalty reward,flat,30,14.37,2025-11-23,2025-12-05
CPN0002749,RID0018230,WELCOME50,New user welcome offer,flat,50,27.32,2025-11-06,2025-12-02
CPN0002750,RID0018241,RAINY10,Monsoon special,percentage,10,7.39,2025-10-28,2025-11-27
CPN0002751,RID0018247,RAINY10,Monsoon special,percentage,10,8.46,2025-12-23,2026-01-22
CPN0002752,RID0018251,FIRST20,First ride discount,percentage,20,21.91,2026-06-22,2026-07-16
CPN0002753,RID0018257,RAINY10,Monsoon special,percentage,10,14.98,2025-10-07,2025-10-26
CPN0002754,RID0018258,RAINY10,Monsoon special,percentage,10,11.03,2024-12-15,2025-01-15
CPN0002755,RID0018280,LOYAL30,Loyalty reward,flat,30,30.0,2024-12-26,2025-01-22
CPN0002756,RID0018282,LOYAL30,Loyalty reward,flat,30,30.0,2024-12-15,2025-01-05
CPN0002757,RID0018292,FEST100,Festive season offer,flat,100,94.95,2026-03-19,2026-04-22
CPN0002758,RID0018296,FEST100,Festive season offer,flat,100,43.41,2024-11-05,2024-11-28
CPN0002759,RID0018327,WELCOME50,New user welcome offer,flat,50,20.34,2025-09-16,2025-09-26
CPN0002760,RID0018334,RAINY10,Monsoon special,percentage,10,12.72,2025-12-19,2026-01-23
CPN0002761,RID0018354,WEEKEND15,Weekend ride offer,percentage,15,12.35,2025-10-25,2025-11-14
CPN0002762,RID0018356,WELCOME50,New user welcome offer,flat,50,50.0,2024-11-15,2024-12-23
CPN0002763,RID0018362,RAINY10,Monsoon special,percentage,10,3.96,2024-12-22,2025-01-25
CPN0002764,RID0018365,WEEKEND15,Weekend ride offer,percentage,15,20.32,2026-01-04,2026-01-29
CPN0002765,RID0018366,RAINY10,Monsoon special,percentage,10,20.33,2025-06-09,2025-07-08
CPN0002766,RID0018376,LOYAL30,Loyalty reward,flat,30,30.0,2024-01-25,2024-02-16
CPN0002767,RID0018381,FIRST20,First ride discount,percentage,20,8.84,2025-03-25,2025-04-26
CPN0002768,RID0018383,RAINY10,Monsoon special,percentage,10,13.84,2024-11-18,2024-12-23
CPN0002769,RID0018386,RAINY10,Monsoon special,percentage,10,5.16,2024-01-01,2024-01-27
CPN0002770,RID0018388,LOYAL30,Loyalty reward,flat,30,21.24,2025-09-19,2025-10-12
CPN0002771,RID0018394,WELCOME50,New user welcome offer,flat,50,34.32,2025-02-21,2025-03-16
CPN0002772,RID0018401,RAINY10,Monsoon special,percentage,10,5.89,2026-03-08,2026-04-12
CPN0002773,RID0018403,FEST100,Festive season offer,flat,100,14.04,2026-01-13,2026-01-28
CPN0002774,RID0018412,FEST100,Festive season offer,flat,100,75.8,2025-06-24,2025-07-20
CPN0002775,RID0018413,WELCOME50,New user welcome offer,flat,50,48.74,2024-04-21,2024-05-22
CPN0002776,RID0018419,RAINY10,Monsoon special,percentage,10,2.26,2024-03-15,2024-04-07
CPN0002777,RID0018426,WEEKEND15,Weekend ride offer,percentage,15,12.42,2024-06-10,2024-07-11
CPN0002778,RID0018427,LOYAL30,Loyalty reward,flat,30,30.0,2023-12-25,2024-01-25
CPN0002779,RID0018429,LOYAL30,Loyalty reward,flat,30,30.0,2026-04-07,2026-05-06
CPN0002780,RID0018438,FIRST20,First ride discount,percentage,20,5.53,2024-04-17,2024-05-20
CPN0002781,RID0018450,RAINY10,Monsoon special,percentage,10,24.2,2024-01-16,2024-02-16
CPN0002782,RID0018456,LOYAL30,Loyalty reward,flat,30,30.0,2025-10-20,2025-11-10
CPN0002783,RID0018457,FIRST20,First ride discount,percentage,20,6.36,2025-08-25,2025-09-21
CPN0002784,RID0018476,WEEKEND15,Weekend ride offer,percentage,15,30.67,2024-04-12,2024-05-17
CPN0002785,RID0018477,RAINY10,Monsoon special,percentage,10,12.44,2024-10-22,2024-11-25
CPN0002786,RID0018485,FEST100,Festive season offer,flat,100,98.97,2025-09-13,2025-09-25
CPN0002787,RID0018487,RAINY10,Monsoon special,percentage,10,3.82,2024-02-06,2024-02-26
CPN0002788,RID0018488,RAINY10,Monsoon special,percentage,10,6.96,2024-07-17,2024-08-16
CPN0002789,RID0018492,RAINY10,Monsoon special,percentage,10,26.86,2025-10-19,2025-11-10
CPN0002790,RID0018494,FIRST20,First ride discount,percentage,20,69.2,2026-05-20,2026-06-20
CPN0002791,RID0018499,WELCOME50,New user welcome offer,flat,50,35.42,2024-12-23,2025-01-24
CPN0002792,RID0018519,WEEKEND15,Weekend ride offer,percentage,15,45.0,2024-11-10,2024-12-17
CPN0002793,RID0018522,RAINY10,Monsoon special,percentage,10,2.89,2025-04-05,2025-05-05
CPN0002794,RID0018524,FEST100,Festive season offer,flat,100,30.17,2025-07-16,2025-08-17
CPN0002795,RID0018552,WELCOME50,New user welcome offer,flat,50,44.25,2024-12-21,2025-01-12
CPN0002796,RID0018555,WELCOME50,New user welcome offer,flat,50,50.0,2024-01-27,2024-02-23
CPN0002797,RID0018563,WEEKEND15,Weekend ride offer,percentage,15,8.67,2023-12-28,2024-01-12
CPN0002798,RID0018569,FEST100,Festive season offer,flat,100,29.57,2025-01-05,2025-02-04
CPN0002799,RID0018571,FIRST20,First ride discount,percentage,20,9.36,2024-06-17,2024-07-09
CPN0002800,RID0018589,LOYAL30,Loyalty reward,flat,30,30.0,2024-08-22,2024-09-19
CPN0002801,RID0018590,WEEKEND15,Weekend ride offer,percentage,15,17.21,2025-01-27,2025-03-02
CPN0002802,RID0018592,FEST100,Festive season offer,flat,100,70.52,2025-04-06,2025-04-28
CPN0002803,RID0018602,WEEKEND15,Weekend ride offer,percentage,15,9.31,2024-05-11,2024-06-03
CPN0002804,RID0018607,WELCOME50,New user welcome offer,flat,50,50.0,2026-06-10,2026-07-05
CPN0002805,RID0018623,WEEKEND15,Weekend ride offer,percentage,15,28.97,2026-04-14,2026-05-06
CPN0002806,RID0018638,WEEKEND15,Weekend ride offer,percentage,15,18.27,2025-10-21,2025-11-11
CPN0002807,RID0018647,WELCOME50,New user welcome offer,flat,50,31.8,2024-12-06,2024-12-21
CPN0002808,RID0018651,LOYAL30,Loyalty reward,flat,30,30.0,2024-05-21,2024-06-22
CPN0002809,RID0018662,WEEKEND15,Weekend ride offer,percentage,15,38.32,2025-12-14,2025-12-24
CPN0002810,RID0018675,FEST100,Festive season offer,flat,100,43.8,2024-09-05,2024-10-02
CPN0002811,RID0018692,LOYAL30,Loyalty reward,flat,30,30.0,2024-05-12,2024-05-25
CPN0002812,RID0018693,FEST100,Festive season offer,flat,100,51.3,2025-01-25,2025-02-25
CPN0002813,RID0018707,FEST100,Festive season offer,flat,100,30.0,2024-11-07,2024-11-30
CPN0002814,RID0018713,RAINY10,Monsoon special,percentage,10,22.66,2024-11-11,2024-12-13
CPN0002815,RID0018721,FIRST20,First ride discount,percentage,20,58.54,2023-12-24,2024-01-10
CPN0002816,RID0018727,FEST100,Festive season offer,flat,100,11.91,2025-09-14,2025-10-03
CPN0002817,RID0018729,LOYAL30,Loyalty reward,flat,30,26.74,2024-01-16,2024-02-20
CPN0002818,RID0018734,WELCOME50,New user welcome offer,flat,50,48.82,2024-05-04,2024-06-08
CPN0002819,RID0018737,WEEKEND15,Weekend ride offer,percentage,15,12.9,2026-01-22,2026-02-16
CPN0002820,RID0018739,WELCOME50,New user welcome offer,flat,50,50.0,2024-01-11,2024-02-14
CPN0002821,RID0018742,FEST100,Festive season offer,flat,100,57.66,2025-08-30,2025-09-25
CPN0002822,RID0018743,WEEKEND15,Weekend ride offer,percentage,15,25.49,2025-01-07,2025-02-01
CPN0002823,RID0018748,WEEKEND15,Weekend ride offer,percentage,15,6.06,2024-06-12,2024-07-07
CPN0002824,RID0018750,LOYAL30,Loyalty reward,flat,30,30.0,2024-03-09,2024-04-06
CPN0002825,RID0018762,WELCOME50,New user welcome offer,flat,50,35.55,2026-07-05,2026-07-29
CPN0002826,RID0018765,WELCOME50,New user welcome offer,flat,50,26.76,2024-04-24,2024-05-28
CPN0002827,RID0018766,LOYAL30,Loyalty reward,flat,30,24.85,2025-03-30,2025-04-22
CPN0002828,RID0018782,WEEKEND15,Weekend ride offer,percentage,15,11.12,2026-03-17,2026-04-18
CPN0002829,RID0018793,FEST100,Festive season offer,flat,100,28.73,2024-05-12,2024-06-10
CPN0002830,RID0018806,LOYAL30,Loyalty reward,flat,30,30.0,2026-03-29,2026-05-03
CPN0002831,RID0018810,RAINY10,Monsoon special,percentage,10,6.85,2024-11-10,2024-12-05
CPN0002832,RID0018812,RAINY10,Monsoon special,percentage,10,3.16,2025-08-24,2025-09-20
CPN0002833,RID0018816,RAINY10,Monsoon special,percentage,10,18.47,2025-06-28,2025-07-19
CPN0002834,RID0018827,FEST100,Festive season offer,flat,100,14.76,2025-04-27,2025-05-24
CPN0002835,RID0018830,LOYAL30,Loyalty reward,flat,30,30.0,2026-02-23,2026-03-15
CPN0002836,RID0018833,WEEKEND15,Weekend ride offer,percentage,15,10.44,2024-06-24,2024-07-24
CPN0002837,RID0018835,LOYAL30,Loyalty reward,flat,30,30.0,2024-06-29,2024-07-15
CPN0002838,RID0018847,RAINY10,Monsoon special,percentage,10,7.68,2024-02-24,2024-03-06
CPN0002839,RID0018852,WEEKEND15,Weekend ride offer,percentage,15,26.37,2024-03-30,2024-04-22
CPN0002840,RID0018867,LOYAL30,Loyalty reward,flat,30,30.0,2025-02-22,2025-03-24
CPN0002841,RID0018877,WEEKEND15,Weekend ride offer,percentage,15,11.57,2025-10-14,2025-11-16
CPN0002842,RID0018888,WEEKEND15,Weekend ride offer,percentage,15,12.15,2025-05-17,2025-06-20
CPN0002843,RID0018891,FIRST20,First ride discount,percentage,20,27.14,2024-07-14,2024-08-05
CPN0002844,RID0018896,LOYAL30,Loyalty reward,flat,30,30.0,2025-10-03,2025-10-21
CPN0002845,RID0018917,RAINY10,Monsoon special,percentage,10,7.5,2025-07-05,2025-08-09
CPN0002846,RID0018920,FIRST20,First ride discount,percentage,20,9.54,2026-02-11,2026-03-17
CPN0002847,RID0018922,FEST100,Festive season offer,flat,100,100.0,2024-09-21,2024-10-29
CPN0002848,RID0018924,FEST100,Festive season offer,flat,100,52.74,2025-06-09,2025-07-07
CPN0002849,RID0018925,WELCOME50,New user welcome offer,flat,50,50.0,2024-06-11,2024-06-28
CPN0002850,RID0018930,FEST100,Festive season offer,flat,100,100.0,2024-06-04,2024-06-26
CPN0002851,RID0018932,FEST100,Festive season offer,flat,100,12.36,2025-10-20,2025-11-12
CPN0002852,RID0018940,RAINY10,Monsoon special,percentage,10,28.25,2026-05-02,2026-05-20
CPN0002853,RID0018948,LOYAL30,Loyalty reward,flat,30,30.0,2024-05-04,2024-05-17
CPN0002854,RID0018950,RAINY10,Monsoon special,percentage,10,13.36,2025-03-14,2025-04-02
CPN0002855,RID0018952,LOYAL30,Loyalty reward,flat,30,30.0,2025-09-11,2025-10-10
CPN0002856,RID0018956,FIRST20,First ride discount,percentage,20,9.15,2025-02-22,2025-03-18
CPN0002857,RID0018958,FEST100,Festive season offer,flat,100,22.89,2024-04-26,2024-05-19
CPN0002858,RID0018979,WEEKEND15,Weekend ride offer,percentage,15,8.37,2024-05-28,2024-06-27
CPN0002859,RID0018981,WELCOME50,New user welcome offer,flat,50,50.0,2026-01-28,2026-02-21
CPN0002860,RID0018989,LOYAL30,Loyalty reward,flat,30,30.0,2025-04-23,2025-06-01
CPN0002861,RID0018990,FEST100,Festive season offer,flat,100,76.61,2024-11-09,2024-12-02
CPN0002862,RID0019005,RAINY10,Monsoon special,percentage,10,34.27,2025-09-27,2025-10-25
CPN0002863,RID0019018,RAINY10,Monsoon special,percentage,10,7.76,2024-11-12,2024-12-03
CPN0002864,RID0019022,WELCOME50,New user welcome offer,flat,50,29.34,2025-06-02,2025-06-17
CPN0002865,RID0019027,LOYAL30,Loyalty reward,flat,30,30.0,2024-09-03,2024-09-20
CPN0002866,RID0019033,RAINY10,Monsoon special,percentage,10,3.35,2025-09-05,2025-10-05
CPN0002867,RID0019036,FIRST20,First ride discount,percentage,20,18.62,2025-04-10,2025-05-02
CPN0002868,RID0019042,RAINY10,Monsoon special,percentage,10,5.34,2025-11-01,2025-11-28
CPN0002869,RID0019048,RAINY10,Monsoon special,percentage,10,4.27,2025-08-26,2025-09-21
CPN0002870,RID0019050,WELCOME50,New user welcome offer,flat,50,14.59,2025-07-14,2025-07-26
CPN0002871,RID0019051,FEST100,Festive season offer,flat,100,75.06,2024-08-11,2024-09-02
CPN0002872,RID0019060,WEEKEND15,Weekend ride offer,percentage,15,14.88,2024-10-01,2024-10-28
CPN0002873,RID0019063,LOYAL30,Loyalty reward,flat,30,27.18,2024-10-04,2024-10-24
CPN0002874,RID0019071,RAINY10,Monsoon special,percentage,10,16.55,2025-03-01,2025-03-17
CPN0002875,RID0019081,WELCOME50,New user welcome offer,flat,50,41.02,2026-01-20,2026-02-13
CPN0002876,RID0019089,WELCOME50,New user welcome offer,flat,50,50.0,2024-01-02,2024-01-24
CPN0002877,RID0019090,FIRST20,First ride discount,percentage,20,29.46,2025-06-01,2025-06-21
CPN0002878,RID0019093,LOYAL30,Loyalty reward,flat,30,30.0,2026-01-23,2026-02-25
CPN0002879,RID0019114,WEEKEND15,Weekend ride offer,percentage,15,6.99,2024-02-25,2024-03-08
CPN0002880,RID0019121,WEEKEND15,Weekend ride offer,percentage,15,9.29,2024-10-15,2024-11-10
CPN0002881,RID0019131,RAINY10,Monsoon special,percentage,10,26.96,2025-08-29,2025-09-16
CPN0002882,RID0019133,WELCOME50,New user welcome offer,flat,50,50.0,2025-02-21,2025-03-16
CPN0002883,RID0019135,LOYAL30,Loyalty reward,flat,30,21.66,2024-12-25,2025-01-07
CPN0002884,RID0019136,RAINY10,Monsoon special,percentage,10,4.74,2024-04-18,2024-05-20
CPN0002885,RID0019137,RAINY10,Monsoon special,percentage,10,5.16,2025-02-14,2025-03-18
CPN0002886,RID0019142,FIRST20,First ride discount,percentage,20,19.69,2025-04-11,2025-05-07
CPN0002887,RID0019145,LOYAL30,Loyalty reward,flat,30,16.74,2025-05-28,2025-06-22
CPN0002888,RID0019146,FEST100,Festive season offer,flat,100,65.76,2026-07-06,2026-07-19
CPN0002889,RID0019147,LOYAL30,Loyalty reward,flat,30,30.0,2025-12-17,2026-01-11
CPN0002890,RID0019148,RAINY10,Monsoon special,percentage,10,11.97,2025-08-26,2025-09-29
CPN0002891,RID0019163,RAINY10,Monsoon special,percentage,10,6.68,2025-09-17,2025-10-02
CPN0002892,RID0019180,FIRST20,First ride discount,percentage,20,9.5,2024-04-05,2024-05-12
CPN0002893,RID0019189,WELCOME50,New user welcome offer,flat,50,37.23,2024-10-26,2024-11-17
CPN0002894,RID0019192,RAINY10,Monsoon special,percentage,10,32.53,2026-04-17,2026-05-07
CPN0002895,RID0019195,LOYAL30,Loyalty reward,flat,30,30.0,2024-05-08,2024-06-03
CPN0002896,RID0019196,FIRST20,First ride discount,percentage,20,11.49,2024-02-20,2024-03-13
CPN0002897,RID0019210,RAINY10,Monsoon special,percentage,10,3.43,2025-04-06,2025-05-15
CPN0002898,RID0019213,LOYAL30,Loyalty reward,flat,30,30.0,2024-03-24,2024-04-10
CPN0002899,RID0019214,LOYAL30,Loyalty reward,flat,30,19.5,2024-11-12,2024-12-06
CPN0002900,RID0019215,WEEKEND15,Weekend ride offer,percentage,15,18.96,2025-07-09,2025-08-04
CPN0002901,RID0019222,WELCOME50,New user welcome offer,flat,50,29.98,2025-07-14,2025-08-01
CPN0002902,RID0019229,FIRST20,First ride discount,percentage,20,15.4,2024-03-29,2024-04-28
CPN0002903,RID0019230,FEST100,Festive season offer,flat,100,97.64,2024-08-09,2024-09-01
CPN0002904,RID0019245,LOYAL30,Loyalty reward,flat,30,30.0,2026-03-22,2026-04-26
CPN0002905,RID0019261,RAINY10,Monsoon special,percentage,10,4.42,2026-03-21,2026-04-11
CPN0002906,RID0019266,WEEKEND15,Weekend ride offer,percentage,15,9.63,2024-12-14,2025-01-03
CPN0002907,RID0019268,LOYAL30,Loyalty reward,flat,30,26.25,2026-04-14,2026-04-29
CPN0002908,RID0019273,RAINY10,Monsoon special,percentage,10,6.68,2024-11-30,2024-12-25
CPN0002909,RID0019279,WELCOME50,New user welcome offer,flat,50,13.93,2026-04-29,2026-05-28
CPN0002910,RID0019280,RAINY10,Monsoon special,percentage,10,10.69,2026-01-03,2026-02-10
CPN0002911,RID0019299,WELCOME50,New user welcome offer,flat,50,10.41,2024-07-30,2024-08-28
CPN0002912,RID0019303,LOYAL30,Loyalty reward,flat,30,30.0,2025-06-19,2025-07-05
CPN0002913,RID0019305,WEEKEND15,Weekend ride offer,percentage,15,10.4,2024-08-21,2024-09-26
CPN0002914,RID0019306,FIRST20,First ride discount,percentage,20,12.0,2026-06-05,2026-07-01
CPN0002915,RID0019310,RAINY10,Monsoon special,percentage,10,6.1,2026-05-05,2026-06-07
CPN0002916,RID0019312,FIRST20,First ride discount,percentage,20,18.6,2024-04-13,2024-05-11
CPN0002917,RID0019326,RAINY10,Monsoon special,percentage,10,12.3,2025-05-26,2025-06-12
CPN0002918,RID0019328,WEEKEND15,Weekend ride offer,percentage,15,23.17,2026-03-11,2026-03-27
CPN0002919,RID0019332,WELCOME50,New user welcome offer,flat,50,24.12,2025-02-23,2025-03-24
CPN0002920,RID0019340,WELCOME50,New user welcome offer,flat,50,43.35,2025-02-26,2025-03-24
CPN0002921,RID0019352,FIRST20,First ride discount,percentage,20,8.26,2024-11-07,2024-12-06
CPN0002922,RID0019353,FIRST20,First ride discount,percentage,20,58.32,2024-12-20,2025-01-23
CPN0002923,RID0019362,FIRST20,First ride discount,percentage,20,32.71,2025-09-03,2025-09-23
CPN0002924,RID0019366,LOYAL30,Loyalty reward,flat,30,30.0,2025-01-23,2025-02-23
CPN0002925,RID0019373,WELCOME50,New user welcome offer,flat,50,50.0,2025-08-31,2025-09-25
CPN0002926,RID0019378,WELCOME50,New user welcome offer,flat,50,50.0,2026-02-26,2026-03-25
CPN0002927,RID0019379,LOYAL30,Loyalty reward,flat,30,30.0,2024-07-25,2024-08-27
CPN0002928,RID0019384,FEST100,Festive season offer,flat,100,88.74,2025-10-27,2025-11-28
CPN0002929,RID0019397,WELCOME50,New user welcome offer,flat,50,21.55,2024-12-26,2025-01-14
CPN0002930,RID0019406,FEST100,Festive season offer,flat,100,26.34,2025-05-07,2025-05-27
CPN0002931,RID0019408,FEST100,Festive season offer,flat,100,19.8,2026-02-13,2026-03-13
CPN0002932,RID0019414,FIRST20,First ride discount,percentage,20,7.84,2026-01-28,2026-02-18
CPN0002933,RID0019417,WEEKEND15,Weekend ride offer,percentage,15,12.4,2024-12-20,2025-01-15
CPN0002934,RID0019418,WELCOME50,New user welcome offer,flat,50,50.0,2024-01-25,2024-02-13
CPN0002935,RID0019427,FIRST20,First ride discount,percentage,20,12.58,2024-08-04,2024-08-30
CPN0002936,RID0019429,WEEKEND15,Weekend ride offer,percentage,15,5.48,2023-12-27,2024-01-21
CPN0002937,RID0019433,LOYAL30,Loyalty reward,flat,30,30.0,2025-02-04,2025-02-20
CPN0002938,RID0019443,WEEKEND15,Weekend ride offer,percentage,15,10.88,2025-11-27,2025-12-17
CPN0002939,RID0019451,RAINY10,Monsoon special,percentage,10,3.02,2024-02-11,2024-02-29
CPN0002940,RID0019456,FEST100,Festive season offer,flat,100,48.06,2024-06-28,2024-07-17
CPN0002941,RID0019459,FEST100,Festive season offer,flat,100,50.46,2025-06-23,2025-07-14
CPN0002942,RID0019474,RAINY10,Monsoon special,percentage,10,5.05,2024-01-29,2024-02-14
CPN0002943,RID0019480,RAINY10,Monsoon special,percentage,10,13.72,2025-12-01,2025-12-21
CPN0002944,RID0019489,WELCOME50,New user welcome offer,flat,50,29.82,2025-06-13,2025-07-06
CPN0002945,RID0019492,WEEKEND15,Weekend ride offer,percentage,15,9.11,2026-06-19,2026-07-19
CPN0002946,RID0019494,RAINY10,Monsoon special,percentage,10,3.01,2024-08-31,2024-10-07
CPN0002947,RID0019499,RAINY10,Monsoon special,percentage,10,4.14,2024-04-16,2024-05-10
CPN0002948,RID0019503,FIRST20,First ride discount,percentage,20,10.1,2025-03-08,2025-03-28
CPN0002949,RID0019507,FIRST20,First ride discount,percentage,20,7.92,2024-02-01,2024-02-22
CPN0002950,RID0019510,WEEKEND15,Weekend ride offer,percentage,15,14.99,2025-07-20,2025-08-18
CPN0002951,RID0019513,FIRST20,First ride discount,percentage,20,8.93,2025-05-26,2025-06-28
CPN0002952,RID0019521,LOYAL30,Loyalty reward,flat,30,28.24,2025-12-06,2025-12-27
CPN0002953,RID0019527,FEST100,Festive season offer,flat,100,41.22,2024-07-14,2024-08-03
CPN0002954,RID0019529,LOYAL30,Loyalty reward,flat,30,30.0,2026-01-21,2026-02-01
CPN0002955,RID0019533,FEST100,Festive season offer,flat,100,38.26,2025-05-06,2025-06-02
CPN0002956,RID0019548,WEEKEND15,Weekend ride offer,percentage,15,9.63,2026-04-03,2026-04-30
CPN0002957,RID0019552,RAINY10,Monsoon special,percentage,10,3.96,2025-04-08,2025-04-29
CPN0002958,RID0019555,FEST100,Festive season offer,flat,100,48.12,2025-07-11,2025-07-27
CPN0002959,RID0019562,RAINY10,Monsoon special,percentage,10,5.34,2026-03-10,2026-04-06
CPN0002960,RID0019568,WELCOME50,New user welcome offer,flat,50,50.0,2024-08-06,2024-08-23
CPN0002961,RID0019569,RAINY10,Monsoon special,percentage,10,8.63,2025-01-25,2025-02-17
CPN0002962,RID0019574,FEST100,Festive season offer,flat,100,55.63,2024-02-12,2024-03-10
CPN0002963,RID0019586,FEST100,Festive season offer,flat,100,63.65,2026-01-09,2026-02-18
CPN0002964,RID0019593,WELCOME50,New user welcome offer,flat,50,50.0,2025-08-28,2025-09-27
CPN0002965,RID0019596,WEEKEND15,Weekend ride offer,percentage,15,4.97,2025-12-02,2025-12-31
CPN0002966,RID0019599,RAINY10,Monsoon special,percentage,10,17.08,2024-04-30,2024-05-29
CPN0002967,RID0019602,FEST100,Festive season offer,flat,100,21.48,2026-02-28,2026-03-23
CPN0002968,RID0019603,WELCOME50,New user welcome offer,flat,50,50.0,2025-04-16,2025-05-09
CPN0002969,RID0019604,WELCOME50,New user welcome offer,flat,50,50.0,2025-03-03,2025-04-06
CPN0002970,RID0019605,LOYAL30,Loyalty reward,flat,30,30.0,2026-01-25,2026-02-10
CPN0002971,RID0019611,FEST100,Festive season offer,flat,100,31.73,2024-09-30,2024-10-31
CPN0002972,RID0019628,RAINY10,Monsoon special,percentage,10,25.2,2024-03-23,2024-04-15
CPN0002973,RID0019629,WEEKEND15,Weekend ride offer,percentage,15,17.29,2024-02-27,2024-03-23
CPN0002974,RID0019665,WELCOME50,New user welcome offer,flat,50,50.0,2023-12-15,2024-01-06
CPN0002975,RID0019669,WELCOME50,New user welcome offer,flat,50,40.8,2025-01-04,2025-01-18
CPN0002976,RID0019694,WEEKEND15,Weekend ride offer,percentage,15,5.95,2025-03-28,2025-04-21
CPN0002977,RID0019696,WEEKEND15,Weekend ride offer,percentage,15,9.44,2024-09-18,2024-10-12
CPN0002978,RID0019700,LOYAL30,Loyalty reward,flat,30,30.0,2025-03-19,2025-04-09
CPN0002979,RID0019702,WELCOME50,New user welcome offer,flat,50,28.75,2024-09-19,2024-10-23
CPN0002980,RID0019711,FIRST20,First ride discount,percentage,20,5.72,2025-03-03,2025-03-19
CPN0002981,RID0019721,WELCOME50,New user welcome offer,flat,50,19.17,2024-05-08,2024-05-30
CPN0002982,RID0019733,FEST100,Festive season offer,flat,100,48.4,2024-05-17,2024-05-27
CPN0002983,RID0019735,LOYAL30,Loyalty reward,flat,30,30.0,2024-04-04,2024-05-13
CPN0002984,RID0019737,LOYAL30,Loyalty reward,flat,30,30.0,2025-06-01,2025-06-22
CPN0002985,RID0019745,WEEKEND15,Weekend ride offer,percentage,15,12.66,2025-01-11,2025-02-04
CPN0002986,RID0019754,LOYAL30,Loyalty reward,flat,30,30.0,2024-02-12,2024-03-14
CPN0002987,RID0019758,FEST100,Festive season offer,flat,100,56.74,2025-05-04,2025-05-28
CPN0002988,RID0019762,FEST100,Festive season offer,flat,100,23.76,2026-02-07,2026-02-19
CPN0002989,RID0019767,FIRST20,First ride discount,percentage,20,23.86,2025-10-11,2025-11-09
CPN0002990,RID0019778,LOYAL30,Loyalty reward,flat,30,30.0,2025-04-15,2025-05-14
CPN0002991,RID0019783,WEEKEND15,Weekend ride offer,percentage,15,13.58,2025-01-16,2025-02-21
CPN0002992,RID0019788,WELCOME50,New user welcome offer,flat,50,16.41,2024-03-20,2024-04-25
CPN0002993,RID0019790,FIRST20,First ride discount,percentage,20,5.74,2025-12-03,2025-12-22
CPN0002994,RID0019800,WELCOME50,New user welcome offer,flat,50,50.0,2025-09-18,2025-10-25
CPN0002995,RID0019825,WELCOME50,New user welcome offer,flat,50,49.07,2024-10-23,2024-11-18
CPN0002996,RID0019829,FEST100,Festive season offer,flat,100,75.03,2025-08-01,2025-08-19
CPN0002997,RID0019832,FIRST20,First ride discount,percentage,20,41.15,2025-10-03,2025-10-25
CPN0002998,RID0019838,FEST100,Festive season offer,flat,100,42.24,2025-04-29,2025-05-18
CPN0002999,RID0019861,WELCOME50,New user welcome offer,flat,50,43.46,2025-09-21,2025-10-13
CPN0003000,RID0019874,WEEKEND15,Weekend ride offer,percentage,15,15.25,2024-08-01,2024-09-03
CPN0003001,RID0019875,FEST100,Festive season offer,flat,100,17.89,2025-08-28,2025-09-27
CPN0003002,RID0019877,FEST100,Festive season offer,flat,100,41.22,2025-01-29,2025-02-16
CPN0003003,RID0019879,FEST100,Festive season offer,flat,100,86.18,2026-01-25,2026-02-27
CPN0003004,RID0019887,LOYAL30,Loyalty reward,flat,30,30.0,2025-06-14,2025-07-09
CPN0003005,RID0019906,RAINY10,Monsoon special,percentage,10,4.18,2026-05-14,2026-05-24
CPN0003006,RID0019908,FEST100,Festive season offer,flat,100,38.52,2025-08-06,2025-09-11
CPN0003007,RID0019915,FIRST20,First ride discount,percentage,20,47.84,2024-10-07,2024-11-02
CPN0003008,RID0019918,WEEKEND15,Weekend ride offer,percentage,15,13.07,2024-04-12,2024-05-06
CPN0003009,RID0019936,RAINY10,Monsoon special,percentage,10,14.11,2025-12-18,2026-01-22
CPN0003010,RID0019939,WEEKEND15,Weekend ride offer,percentage,15,26.79,2025-02-06,2025-02-18
CPN0003011,RID0019950,RAINY10,Monsoon special,percentage,10,6.1,2025-06-19,2025-07-10
CPN0003012,RID0019953,FIRST20,First ride discount,percentage,20,44.55,2024-02-23,2024-03-22
CPN0003013,RID0019954,LOYAL30,Loyalty reward,flat,30,28.9,2024-01-27,2024-03-06
CPN0003014,RID0019955,WEEKEND15,Weekend ride offer,percentage,15,14.9,2025-10-04,2025-11-05
CPN0003015,RID0019956,FEST100,Festive season offer,flat,100,32.23,2024-01-08,2024-01-23
CPN0003016,RID0019964,WEEKEND15,Weekend ride offer,percentage,15,6.61,2025-02-03,2025-02-20
CPN0003017,RID0019965,LOYAL30,Loyalty reward,flat,30,30.0,2026-01-07,2026-02-14
CPN0003018,RID0019973,RAINY10,Monsoon special,percentage,10,6.26,2026-04-03,2026-04-25
CPN0003019,RID0019979,RAINY10,Monsoon special,percentage,10,4.53,2025-02-26,2025-03-14
CPN0003020,RID0019986,LOYAL30,Loyalty reward,flat,30,30.0,2025-12-02,2025-12-22
CPN0003021,RID0019999,WELCOME50,New user welcome offer,flat,50,50.0,2024-06-01,2024-06-27
CPN0003022,RID0020006,RAINY10,Monsoon special,percentage,10,6.58,2026-01-06,2026-02-06
CPN0003023,RID0020020,WEEKEND15,Weekend ride offer,percentage,15,13.52,2025-07-26,2025-08-12
CPN0003024,RID0020023,RAINY10,Monsoon special,percentage,10,9.48,2025-11-29,2025-12-19
CPN0003025,RID0020025,RAINY10,Monsoon special,percentage,10,9.18,2025-10-10,2025-11-14
CPN0003026,RID0020028,RAINY10,Monsoon special,percentage,10,5.0,2025-12-17,2026-01-15
CPN0003027,RID0020029,FIRST20,First ride discount,percentage,20,13.87,2024-09-03,2024-09-23
CPN0003028,RID0020030,RAINY10,Monsoon special,percentage,10,8.9,2025-07-13,2025-08-07
CPN0003029,RID0020031,RAINY10,Monsoon special,percentage,10,3.31,2025-02-05,2025-02-27
CPN0003030,RID0020053,FEST100,Festive season offer,flat,100,61.02,2025-11-17,2025-12-11
CPN0003031,RID0020060,LOYAL30,Loyalty reward,flat,30,21.84,2025-02-18,2025-03-18
CPN0003032,RID0020066,LOYAL30,Loyalty reward,flat,30,30.0,2024-12-19,2025-01-16
CPN0003033,RID0020068,LOYAL30,Loyalty reward,flat,30,30.0,2025-08-30,2025-10-04
CPN0003034,RID0020071,WEEKEND15,Weekend ride offer,percentage,15,19.26,2025-04-02,2025-04-23
CPN0003035,RID0020084,WELCOME50,New user welcome offer,flat,50,50.0,2024-10-16,2024-11-08
CPN0003036,RID0020087,FEST100,Festive season offer,flat,100,27.06,2024-04-19,2024-05-11
CPN0003037,RID0020088,FEST100,Festive season offer,flat,100,19.87,2025-05-12,2025-06-06
CPN0003038,RID0020091,WEEKEND15,Weekend ride offer,percentage,15,4.28,2025-11-09,2025-12-10
CPN0003039,RID0020099,RAINY10,Monsoon special,percentage,10,9.43,2024-05-03,2024-05-21
CPN0003040,RID0020103,LOYAL30,Loyalty reward,flat,30,30.0,2025-09-01,2025-09-19
CPN0003041,RID0020125,WEEKEND15,Weekend ride offer,percentage,15,4.3,2026-04-18,2026-05-20
CPN0003042,RID0020132,FEST100,Festive season offer,flat,100,78.34,2026-04-17,2026-05-15
CPN0003043,RID0020140,WEEKEND15,Weekend ride offer,percentage,15,9.65,2026-04-20,2026-05-02
CPN0003044,RID0020148,FIRST20,First ride discount,percentage,20,22.62,2026-04-28,2026-05-21
CPN0003045,RID0020165,FEST100,Festive season offer,flat,100,100.0,2025-05-05,2025-06-04
CPN0003046,RID0020166,RAINY10,Monsoon special,percentage,10,12.18,2024-07-04,2024-07-28
CPN0003047,RID0020168,WEEKEND15,Weekend ride offer,percentage,15,17.84,2025-07-27,2025-08-19
CPN0003048,RID0020169,LOYAL30,Loyalty reward,flat,30,14.31,2024-05-05,2024-06-08
CPN0003049,RID0020171,WEEKEND15,Weekend ride offer,percentage,15,19.68,2024-02-05,2024-02-22
CPN0003050,RID0020176,RAINY10,Monsoon special,percentage,10,19.89,2026-03-25,2026-04-25
CPN0003051,RID0020184,FIRST20,First ride discount,percentage,20,11.83,2024-08-26,2024-09-13
CPN0003052,RID0020188,RAINY10,Monsoon special,percentage,10,5.78,2025-06-17,2025-07-12
CPN0003053,RID0020193,WELCOME50,New user welcome offer,flat,50,33.55,2025-11-24,2025-12-19
CPN0003054,RID0020206,WEEKEND15,Weekend ride offer,percentage,15,45.89,2025-08-28,2025-09-19
CPN0003055,RID0020212,WEEKEND15,Weekend ride offer,percentage,15,20.57,2024-10-09,2024-11-01
CPN0003056,RID0020213,FIRST20,First ride discount,percentage,20,12.48,2024-09-04,2024-09-22
CPN0003057,RID0020214,WELCOME50,New user welcome offer,flat,50,50.0,2025-02-20,2025-03-15
CPN0003058,RID0020224,FEST100,Festive season offer,flat,100,79.92,2024-07-27,2024-08-29
CPN0003059,RID0020231,RAINY10,Monsoon special,percentage,10,6.64,2025-12-06,2026-01-02
CPN0003060,RID0020254,LOYAL30,Loyalty reward,flat,30,30.0,2026-03-25,2026-04-27
CPN0003061,RID0020271,LOYAL30,Loyalty reward,flat,30,30.0,2025-10-14,2025-11-13
CPN0003062,RID0020279,WELCOME50,New user welcome offer,flat,50,50.0,2026-06-20,2026-07-17
CPN0003063,RID0020286,WELCOME50,New user welcome offer,flat,50,25.92,2025-09-03,2025-09-28
CPN0003064,RID0020292,LOYAL30,Loyalty reward,flat,30,20.84,2025-10-04,2025-10-18
CPN0003065,RID0020299,WELCOME50,New user welcome offer,flat,50,50.0,2025-04-23,2025-05-21
CPN0003066,RID0020302,FEST100,Festive season offer,flat,100,13.68,2025-12-14,2026-01-15
CPN0003067,RID0020306,FEST100,Festive season offer,flat,100,100.0,2025-09-14,2025-10-17
CPN0003068,RID0020311,WEEKEND15,Weekend ride offer,percentage,15,4.9,2026-01-26,2026-02-14
CPN0003069,RID0020314,FEST100,Festive season offer,flat,100,60.49,2025-02-02,2025-03-05
CPN0003070,RID0020319,WEEKEND15,Weekend ride offer,percentage,15,6.36,2025-04-29,2025-05-18
CPN0003071,RID0020324,RAINY10,Monsoon special,percentage,10,4.75,2025-07-26,2025-08-11
CPN0003072,RID0020325,WEEKEND15,Weekend ride offer,percentage,15,25.87,2024-01-19,2024-02-14
CPN0003073,RID0020337,RAINY10,Monsoon special,percentage,10,4.44,2024-06-26,2024-07-24
CPN0003074,RID0020342,FEST100,Festive season offer,flat,100,25.11,2026-06-09,2026-06-29
CPN0003075,RID0020347,RAINY10,Monsoon special,percentage,10,10.97,2026-05-18,2026-06-17
CPN0003076,RID0020351,RAINY10,Monsoon special,percentage,10,9.78,2025-08-03,2025-08-28
CPN0003077,RID0020352,LOYAL30,Loyalty reward,flat,30,12.75,2025-03-05,2025-04-07
CPN0003078,RID0020353,WEEKEND15,Weekend ride offer,percentage,15,19.49,2025-04-17,2025-05-11
CPN0003079,RID0020362,RAINY10,Monsoon special,percentage,10,10.76,2024-11-06,2024-11-22
CPN0003080,RID0020364,LOYAL30,Loyalty reward,flat,30,30.0,2026-03-25,2026-04-20
CPN0003081,RID0020369,RAINY10,Monsoon special,percentage,10,11.39,2024-05-06,2024-05-25
CPN0003082,RID0020373,RAINY10,Monsoon special,percentage,10,5.45,2025-02-23,2025-03-20
CPN0003083,RID0020378,LOYAL30,Loyalty reward,flat,30,30.0,2026-01-14,2026-02-15
CPN0003084,RID0020395,LOYAL30,Loyalty reward,flat,30,16.75,2024-11-08,2024-11-26
CPN0003085,RID0020401,FEST100,Festive season offer,flat,100,43.38,2025-07-20,2025-08-15
CPN0003086,RID0020415,WEEKEND15,Weekend ride offer,percentage,15,22.36,2024-05-17,2024-06-17
CPN0003087,RID0020427,WEEKEND15,Weekend ride offer,percentage,15,10.03,2024-08-01,2024-08-30
CPN0003088,RID0020429,WELCOME50,New user welcome offer,flat,50,37.7,2025-04-08,2025-04-30
CPN0003089,RID0020436,WEEKEND15,Weekend ride offer,percentage,15,9.04,2025-04-05,2025-04-23
CPN0003090,RID0020453,WELCOME50,New user welcome offer,flat,50,15.6,2024-06-30,2024-07-23
CPN0003091,RID0020454,FEST100,Festive season offer,flat,100,24.9,2026-05-14,2026-06-18
CPN0003092,RID0020456,WEEKEND15,Weekend ride offer,percentage,15,11.68,2026-06-29,2026-07-21
CPN0003093,RID0020470,FIRST20,First ride discount,percentage,20,7.82,2024-05-10,2024-05-29
CPN0003094,RID0020472,FEST100,Festive season offer,flat,100,42.09,2024-11-24,2024-12-20
CPN0003095,RID0020478,FEST100,Festive season offer,flat,100,34.02,2024-01-15,2024-02-15
CPN0003096,RID0020479,WELCOME50,New user welcome offer,flat,50,50.0,2025-02-09,2025-03-11
CPN0003097,RID0020480,RAINY10,Monsoon special,percentage,10,19.0,2025-08-20,2025-09-11
CPN0003098,RID0020481,RAINY10,Monsoon special,percentage,10,4.13,2026-02-26,2026-03-18
CPN0003099,RID0020482,WEEKEND15,Weekend ride offer,percentage,15,14.09,2024-11-17,2024-12-12
CPN0003100,RID0020499,RAINY10,Monsoon special,percentage,10,5.06,2024-07-31,2024-08-27
CPN0003101,RID0020538,FEST100,Festive season offer,flat,100,45.9,2025-09-23,2025-10-15
CPN0003102,RID0020540,LOYAL30,Loyalty reward,flat,30,26.43,2024-09-25,2024-10-16
CPN0003103,RID0020544,LOYAL30,Loyalty reward,flat,30,30.0,2025-12-24,2026-01-21
CPN0003104,RID0020578,FIRST20,First ride discount,percentage,20,5.44,2023-12-31,2024-01-24
CPN0003105,RID0020590,FEST100,Festive season offer,flat,100,100.0,2026-02-03,2026-02-24
CPN0003106,RID0020595,FIRST20,First ride discount,percentage,20,8.78,2026-06-05,2026-07-11
CPN0003107,RID0020614,FEST100,Festive season offer,flat,100,25.67,2024-08-06,2024-09-04
CPN0003108,RID0020621,FEST100,Festive season offer,flat,100,30.55,2024-10-16,2024-11-17
CPN0003109,RID0020624,FEST100,Festive season offer,flat,100,76.08,2024-05-05,2024-05-29
CPN0003110,RID0020626,WELCOME50,New user welcome offer,flat,50,32.77,2025-09-28,2025-10-21
CPN0003111,RID0020627,FEST100,Festive season offer,flat,100,32.25,2024-07-19,2024-08-12
CPN0003112,RID0020628,LOYAL30,Loyalty reward,flat,30,30.0,2026-01-24,2026-02-21
CPN0003113,RID0020636,RAINY10,Monsoon special,percentage,10,8.59,2024-07-08,2024-08-04
CPN0003114,RID0020639,RAINY10,Monsoon special,percentage,10,12.51,2024-10-03,2024-10-14
CPN0003115,RID0020646,WELCOME50,New user welcome offer,flat,50,50.0,2024-04-22,2024-05-16
CPN0003116,RID0020648,RAINY10,Monsoon special,percentage,10,8.3,2024-03-03,2024-03-29
CPN0003117,RID0020671,FEST100,Festive season offer,flat,100,38.44,2026-01-06,2026-02-07
CPN0003118,RID0020673,LOYAL30,Loyalty reward,flat,30,13.08,2026-07-04,2026-07-24
CPN0003119,RID0020678,WEEKEND15,Weekend ride offer,percentage,15,21.24,2024-05-07,2024-06-04
CPN0003120,RID0020681,FEST100,Festive season offer,flat,100,68.31,2026-04-19,2026-05-22
CPN0003121,RID0020701,WELCOME50,New user welcome offer,flat,50,15.34,2026-04-13,2026-04-26
CPN0003122,RID0020726,FEST100,Festive season offer,flat,100,17.29,2026-04-11,2026-04-30
CPN0003123,RID0020741,WELCOME50,New user welcome offer,flat,50,50.0,2025-10-25,2025-11-13
CPN0003124,RID0020745,RAINY10,Monsoon special,percentage,10,7.29,2026-04-09,2026-04-29
CPN0003125,RID0020752,LOYAL30,Loyalty reward,flat,30,30.0,2025-04-14,2025-05-04
CPN0003126,RID0020758,WELCOME50,New user welcome offer,flat,50,26.82,2026-04-28,2026-05-26
CPN0003127,RID0020774,FEST100,Festive season offer,flat,100,19.8,2025-02-24,2025-03-23
CPN0003128,RID0020791,LOYAL30,Loyalty reward,flat,30,30.0,2024-08-30,2024-10-05
CPN0003129,RID0020800,FEST100,Festive season offer,flat,100,41.33,2025-06-20,2025-07-07
CPN0003130,RID0020804,WEEKEND15,Weekend ride offer,percentage,15,6.79,2024-11-22,2024-12-22
CPN0003131,RID0020822,WEEKEND15,Weekend ride offer,percentage,15,15.21,2025-11-29,2025-12-27
CPN0003132,RID0020826,FEST100,Festive season offer,flat,100,44.34,2026-03-05,2026-03-26
CPN0003133,RID0020845,FIRST20,First ride discount,percentage,20,12.1,2024-02-20,2024-03-20
CPN0003134,RID0020854,WEEKEND15,Weekend ride offer,percentage,15,7.14,2025-08-01,2025-08-25
CPN0003135,RID0020866,WELCOME50,New user welcome offer,flat,50,50.0,2026-05-10,2026-05-25
CPN0003136,RID0020869,WEEKEND15,Weekend ride offer,percentage,15,18.65,2025-03-21,2025-04-04
CPN0003137,RID0020879,FEST100,Festive season offer,flat,100,30.72,2024-10-19,2024-11-12
CPN0003138,RID0020883,WEEKEND15,Weekend ride offer,percentage,15,5.54,2024-02-17,2024-03-05
CPN0003139,RID0020890,WEEKEND15,Weekend ride offer,percentage,15,8.18,2024-03-10,2024-04-02
CPN0003140,RID0020893,WEEKEND15,Weekend ride offer,percentage,15,16.22,2025-08-15,2025-09-14
CPN0003141,RID0020895,RAINY10,Monsoon special,percentage,10,6.29,2026-05-15,2026-06-13
CPN0003142,RID0020897,WEEKEND15,Weekend ride offer,percentage,15,8.88,2024-03-29,2024-04-16
CPN0003143,RID0020900,FEST100,Festive season offer,flat,100,100.0,2025-08-23,2025-09-26
CPN0003144,RID0020905,FIRST20,First ride discount,percentage,20,38.77,2025-02-01,2025-02-14
CPN0003145,RID0020932,WEEKEND15,Weekend ride offer,percentage,15,17.22,2024-10-16,2024-11-12
CPN0003146,RID0020934,RAINY10,Monsoon special,percentage,10,16.27,2024-05-28,2024-06-18
CPN0003147,RID0020936,RAINY10,Monsoon special,percentage,10,3.81,2024-02-04,2024-02-27
CPN0003148,RID0020941,LOYAL30,Loyalty reward,flat,30,18.41,2024-12-04,2024-12-20
CPN0003149,RID0020945,FIRST20,First ride discount,percentage,20,10.05,2023-12-15,2024-01-17
CPN0003150,RID0020947,LOYAL30,Loyalty reward,flat,30,30.0,2025-06-26,2025-08-04
CPN0003151,RID0020960,LOYAL30,Loyalty reward,flat,30,30.0,2024-09-21,2024-10-18
CPN0003152,RID0020961,WEEKEND15,Weekend ride offer,percentage,15,9.29,2025-04-05,2025-05-04
CPN0003153,RID0020966,RAINY10,Monsoon special,percentage,10,7.19,2025-05-18,2025-06-26
CPN0003154,RID0020969,WELCOME50,New user welcome offer,flat,50,50.0,2023-12-29,2024-01-15
CPN0003155,RID0020972,FEST100,Festive season offer,flat,100,39.84,2026-04-12,2026-05-21
CPN0003156,RID0020990,FIRST20,First ride discount,percentage,20,11.56,2026-03-13,2026-04-05
CPN0003157,RID0021005,WELCOME50,New user welcome offer,flat,50,40.98,2024-09-03,2024-09-29
CPN0003158,RID0021013,LOYAL30,Loyalty reward,flat,30,20.4,2025-02-21,2025-03-13
CPN0003159,RID0021019,FEST100,Festive season offer,flat,100,36.51,2025-02-03,2025-03-01
CPN0003160,RID0021024,LOYAL30,Loyalty reward,flat,30,30.0,2024-03-09,2024-04-15
CPN0003161,RID0021028,LOYAL30,Loyalty reward,flat,30,30.0,2025-08-11,2025-09-02
CPN0003162,RID0021031,LOYAL30,Loyalty reward,flat,30,30.0,2024-05-14,2024-06-07
CPN0003163,RID0021034,FEST100,Festive season offer,flat,100,41.69,2026-01-03,2026-01-25
CPN0003164,RID0021038,FEST100,Festive season offer,flat,100,96.48,2024-03-07,2024-03-28
CPN0003165,RID0021042,FIRST20,First ride discount,percentage,20,24.07,2024-01-24,2024-02-24
CPN0003166,RID0021044,FIRST20,First ride discount,percentage,20,12.8,2025-12-18,2026-01-13
CPN0003167,RID0021048,WELCOME50,New user welcome offer,flat,50,50.0,2024-02-02,2024-02-25
CPN0003168,RID0021050,FIRST20,First ride discount,percentage,20,32.38,2024-01-02,2024-02-01
CPN0003169,RID0021057,WELCOME50,New user welcome offer,flat,50,19.56,2025-09-19,2025-10-18
CPN0003170,RID0021059,LOYAL30,Loyalty reward,flat,30,19.73,2025-04-07,2025-05-04
CPN0003171,RID0021064,WEEKEND15,Weekend ride offer,percentage,15,11.52,2024-05-11,2024-06-08
CPN0003172,RID0021065,WEEKEND15,Weekend ride offer,percentage,15,10.49,2025-08-28,2025-09-21
CPN0003173,RID0021066,WEEKEND15,Weekend ride offer,percentage,15,11.43,2025-09-16,2025-10-20
CPN0003174,RID0021067,FEST100,Festive season offer,flat,100,18.91,2025-07-20,2025-08-04
CPN0003175,RID0021068,FEST100,Festive season offer,flat,100,35.54,2026-03-08,2026-04-01
CPN0003176,RID0021070,FIRST20,First ride discount,percentage,20,52.56,2024-01-19,2024-02-05
CPN0003177,RID0021075,FIRST20,First ride discount,percentage,20,21.77,2025-10-01,2025-10-28
CPN0003178,RID0021087,LOYAL30,Loyalty reward,flat,30,29.49,2024-08-12,2024-09-12
CPN0003179,RID0021093,WELCOME50,New user welcome offer,flat,50,50.0,2025-05-09,2025-05-27
CPN0003180,RID0021101,LOYAL30,Loyalty reward,flat,30,30.0,2025-01-25,2025-02-09
CPN0003181,RID0021106,LOYAL30,Loyalty reward,flat,30,26.88,2024-11-22,2024-12-16
CPN0003182,RID0021110,FEST100,Festive season offer,flat,100,30.31,2024-06-04,2024-07-03
CPN0003183,RID0021118,FEST100,Festive season offer,flat,100,13.6,2025-04-11,2025-05-01
CPN0003184,RID0021120,FIRST20,First ride discount,percentage,20,16.94,2025-08-31,2025-09-19
CPN0003185,RID0021127,FEST100,Festive season offer,flat,100,74.63,2025-10-21,2025-11-12
CPN0003186,RID0021128,WEEKEND15,Weekend ride offer,percentage,15,22.52,2024-03-22,2024-04-25
CPN0003187,RID0021129,WEEKEND15,Weekend ride offer,percentage,15,3.87,2025-03-10,2025-03-28
CPN0003188,RID0021131,WELCOME50,New user welcome offer,flat,50,50.0,2024-04-13,2024-05-10
CPN0003189,RID0021137,WEEKEND15,Weekend ride offer,percentage,15,9.44,2024-09-27,2024-10-22
CPN0003190,RID0021143,LOYAL30,Loyalty reward,flat,30,30.0,2024-10-12,2024-11-17
CPN0003191,RID0021145,LOYAL30,Loyalty reward,flat,30,30.0,2025-07-22,2025-08-23
CPN0003192,RID0021147,FEST100,Festive season offer,flat,100,15.45,2025-03-23,2025-04-13
CPN0003193,RID0021164,FIRST20,First ride discount,percentage,20,16.97,2025-11-18,2025-12-08
CPN0003194,RID0021172,FIRST20,First ride discount,percentage,20,21.43,2026-06-20,2026-07-21
CPN0003195,RID0021184,FIRST20,First ride discount,percentage,20,11.75,2026-03-25,2026-04-30
CPN0003196,RID0021195,RAINY10,Monsoon special,percentage,10,6.25,2025-03-27,2025-04-18
CPN0003197,RID0021198,LOYAL30,Loyalty reward,flat,30,30.0,2024-02-09,2024-03-12
CPN0003198,RID0021199,RAINY10,Monsoon special,percentage,10,6.6,2024-12-29,2025-01-20
CPN0003199,RID0021200,LOYAL30,Loyalty reward,flat,30,15.23,2024-01-20,2024-02-09
CPN0003200,RID0021204,RAINY10,Monsoon special,percentage,10,9.04,2025-07-22,2025-08-20
CPN0003201,RID0021212,FEST100,Festive season offer,flat,100,13.6,2024-06-17,2024-07-18
CPN0003202,RID0021217,LOYAL30,Loyalty reward,flat,30,30.0,2025-10-17,2025-11-22
CPN0003203,RID0021220,FIRST20,First ride discount,percentage,20,22.73,2024-01-24,2024-02-22
CPN0003204,RID0021222,WEEKEND15,Weekend ride offer,percentage,15,19.06,2025-05-23,2025-06-29
CPN0003205,RID0021232,WELCOME50,New user welcome offer,flat,50,26.82,2025-06-11,2025-07-21
CPN0003206,RID0021237,WELCOME50,New user welcome offer,flat,50,50.0,2025-05-19,2025-06-13
CPN0003207,RID0021238,LOYAL30,Loyalty reward,flat,30,23.04,2024-11-10,2024-12-09
CPN0003208,RID0021242,LOYAL30,Loyalty reward,flat,30,30.0,2024-05-28,2024-06-11
CPN0003209,RID0021243,LOYAL30,Loyalty reward,flat,30,30.0,2025-02-02,2025-02-25
CPN0003210,RID0021249,WEEKEND15,Weekend ride offer,percentage,15,16.8,2024-02-03,2024-03-02
CPN0003211,RID0021255,RAINY10,Monsoon special,percentage,10,7.4,2024-09-12,2024-10-06
CPN0003212,RID0021260,FIRST20,First ride discount,percentage,20,12.51,2023-12-21,2024-01-08
CPN0003213,RID0021264,WELCOME50,New user welcome offer,flat,50,50.0,2026-05-23,2026-06-22
CPN0003214,RID0021280,LOYAL30,Loyalty reward,flat,30,30.0,2025-06-14,2025-07-07
CPN0003215,RID0021281,WELCOME50,New user welcome offer,flat,50,50.0,2026-04-30,2026-05-23
CPN0003216,RID0021290,LOYAL30,Loyalty reward,flat,30,30.0,2025-06-07,2025-07-09
CPN0003217,RID0021292,WEEKEND15,Weekend ride offer,percentage,15,14.19,2026-05-31,2026-06-25
CPN0003218,RID0021313,WELCOME50,New user welcome offer,flat,50,9.9,2024-10-05,2024-10-23
CPN0003219,RID0021317,WEEKEND15,Weekend ride offer,percentage,15,11.11,2024-07-20,2024-08-08
CPN0003220,RID0021319,RAINY10,Monsoon special,percentage,10,10.37,2024-03-12,2024-04-04
CPN0003221,RID0021324,WEEKEND15,Weekend ride offer,percentage,15,25.89,2025-03-31,2025-04-28
CPN0003222,RID0021325,WELCOME50,New user welcome offer,flat,50,19.5,2025-02-26,2025-03-21
CPN0003223,RID0021331,FIRST20,First ride discount,percentage,20,22.0,2025-03-04,2025-04-13
CPN0003224,RID0021333,RAINY10,Monsoon special,percentage,10,22.66,2024-03-03,2024-04-01
CPN0003225,RID0021343,FIRST20,First ride discount,percentage,20,35.99,2024-12-05,2025-01-01
CPN0003226,RID0021344,FIRST20,First ride discount,percentage,20,9.66,2025-02-09,2025-03-04
CPN0003227,RID0021367,FIRST20,First ride discount,percentage,20,14.4,2026-05-13,2026-06-01
CPN0003228,RID0021371,FIRST20,First ride discount,percentage,20,13.08,2024-03-30,2024-04-17
CPN0003229,RID0021372,WEEKEND15,Weekend ride offer,percentage,15,43.04,2024-02-03,2024-03-02
CPN0003230,RID0021379,WEEKEND15,Weekend ride offer,percentage,15,41.56,2025-01-14,2025-02-01
CPN0003231,RID0021380,LOYAL30,Loyalty reward,flat,30,30.0,2024-06-05,2024-07-01
CPN0003232,RID0021387,FIRST20,First ride discount,percentage,20,8.28,2026-06-11,2026-07-16
CPN0003233,RID0021392,WEEKEND15,Weekend ride offer,percentage,15,15.7,2025-05-30,2025-06-22
CPN0003234,RID0021397,WEEKEND15,Weekend ride offer,percentage,15,23.74,2025-01-22,2025-02-13
CPN0003235,RID0021406,LOYAL30,Loyalty reward,flat,30,30.0,2026-05-29,2026-06-17
CPN0003236,RID0021419,FIRST20,First ride discount,percentage,20,20.26,2024-12-15,2025-01-15
CPN0003237,RID0021422,WELCOME50,New user welcome offer,flat,50,43.86,2025-08-09,2025-08-28
CPN0003238,RID0021436,WEEKEND15,Weekend ride offer,percentage,15,19.73,2024-04-23,2024-05-24
CPN0003239,RID0021437,WELCOME50,New user welcome offer,flat,50,50.0,2025-10-15,2025-11-20
CPN0003240,RID0021451,FEST100,Festive season offer,flat,100,39.24,2026-04-22,2026-05-14
CPN0003241,RID0021467,FEST100,Festive season offer,flat,100,18.03,2024-11-15,2024-12-04
CPN0003242,RID0021469,RAINY10,Monsoon special,percentage,10,9.62,2023-12-28,2024-01-26
CPN0003243,RID0021471,FIRST20,First ride discount,percentage,20,22.15,2024-06-22,2024-07-17
CPN0003244,RID0021489,FIRST20,First ride discount,percentage,20,9.99,2024-06-10,2024-07-13
CPN0003245,RID0021502,WEEKEND15,Weekend ride offer,percentage,15,6.68,2026-02-15,2026-03-14
CPN0003246,RID0021509,LOYAL30,Loyalty reward,flat,30,30.0,2024-12-16,2025-01-10
CPN0003247,RID0021516,WEEKEND15,Weekend ride offer,percentage,15,27.49,2026-03-27,2026-04-16
CPN0003248,RID0021527,RAINY10,Monsoon special,percentage,10,5.35,2024-10-28,2024-11-19
CPN0003249,RID0021538,FIRST20,First ride discount,percentage,20,7.8,2024-04-14,2024-05-01
CPN0003250,RID0021539,FEST100,Festive season offer,flat,100,44.7,2024-04-23,2024-05-14
CPN0003251,RID0021543,LOYAL30,Loyalty reward,flat,30,30.0,2025-07-01,2025-07-23
CPN0003252,RID0021548,LOYAL30,Loyalty reward,flat,30,30.0,2025-11-29,2025-12-24
CPN0003253,RID0021549,LOYAL30,Loyalty reward,flat,30,30.0,2026-05-17,2026-06-13
CPN0003254,RID0021552,FEST100,Festive season offer,flat,100,48.18,2026-03-19,2026-04-20
CPN0003255,RID0021556,WELCOME50,New user welcome offer,flat,50,50.0,2026-05-26,2026-06-22
CPN0003256,RID0021565,FEST100,Festive season offer,flat,100,40.19,2024-04-07,2024-04-22
CPN0003257,RID0021575,LOYAL30,Loyalty reward,flat,30,15.77,2026-05-06,2026-06-09
CPN0003258,RID0021577,FEST100,Festive season offer,flat,100,19.77,2024-02-25,2024-03-24
CPN0003259,RID0021588,WELCOME50,New user welcome offer,flat,50,50.0,2024-03-24,2024-04-20
CPN0003260,RID0021596,WELCOME50,New user welcome offer,flat,50,50.0,2026-04-29,2026-05-14
CPN0003261,RID0021604,FIRST20,First ride discount,percentage,20,14.23,2025-06-01,2025-06-23
CPN0003262,RID0021609,WEEKEND15,Weekend ride offer,percentage,15,16.96,2026-04-11,2026-05-16
CPN0003263,RID0021611,FEST100,Festive season offer,flat,100,26.61,2025-02-20,2025-03-30
CPN0003264,RID0021621,RAINY10,Monsoon special,percentage,10,11.33,2026-05-21,2026-06-18
CPN0003265,RID0021624,LOYAL30,Loyalty reward,flat,30,30.0,2024-05-16,2024-05-31
CPN0003266,RID0021625,FEST100,Festive season offer,flat,100,100.0,2025-01-11,2025-01-27
CPN0003267,RID0021627,WELCOME50,New user welcome offer,flat,50,9.9,2024-08-21,2024-09-17
CPN0003268,RID0021631,LOYAL30,Loyalty reward,flat,30,13.82,2025-12-19,2026-01-09
CPN0003269,RID0021635,WELCOME50,New user welcome offer,flat,50,27.46,2026-06-07,2026-07-05
CPN0003270,RID0021646,FIRST20,First ride discount,percentage,20,24.8,2024-01-09,2024-02-04
CPN0003271,RID0021652,WELCOME50,New user welcome offer,flat,50,34.08,2025-02-25,2025-03-30
CPN0003272,RID0021666,WEEKEND15,Weekend ride offer,percentage,15,5.02,2026-04-04,2026-04-16
CPN0003273,RID0021681,WELCOME50,New user welcome offer,flat,50,39.6,2024-06-15,2024-07-15
CPN0003274,RID0021685,LOYAL30,Loyalty reward,flat,30,30.0,2026-01-08,2026-02-10
CPN0003275,RID0021686,RAINY10,Monsoon special,percentage,10,7.0,2026-05-20,2026-06-19
CPN0003276,RID0021690,WELCOME50,New user welcome offer,flat,50,11.16,2025-12-11,2026-01-15
CPN0003277,RID0021692,LOYAL30,Loyalty reward,flat,30,20.82,2026-05-02,2026-05-24
CPN0003278,RID0021704,WEEKEND15,Weekend ride offer,percentage,15,9.02,2025-08-01,2025-08-18
CPN0003279,RID0021705,WEEKEND15,Weekend ride offer,percentage,15,18.72,2026-04-30,2026-05-20
CPN0003280,RID0021708,FEST100,Festive season offer,flat,100,92.7,2024-05-23,2024-06-10
CPN0003281,RID0021710,FIRST20,First ride discount,percentage,20,36.74,2025-10-29,2025-11-22
CPN0003282,RID0021713,WEEKEND15,Weekend ride offer,percentage,15,30.22,2025-03-28,2025-05-07
CPN0003283,RID0021720,LOYAL30,Loyalty reward,flat,30,30.0,2026-06-25,2026-07-21
CPN0003284,RID0021731,WELCOME50,New user welcome offer,flat,50,19.38,2026-06-17,2026-07-01
CPN0003285,RID0021734,LOYAL30,Loyalty reward,flat,30,30.0,2024-06-24,2024-07-21
CPN0003286,RID0021741,FIRST20,First ride discount,percentage,20,14.83,2025-09-10,2025-10-12
CPN0003287,RID0021745,FIRST20,First ride discount,percentage,20,5.44,2023-12-28,2024-02-02
CPN0003288,RID0021746,WELCOME50,New user welcome offer,flat,50,21.66,2025-09-14,2025-10-10
CPN0003289,RID0021761,FEST100,Festive season offer,flat,100,20.32,2025-07-03,2025-08-04
CPN0003290,RID0021764,FIRST20,First ride discount,percentage,20,5.17,2024-04-20,2024-05-21
CPN0003291,RID0021775,LOYAL30,Loyalty reward,flat,30,30.0,2025-03-20,2025-04-03
CPN0003292,RID0021778,RAINY10,Monsoon special,percentage,10,8.64,2025-11-11,2025-12-06
CPN0003293,RID0021783,WELCOME50,New user welcome offer,flat,50,50.0,2026-07-06,2026-08-05
CPN0003294,RID0021788,LOYAL30,Loyalty reward,flat,30,30.0,2024-11-28,2024-12-29
CPN0003295,RID0021798,WEEKEND15,Weekend ride offer,percentage,15,12.18,2023-12-29,2024-01-21
CPN0003296,RID0021799,WEEKEND15,Weekend ride offer,percentage,15,6.28,2024-07-28,2024-08-23
CPN0003297,RID0021815,WEEKEND15,Weekend ride offer,percentage,15,7.02,2024-11-24,2024-12-17
CPN0003298,RID0021817,FEST100,Festive season offer,flat,100,42.94,2024-08-11,2024-09-08
CPN0003299,RID0021827,RAINY10,Monsoon special,percentage,10,11.06,2024-07-18,2024-08-25
CPN0003300,RID0021829,LOYAL30,Loyalty reward,flat,30,30.0,2024-06-30,2024-07-25
CPN0003301,RID0021836,LOYAL30,Loyalty reward,flat,30,18.14,2024-04-22,2024-05-16
CPN0003302,RID0021850,FIRST20,First ride discount,percentage,20,5.79,2025-12-24,2026-02-02
CPN0003303,RID0021856,FIRST20,First ride discount,percentage,20,23.16,2024-04-11,2024-05-03
CPN0003304,RID0021862,WELCOME50,New user welcome offer,flat,50,50.0,2026-06-11,2026-06-29
CPN0003305,RID0021865,RAINY10,Monsoon special,percentage,10,2.48,2024-11-03,2024-11-27
CPN0003306,RID0021868,WEEKEND15,Weekend ride offer,percentage,15,15.98,2024-08-06,2024-09-02
CPN0003307,RID0021874,FEST100,Festive season offer,flat,100,40.08,2025-01-13,2025-02-18
CPN0003308,RID0021878,RAINY10,Monsoon special,percentage,10,21.87,2025-06-09,2025-06-26
CPN0003309,RID0021882,FIRST20,First ride discount,percentage,20,19.15,2025-01-26,2025-02-13
CPN0003310,RID0021887,WEEKEND15,Weekend ride offer,percentage,15,18.34,2024-09-22,2024-10-10
CPN0003311,RID0021929,FEST100,Festive season offer,flat,100,36.18,2025-10-03,2025-10-19
CPN0003312,RID0021933,FIRST20,First ride discount,percentage,20,8.95,2026-03-15,2026-04-09
CPN0003313,RID0021938,RAINY10,Monsoon special,percentage,10,3.34,2024-03-07,2024-03-25
CPN0003314,RID0021941,FEST100,Festive season offer,flat,100,26.74,2025-05-30,2025-07-02
CPN0003315,RID0021963,FEST100,Festive season offer,flat,100,16.05,2024-08-28,2024-09-25
CPN0003316,RID0021975,WELCOME50,New user welcome offer,flat,50,34.2,2026-01-03,2026-01-31
CPN0003317,RID0021981,WEEKEND15,Weekend ride offer,percentage,15,7.71,2024-04-20,2024-05-14
CPN0003318,RID0021990,FEST100,Festive season offer,flat,100,100.0,2026-03-20,2026-04-15
CPN0003319,RID0022000,LOYAL30,Loyalty reward,flat,30,30.0,2024-01-03,2024-01-26
CPN0003320,RID0022012,FEST100,Festive season offer,flat,100,23.95,2024-12-29,2025-02-05
CPN0003321,RID0022014,FIRST20,First ride discount,percentage,20,12.92,2024-03-24,2024-04-28
CPN0003322,RID0022018,FIRST20,First ride discount,percentage,20,28.75,2024-08-12,2024-09-02
CPN0003323,RID0022020,RAINY10,Monsoon special,percentage,10,5.36,2025-08-05,2025-09-01
CPN0003324,RID0022021,WELCOME50,New user welcome offer,flat,50,31.8,2026-05-17,2026-06-12
CPN0003325,RID0022025,LOYAL30,Loyalty reward,flat,30,25.77,2026-03-16,2026-04-23
CPN0003326,RID0022030,FEST100,Festive season offer,flat,100,43.35,2025-03-23,2025-04-15
CPN0003327,RID0022045,WEEKEND15,Weekend ride offer,percentage,15,17.16,2024-04-10,2024-05-06
CPN0003328,RID0022056,FEST100,Festive season offer,flat,100,37.8,2024-11-29,2024-12-24
CPN0003329,RID0022075,FIRST20,First ride discount,percentage,20,8.16,2024-01-10,2024-02-04
CPN0003330,RID0022095,FEST100,Festive season offer,flat,100,80.85,2024-11-07,2024-12-06
CPN0003331,RID0022097,FEST100,Festive season offer,flat,100,16.32,2024-11-02,2024-12-07
CPN0003332,RID0022099,RAINY10,Monsoon special,percentage,10,2.72,2025-09-24,2025-10-19
CPN0003333,RID0022107,WEEKEND15,Weekend ride offer,percentage,15,18.57,2024-10-23,2024-11-06
CPN0003334,RID0022110,FEST100,Festive season offer,flat,100,39.31,2024-06-24,2024-07-18
CPN0003335,RID0022119,WEEKEND15,Weekend ride offer,percentage,15,19.11,2024-11-16,2024-12-21
CPN0003336,RID0022120,FIRST20,First ride discount,percentage,20,7.42,2024-02-11,2024-03-18
CPN0003337,RID0022130,WELCOME50,New user welcome offer,flat,50,26.52,2025-04-03,2025-04-17
CPN0003338,RID0022132,LOYAL30,Loyalty reward,flat,30,30.0,2024-05-03,2024-05-27
CPN0003339,RID0022136,FEST100,Festive season offer,flat,100,20.82,2024-11-22,2024-12-22
CPN0003340,RID0022142,WEEKEND15,Weekend ride offer,percentage,15,8.52,2024-12-05,2025-01-11
CPN0003341,RID0022147,WELCOME50,New user welcome offer,flat,50,25.88,2026-05-29,2026-06-20
CPN0003342,RID0022150,WELCOME50,New user welcome offer,flat,50,50.0,2025-10-02,2025-10-20
CPN0003343,RID0022153,WEEKEND15,Weekend ride offer,percentage,15,7.24,2025-05-31,2025-06-12
CPN0003344,RID0022154,FIRST20,First ride discount,percentage,20,9.66,2024-03-14,2024-04-10
CPN0003345,RID0022158,RAINY10,Monsoon special,percentage,10,13.97,2026-06-15,2026-06-29
CPN0003346,RID0022170,WEEKEND15,Weekend ride offer,percentage,15,29.52,2024-12-22,2025-01-14
CPN0003347,RID0022174,RAINY10,Monsoon special,percentage,10,9.56,2025-07-12,2025-08-18
CPN0003348,RID0022179,RAINY10,Monsoon special,percentage,10,8.74,2026-04-22,2026-05-17
CPN0003349,RID0022183,FEST100,Festive season offer,flat,100,75.39,2024-04-12,2024-05-06
CPN0003350,RID0022190,RAINY10,Monsoon special,percentage,10,5.62,2024-03-17,2024-04-10
CPN0003351,RID0022199,RAINY10,Monsoon special,percentage,10,3.97,2024-03-05,2024-03-25
CPN0003352,RID0022203,FEST100,Festive season offer,flat,100,99.27,2025-11-27,2025-12-31
CPN0003353,RID0022204,FEST100,Festive season offer,flat,100,25.44,2024-10-21,2024-11-12
CPN0003354,RID0022210,FEST100,Festive season offer,flat,100,13.14,2026-02-15,2026-03-14
CPN0003355,RID0022231,LOYAL30,Loyalty reward,flat,30,30.0,2025-09-25,2025-10-18
CPN0003356,RID0022233,RAINY10,Monsoon special,percentage,10,7.78,2024-05-11,2024-05-31
CPN0003357,RID0022250,RAINY10,Monsoon special,percentage,10,19.64,2026-06-22,2026-07-18
CPN0003358,RID0022251,LOYAL30,Loyalty reward,flat,30,30.0,2025-05-28,2025-06-18
CPN0003359,RID0022256,WEEKEND15,Weekend ride offer,percentage,15,11.07,2025-08-27,2025-09-20
CPN0003360,RID0022257,LOYAL30,Loyalty reward,flat,30,19.98,2026-03-25,2026-04-26
CPN0003361,RID0022267,LOYAL30,Loyalty reward,flat,30,30.0,2024-09-30,2024-10-30
CPN0003362,RID0022276,LOYAL30,Loyalty reward,flat,30,25.65,2024-12-12,2025-01-08
CPN0003363,RID0022280,WEEKEND15,Weekend ride offer,percentage,15,21.39,2025-03-29,2025-05-06
CPN0003364,RID0022288,RAINY10,Monsoon special,percentage,10,15.72,2024-01-17,2024-02-14
CPN0003365,RID0022295,RAINY10,Monsoon special,percentage,10,9.01,2026-06-25,2026-07-16
CPN0003366,RID0022297,WELCOME50,New user welcome offer,flat,50,50.0,2024-10-11,2024-11-02
CPN0003367,RID0022305,LOYAL30,Loyalty reward,flat,30,30.0,2025-03-11,2025-04-06
CPN0003368,RID0022314,WELCOME50,New user welcome offer,flat,50,22.41,2025-06-19,2025-07-25
CPN0003369,RID0022320,FIRST20,First ride discount,percentage,20,15.91,2024-05-12,2024-06-14
CPN0003370,RID0022322,RAINY10,Monsoon special,percentage,10,8.04,2025-07-28,2025-09-02
CPN0003371,RID0022323,FEST100,Festive season offer,flat,100,43.23,2024-09-03,2024-09-25
CPN0003372,RID0022333,RAINY10,Monsoon special,percentage,10,6.66,2025-03-25,2025-04-18
CPN0003373,RID0022355,WELCOME50,New user welcome offer,flat,50,50.0,2024-06-28,2024-07-20
CPN0003374,RID0022357,WELCOME50,New user welcome offer,flat,50,50.0,2024-09-29,2024-10-16
CPN0003375,RID0022358,RAINY10,Monsoon special,percentage,10,5.53,2025-03-11,2025-03-31
CPN0003376,RID0022365,FEST100,Festive season offer,flat,100,32.58,2026-04-22,2026-05-03
CPN0003377,RID0022370,FEST100,Festive season offer,flat,100,26.47,2025-07-23,2025-08-16
CPN0003378,RID0022391,LOYAL30,Loyalty reward,flat,30,30.0,2024-04-06,2024-04-21
CPN0003379,RID0022400,WEEKEND15,Weekend ride offer,percentage,15,13.46,2025-04-21,2025-05-13
CPN0003380,RID0022412,FEST100,Festive season offer,flat,100,48.77,2025-05-05,2025-05-19
CPN0003381,RID0022422,WEEKEND15,Weekend ride offer,percentage,15,5.81,2025-07-12,2025-08-13
CPN0003382,RID0022423,WELCOME50,New user welcome offer,flat,50,18.21,2025-11-26,2025-12-16
CPN0003383,RID0022432,LOYAL30,Loyalty reward,flat,30,30.0,2025-03-18,2025-04-23
CPN0003384,RID0022446,WELCOME50,New user welcome offer,flat,50,34.85,2025-12-11,2025-12-28
CPN0003385,RID0022459,FEST100,Festive season offer,flat,100,28.57,2025-06-07,2025-07-05
CPN0003386,RID0022473,WEEKEND15,Weekend ride offer,percentage,15,3.71,2026-06-01,2026-07-06
CPN0003387,RID0022482,WEEKEND15,Weekend ride offer,percentage,15,11.81,2024-02-24,2024-03-20
CPN0003388,RID0022486,WELCOME50,New user welcome offer,flat,50,24.48,2025-10-26,2025-11-08
CPN0003389,RID0022493,WELCOME50,New user welcome offer,flat,50,50.0,2025-03-19,2025-04-26
CPN0003390,RID0022495,WELCOME50,New user welcome offer,flat,50,50.0,2024-11-22,2024-12-18
CPN0003391,RID0022498,LOYAL30,Loyalty reward,flat,30,30.0,2024-03-20,2024-04-17
CPN0003392,RID0022514,FIRST20,First ride discount,percentage,20,20.65,2025-12-28,2026-01-20
CPN0003393,RID0022524,RAINY10,Monsoon special,percentage,10,9.11,2024-09-08,2024-09-30
CPN0003394,RID0022527,WELCOME50,New user welcome offer,flat,50,16.32,2024-09-10,2024-09-30
CPN0003395,RID0022538,WELCOME50,New user welcome offer,flat,50,31.5,2025-07-12,2025-08-16
CPN0003396,RID0022544,RAINY10,Monsoon special,percentage,10,15.15,2025-04-29,2025-05-27
CPN0003397,RID0022545,WEEKEND15,Weekend ride offer,percentage,15,10.02,2025-03-17,2025-04-08
CPN0003398,RID0022546,LOYAL30,Loyalty reward,flat,30,30.0,2025-02-18,2025-03-10
CPN0003399,RID0022549,WELCOME50,New user welcome offer,flat,50,50.0,2025-01-30,2025-02-25
CPN0003400,RID0022550,WELCOME50,New user welcome offer,flat,50,12.45,2025-09-28,2025-10-16
CPN0003401,RID0022560,FIRST20,First ride discount,percentage,20,14.54,2024-07-03,2024-07-26
CPN0003402,RID0022561,LOYAL30,Loyalty reward,flat,30,15.03,2024-08-19,2024-09-04
CPN0003403,RID0022563,RAINY10,Monsoon special,percentage,10,2.15,2025-12-31,2026-01-26
CPN0003404,RID0022568,FIRST20,First ride discount,percentage,20,31.56,2024-12-12,2025-01-04
CPN0003405,RID0022569,RAINY10,Monsoon special,percentage,10,14.98,2024-11-20,2024-12-09
CPN0003406,RID0022573,FIRST20,First ride discount,percentage,20,15.16,2025-10-26,2025-11-20
CPN0003407,RID0022577,FEST100,Festive season offer,flat,100,35.22,2024-05-23,2024-06-10
CPN0003408,RID0022592,RAINY10,Monsoon special,percentage,10,12.04,2024-12-27,2025-01-26
CPN0003409,RID0022597,FEST100,Festive season offer,flat,100,20.46,2024-04-21,2024-05-09
CPN0003410,RID0022602,WELCOME50,New user welcome offer,flat,50,40.86,2026-01-17,2026-02-07
CPN0003411,RID0022620,WEEKEND15,Weekend ride offer,percentage,15,15.55,2024-08-08,2024-08-31
CPN0003412,RID0022634,FEST100,Festive season offer,flat,100,51.9,2025-04-03,2025-05-05
CPN0003413,RID0022643,WEEKEND15,Weekend ride offer,percentage,15,8.95,2024-04-16,2024-05-11
CPN0003414,RID0022647,LOYAL30,Loyalty reward,flat,30,30.0,2025-08-03,2025-09-01
CPN0003415,RID0022668,RAINY10,Monsoon special,percentage,10,11.9,2026-01-06,2026-01-18
CPN0003416,RID0022674,WELCOME50,New user welcome offer,flat,50,25.26,2024-09-04,2024-10-10
CPN0003417,RID0022697,LOYAL30,Loyalty reward,flat,30,30.0,2025-02-02,2025-03-03
CPN0003418,RID0022703,LOYAL30,Loyalty reward,flat,30,30.0,2026-03-13,2026-04-07
CPN0003419,RID0022705,WELCOME50,New user welcome offer,flat,50,24.0,2026-06-10,2026-07-05
CPN0003420,RID0022713,WEEKEND15,Weekend ride offer,percentage,15,14.96,2026-04-30,2026-05-31
CPN0003421,RID0022716,FIRST20,First ride discount,percentage,20,37.19,2025-12-25,2026-01-08
CPN0003422,RID0022731,LOYAL30,Loyalty reward,flat,30,27.5,2025-05-13,2025-06-05
CPN0003423,RID0022733,WELCOME50,New user welcome offer,flat,50,50.0,2025-06-30,2025-07-25
CPN0003424,RID0022738,WEEKEND15,Weekend ride offer,percentage,15,21.15,2024-01-26,2024-02-26
CPN0003425,RID0022747,FEST100,Festive season offer,flat,100,29.53,2024-03-21,2024-04-16
CPN0003426,RID0022748,RAINY10,Monsoon special,percentage,10,8.51,2025-04-19,2025-05-14
CPN0003427,RID0022754,WEEKEND15,Weekend ride offer,percentage,15,9.94,2024-02-06,2024-03-08
CPN0003428,RID0022756,FIRST20,First ride discount,percentage,20,13.65,2024-11-01,2024-12-03
CPN0003429,RID0022758,LOYAL30,Loyalty reward,flat,30,30.0,2026-04-03,2026-04-27
CPN0003430,RID0022768,FEST100,Festive season offer,flat,100,26.7,2024-09-10,2024-10-03
CPN0003431,RID0022772,RAINY10,Monsoon special,percentage,10,4.08,2025-01-11,2025-02-09
CPN0003432,RID0022773,RAINY10,Monsoon special,percentage,10,7.56,2025-09-23,2025-10-17
CPN0003433,RID0022794,WEEKEND15,Weekend ride offer,percentage,15,15.29,2024-11-14,2024-12-10
CPN0003434,RID0022817,LOYAL30,Loyalty reward,flat,30,30.0,2025-05-30,2025-06-18
CPN0003435,RID0022822,WEEKEND15,Weekend ride offer,percentage,15,18.71,2024-04-22,2024-05-22
CPN0003436,RID0022823,WELCOME50,New user welcome offer,flat,50,50.0,2025-01-05,2025-02-05
CPN0003437,RID0022827,LOYAL30,Loyalty reward,flat,30,30.0,2026-01-19,2026-02-06
CPN0003438,RID0022829,WEEKEND15,Weekend ride offer,percentage,15,14.73,2025-10-20,2025-11-11
CPN0003439,RID0022830,LOYAL30,Loyalty reward,flat,30,30.0,2026-07-06,2026-07-30
CPN0003440,RID0022831,FIRST20,First ride discount,percentage,20,14.43,2025-09-14,2025-10-06
CPN0003441,RID0022847,FIRST20,First ride discount,percentage,20,16.33,2024-09-21,2024-10-19
CPN0003442,RID0022858,LOYAL30,Loyalty reward,flat,30,30.0,2026-03-18,2026-04-12
CPN0003443,RID0022860,WELCOME50,New user welcome offer,flat,50,50.0,2025-10-07,2025-10-24
CPN0003444,RID0022869,WELCOME50,New user welcome offer,flat,50,22.9,2025-10-01,2025-10-18
CPN0003445,RID0022875,WEEKEND15,Weekend ride offer,percentage,15,26.81,2026-02-01,2026-02-27
CPN0003446,RID0022877,WELCOME50,New user welcome offer,flat,50,50.0,2024-04-19,2024-05-29
CPN0003447,RID0022881,LOYAL30,Loyalty reward,flat,30,30.0,2025-03-26,2025-04-24
CPN0003448,RID0022887,RAINY10,Monsoon special,percentage,10,22.4,2024-03-18,2024-04-18
CPN0003449,RID0022902,WEEKEND15,Weekend ride offer,percentage,15,9.13,2024-09-17,2024-10-05
CPN0003450,RID0022907,LOYAL30,Loyalty reward,flat,30,30.0,2024-06-10,2024-07-15
CPN0003451,RID0022944,FIRST20,First ride discount,percentage,20,39.2,2024-10-18,2024-11-11
CPN0003452,RID0022953,FEST100,Festive season offer,flat,100,42.87,2026-05-29,2026-06-28
CPN0003453,RID0022974,WELCOME50,New user welcome offer,flat,50,50.0,2024-04-19,2024-05-23
CPN0003454,RID0022977,WEEKEND15,Weekend ride offer,percentage,15,18.92,2024-02-23,2024-03-09
CPN0003455,RID0022986,LOYAL30,Loyalty reward,flat,30,30.0,2025-08-15,2025-09-12
CPN0003456,RID0022989,LOYAL30,Loyalty reward,flat,30,30.0,2024-02-19,2024-03-07
CPN0003457,RID0022991,WELCOME50,New user welcome offer,flat,50,50.0,2025-10-15,2025-11-17
CPN0003458,RID0022993,FEST100,Festive season offer,flat,100,100.0,2025-06-04,2025-07-03
CPN0003459,RID0022995,RAINY10,Monsoon special,percentage,10,4.08,2025-01-11,2025-02-16
CPN0003460,RID0022996,WEEKEND15,Weekend ride offer,percentage,15,7.05,2025-07-10,2025-08-04
CPN0003461,RID0022999,WELCOME50,New user welcome offer,flat,50,41.76,2026-03-12,2026-04-14
CPN0003462,RID0023004,LOYAL30,Loyalty reward,flat,30,30.0,2024-05-20,2024-06-13
CPN0003463,RID0023010,RAINY10,Monsoon special,percentage,10,4.75,2024-12-18,2025-01-02
CPN0003464,RID0023026,FIRST20,First ride discount,percentage,20,13.75,2024-12-15,2025-01-11
CPN0003465,RID0023027,WELCOME50,New user welcome offer,flat,50,50.0,2025-02-20,2025-03-19
CPN0003466,RID0023041,RAINY10,Monsoon special,percentage,10,5.35,2025-01-05,2025-01-23
CPN0003467,RID0023048,RAINY10,Monsoon special,percentage,10,11.44,2025-07-03,2025-07-18
CPN0003468,RID0023055,LOYAL30,Loyalty reward,flat,30,30.0,2024-02-26,2024-03-23
CPN0003469,RID0023058,WEEKEND15,Weekend ride offer,percentage,15,9.43,2026-04-16,2026-05-09
CPN0003470,RID0023066,WELCOME50,New user welcome offer,flat,50,45.58,2025-01-10,2025-02-14
CPN0003471,RID0023085,RAINY10,Monsoon special,percentage,10,11.4,2024-02-26,2024-03-29
CPN0003472,RID0023087,LOYAL30,Loyalty reward,flat,30,30.0,2024-03-20,2024-04-13
CPN0003473,RID0023091,FEST100,Festive season offer,flat,100,23.1,2025-02-23,2025-03-24
CPN0003474,RID0023098,FEST100,Festive season offer,flat,100,33.66,2025-02-17,2025-03-15
CPN0003475,RID0023103,LOYAL30,Loyalty reward,flat,30,30.0,2025-09-04,2025-09-21
CPN0003476,RID0023111,FEST100,Festive season offer,flat,100,66.74,2025-05-21,2025-06-11
CPN0003477,RID0023112,FEST100,Festive season offer,flat,100,43.56,2024-05-31,2024-06-24
CPN0003478,RID0023141,WEEKEND15,Weekend ride offer,percentage,15,12.47,2024-03-13,2024-04-16
CPN0003479,RID0023143,FEST100,Festive season offer,flat,100,30.02,2025-07-01,2025-07-20
CPN0003480,RID0023152,LOYAL30,Loyalty reward,flat,30,30.0,2026-05-22,2026-06-06
CPN0003481,RID0023173,LOYAL30,Loyalty reward,flat,30,30.0,2024-03-13,2024-04-09
CPN0003482,RID0023184,LOYAL30,Loyalty reward,flat,30,30.0,2024-03-14,2024-04-18
CPN0003483,RID0023190,FIRST20,First ride discount,percentage,20,7.28,2024-12-03,2024-12-27
CPN0003484,RID0023193,LOYAL30,Loyalty reward,flat,30,22.2,2026-06-14,2026-07-16
CPN0003485,RID0023213,FEST100,Festive season offer,flat,100,25.12,2025-12-23,2026-01-30
CPN0003486,RID0023217,RAINY10,Monsoon special,percentage,10,4.71,2025-03-17,2025-04-01
CPN0003487,RID0023228,WELCOME50,New user welcome offer,flat,50,30.0,2026-01-07,2026-01-27
CPN0003488,RID0023229,WEEKEND15,Weekend ride offer,percentage,15,25.62,2025-01-11,2025-01-30
CPN0003489,RID0023235,WEEKEND15,Weekend ride offer,percentage,15,16.85,2024-02-15,2024-03-10
CPN0003490,RID0023248,FIRST20,First ride discount,percentage,20,14.66,2025-02-10,2025-03-01
CPN0003491,RID0023260,WEEKEND15,Weekend ride offer,percentage,15,26.48,2025-05-20,2025-06-21
CPN0003492,RID0023266,WELCOME50,New user welcome offer,flat,50,23.25,2025-03-14,2025-03-31
CPN0003493,RID0023267,FEST100,Festive season offer,flat,100,24.9,2026-01-06,2026-02-13
CPN0003494,RID0023268,RAINY10,Monsoon special,percentage,10,12.06,2024-04-04,2024-05-08
CPN0003495,RID0023281,WELCOME50,New user welcome offer,flat,50,38.52,2024-11-04,2024-12-05
CPN0003496,RID0023294,FIRST20,First ride discount,percentage,20,24.86,2026-01-01,2026-02-02
CPN0003497,RID0023296,WEEKEND15,Weekend ride offer,percentage,15,44.02,2026-07-07,2026-07-26
CPN0003498,RID0023301,FEST100,Festive season offer,flat,100,35.71,2024-09-19,2024-10-07
CPN0003499,RID0023324,FEST100,Festive season offer,flat,100,43.35,2024-04-02,2024-04-19
CPN0003500,RID0023341,RAINY10,Monsoon special,percentage,10,11.36,2025-05-11,2025-06-17
CPN0003501,RID0023342,LOYAL30,Loyalty reward,flat,30,30.0,2025-10-29,2025-11-17
CPN0003502,RID0023344,FEST100,Festive season offer,flat,100,37.77,2025-08-08,2025-09-15
CPN0003503,RID0023347,WELCOME50,New user welcome offer,flat,50,41.59,2024-03-27,2024-04-21
CPN0003504,RID0023348,LOYAL30,Loyalty reward,flat,30,30.0,2026-04-01,2026-04-18
CPN0003505,RID0023365,LOYAL30,Loyalty reward,flat,30,15.88,2025-04-19,2025-05-10
CPN0003506,RID0023370,WELCOME50,New user welcome offer,flat,50,27.3,2023-12-15,2024-01-08
CPN0003507,RID0023378,WEEKEND15,Weekend ride offer,percentage,15,8.17,2025-04-11,2025-05-05
CPN0003508,RID0023380,WEEKEND15,Weekend ride offer,percentage,15,21.87,2026-04-23,2026-05-28
CPN0003509,RID0023390,FEST100,Festive season offer,flat,100,21.2,2025-07-28,2025-08-30
CPN0003510,RID0023400,FIRST20,First ride discount,percentage,20,31.04,2026-05-25,2026-06-30
CPN0003511,RID0023405,WEEKEND15,Weekend ride offer,percentage,15,11.72,2025-05-02,2025-05-23
CPN0003512,RID0023417,FEST100,Festive season offer,flat,100,79.68,2026-05-31,2026-07-01
CPN0003513,RID0023422,FEST100,Festive season offer,flat,100,18.01,2026-02-08,2026-03-20
CPN0003514,RID0023428,FIRST20,First ride discount,percentage,20,57.72,2024-06-27,2024-07-10
CPN0003515,RID0023429,WELCOME50,New user welcome offer,flat,50,38.95,2025-09-06,2025-09-26
CPN0003516,RID0023431,RAINY10,Monsoon special,percentage,10,3.1,2024-04-28,2024-05-22
CPN0003517,RID0023432,WELCOME50,New user welcome offer,flat,50,50.0,2024-11-24,2024-12-21
CPN0003518,RID0023436,LOYAL30,Loyalty reward,flat,30,29.82,2025-12-06,2026-01-04
CPN0003519,RID0023437,FEST100,Festive season offer,flat,100,40.61,2024-05-01,2024-05-25
CPN0003520,RID0023440,FEST100,Festive season offer,flat,100,59.3,2025-12-13,2025-12-30
CPN0003521,RID0023450,FEST100,Festive season offer,flat,100,68.04,2025-11-15,2025-12-10
CPN0003522,RID0023452,FEST100,Festive season offer,flat,100,28.09,2025-09-01,2025-09-26
CPN0003523,RID0023457,WELCOME50,New user welcome offer,flat,50,34.63,2025-10-19,2025-11-06
CPN0003524,RID0023458,RAINY10,Monsoon special,percentage,10,4.4,2025-11-11,2025-12-09
CPN0003525,RID0023459,FEST100,Festive season offer,flat,100,59.01,2024-08-18,2024-09-17
CPN0003526,RID0023463,WEEKEND15,Weekend ride offer,percentage,15,6.94,2025-04-19,2025-05-22
CPN0003527,RID0023465,LOYAL30,Loyalty reward,flat,30,30.0,2024-02-08,2024-03-07
CPN0003528,RID0023467,WELCOME50,New user welcome offer,flat,50,50.0,2024-04-25,2024-05-18
CPN0003529,RID0023469,LOYAL30,Loyalty reward,flat,30,29.37,2026-02-05,2026-03-02
CPN0003530,RID0023473,WELCOME50,New user welcome offer,flat,50,25.16,2026-01-08,2026-02-08
CPN0003531,RID0023490,FIRST20,First ride discount,percentage,20,10.67,2024-03-03,2024-04-08
CPN0003532,RID0023500,RAINY10,Monsoon special,percentage,10,13.0,2025-11-22,2025-12-16
CPN0003533,RID0023502,WEEKEND15,Weekend ride offer,percentage,15,26.81,2026-07-02,2026-07-31
CPN0003534,RID0023506,FIRST20,First ride discount,percentage,20,35.68,2026-05-10,2026-06-11
CPN0003535,RID0023516,FEST100,Festive season offer,flat,100,26.19,2026-04-16,2026-05-13
CPN0003536,RID0023522,LOYAL30,Loyalty reward,flat,30,30.0,2025-08-12,2025-09-12
CPN0003537,RID0023524,LOYAL30,Loyalty reward,flat,30,30.0,2024-12-09,2025-01-03
CPN0003538,RID0023535,LOYAL30,Loyalty reward,flat,30,29.64,2024-11-12,2024-12-11
CPN0003539,RID0023542,WEEKEND15,Weekend ride offer,percentage,15,5.5,2024-03-26,2024-05-02
CPN0003540,RID0023543,WELCOME50,New user welcome offer,flat,50,31.95,2026-04-12,2026-05-06
CPN0003541,RID0023547,RAINY10,Monsoon special,percentage,10,13.99,2024-12-08,2025-01-07
CPN0003542,RID0023554,WEEKEND15,Weekend ride offer,percentage,15,38.29,2026-03-10,2026-04-03
CPN0003543,RID0023555,WEEKEND15,Weekend ride offer,percentage,15,12.4,2025-03-04,2025-04-11
CPN0003544,RID0023556,FIRST20,First ride discount,percentage,20,19.56,2024-02-02,2024-03-03
CPN0003545,RID0023560,WEEKEND15,Weekend ride offer,percentage,15,25.72,2025-07-01,2025-07-16
CPN0003546,RID0023571,WELCOME50,New user welcome offer,flat,50,26.61,2025-11-14,2025-12-22
CPN0003547,RID0023575,FIRST20,First ride discount,percentage,20,5.4,2024-08-03,2024-08-30
CPN0003548,RID0023577,FIRST20,First ride discount,percentage,20,28.33,2024-04-22,2024-05-13
CPN0003549,RID0023581,FEST100,Festive season offer,flat,100,47.2,2025-11-17,2025-12-15
CPN0003550,RID0023587,LOYAL30,Loyalty reward,flat,30,30.0,2025-11-27,2025-12-24
CPN0003551,RID0023605,WELCOME50,New user welcome offer,flat,50,30.12,2025-04-01,2025-05-03
CPN0003552,RID0023639,LOYAL30,Loyalty reward,flat,30,30.0,2024-12-15,2025-01-03
CPN0003553,RID0023641,RAINY10,Monsoon special,percentage,10,7.94,2024-05-04,2024-05-25
CPN0003554,RID0023647,FIRST20,First ride discount,percentage,20,20.74,2024-12-01,2024-12-23
CPN0003555,RID0023650,LOYAL30,Loyalty reward,flat,30,30.0,2026-06-02,2026-06-29
CPN0003556,RID0023652,RAINY10,Monsoon special,percentage,10,4.3,2024-01-23,2024-02-13
CPN0003557,RID0023653,FEST100,Festive season offer,flat,100,11.34,2024-07-28,2024-08-28
CPN0003558,RID0023663,WELCOME50,New user welcome offer,flat,50,50.0,2024-11-30,2024-12-12
CPN0003559,RID0023673,RAINY10,Monsoon special,percentage,10,5.49,2025-08-01,2025-09-06
CPN0003560,RID0023676,RAINY10,Monsoon special,percentage,10,8.92,2024-11-16,2024-12-15
CPN0003561,RID0023679,FEST100,Festive season offer,flat,100,100.0,2024-10-17,2024-11-10
CPN0003562,RID0023680,WELCOME50,New user welcome offer,flat,50,38.63,2025-07-16,2025-08-12
CPN0003563,RID0023682,RAINY10,Monsoon special,percentage,10,25.75,2024-03-22,2024-04-25
CPN0003564,RID0023683,FIRST20,First ride discount,percentage,20,28.32,2024-10-18,2024-11-02
CPN0003565,RID0023688,WELCOME50,New user welcome offer,flat,50,41.98,2024-06-19,2024-07-01
CPN0003566,RID0023717,RAINY10,Monsoon special,percentage,10,4.95,2024-11-29,2024-12-30
CPN0003567,RID0023719,FEST100,Festive season offer,flat,100,20.4,2025-07-12,2025-07-31
CPN0003568,RID0023722,FIRST20,First ride discount,percentage,20,19.85,2023-12-21,2024-01-25
CPN0003569,RID0023724,WELCOME50,New user welcome offer,flat,50,50.0,2025-02-28,2025-03-27
CPN0003570,RID0023733,RAINY10,Monsoon special,percentage,10,3.26,2026-04-04,2026-05-04
CPN0003571,RID0023755,WEEKEND15,Weekend ride offer,percentage,15,10.66,2024-08-23,2024-09-14
CPN0003572,RID0023764,FIRST20,First ride discount,percentage,20,14.03,2026-05-30,2026-06-19
CPN0003573,RID0023768,FEST100,Festive season offer,flat,100,63.58,2025-02-09,2025-03-07
CPN0003574,RID0023773,RAINY10,Monsoon special,percentage,10,24.22,2025-06-14,2025-07-16
CPN0003575,RID0023795,FEST100,Festive season offer,flat,100,80.46,2026-05-11,2026-06-18
CPN0003576,RID0023805,FIRST20,First ride discount,percentage,20,36.79,2024-03-27,2024-04-26
CPN0003577,RID0023813,FIRST20,First ride discount,percentage,20,39.83,2024-02-13,2024-02-25
CPN0003578,RID0023830,RAINY10,Monsoon special,percentage,10,6.22,2023-12-31,2024-01-20
CPN0003579,RID0023843,WEEKEND15,Weekend ride offer,percentage,15,7.71,2025-11-06,2025-11-22
CPN0003580,RID0023845,FIRST20,First ride discount,percentage,20,6.67,2024-01-07,2024-01-22
CPN0003581,RID0023853,FEST100,Festive season offer,flat,100,83.99,2026-03-05,2026-04-03
CPN0003582,RID0023857,WEEKEND15,Weekend ride offer,percentage,15,13.66,2024-03-03,2024-03-26
CPN0003583,RID0023858,LOYAL30,Loyalty reward,flat,30,30.0,2025-12-05,2026-01-03
CPN0003584,RID0023879,RAINY10,Monsoon special,percentage,10,15.43,2026-03-15,2026-04-02
CPN0003585,RID0023884,FIRST20,First ride discount,percentage,20,23.98,2025-04-01,2025-04-28
CPN0003586,RID0023887,LOYAL30,Loyalty reward,flat,30,30.0,2024-11-13,2024-12-14
CPN0003587,RID0023901,RAINY10,Monsoon special,percentage,10,13.56,2025-04-14,2025-05-14
CPN0003588,RID0023902,RAINY10,Monsoon special,percentage,10,10.02,2024-11-09,2024-12-15
CPN0003589,RID0023910,FIRST20,First ride discount,percentage,20,36.06,2024-11-17,2024-12-10
CPN0003590,RID0023916,FEST100,Festive season offer,flat,100,57.06,2025-04-27,2025-05-14
CPN0003591,RID0023918,LOYAL30,Loyalty reward,flat,30,30.0,2024-12-03,2024-12-31
CPN0003592,RID0023921,FIRST20,First ride discount,percentage,20,6.5,2024-12-01,2025-01-07
CPN0003593,RID0023926,WELCOME50,New user welcome offer,flat,50,29.45,2026-07-02,2026-07-23
CPN0003594,RID0023927,FEST100,Festive season offer,flat,100,17.59,2024-08-03,2024-08-27
CPN0003595,RID0023935,FEST100,Festive season offer,flat,100,86.42,2025-03-14,2025-04-11
CPN0003596,RID0023958,RAINY10,Monsoon special,percentage,10,9.59,2025-06-29,2025-07-19
CPN0003597,RID0023961,WEEKEND15,Weekend ride offer,percentage,15,6.32,2024-08-29,2024-09-28
CPN0003598,RID0023983,LOYAL30,Loyalty reward,flat,30,30.0,2024-05-20,2024-06-07
CPN0003599,RID0023988,FEST100,Festive season offer,flat,100,33.49,2025-03-19,2025-04-14
CPN0003600,RID0024003,FEST100,Festive season offer,flat,100,25.03,2026-04-13,2026-05-17
CPN0003601,RID0024020,FEST100,Festive season offer,flat,100,22.44,2025-08-19,2025-09-08
CPN0003602,RID0024043,LOYAL30,Loyalty reward,flat,30,30.0,2026-06-05,2026-06-26
CPN0003603,RID0024048,LOYAL30,Loyalty reward,flat,30,30.0,2025-04-18,2025-05-14
CPN0003604,RID0024057,RAINY10,Monsoon special,percentage,10,19.83,2024-01-08,2024-01-26
CPN0003605,RID0024059,LOYAL30,Loyalty reward,flat,30,30.0,2024-07-09,2024-08-11
CPN0003606,RID0024066,WELCOME50,New user welcome offer,flat,50,27.48,2025-08-13,2025-09-13
CPN0003607,RID0024075,FEST100,Festive season offer,flat,100,22.82,2024-02-13,2024-02-25
CPN0003608,RID0024077,FEST100,Festive season offer,flat,100,63.62,2026-03-07,2026-03-30
CPN0003609,RID0024078,FIRST20,First ride discount,percentage,20,15.43,2026-06-19,2026-07-18
CPN0003610,RID0024086,WELCOME50,New user welcome offer,flat,50,50.0,2025-03-24,2025-04-13
CPN0003611,RID0024092,LOYAL30,Loyalty reward,flat,30,30.0,2024-12-06,2024-12-24
CPN0003612,RID0024101,FEST100,Festive season offer,flat,100,100.0,2024-05-23,2024-06-20
CPN0003613,RID0024106,WELCOME50,New user welcome offer,flat,50,50.0,2024-06-15,2024-07-11
CPN0003614,RID0024108,WELCOME50,New user welcome offer,flat,50,45.54,2025-10-15,2025-11-17
CPN0003615,RID0024117,LOYAL30,Loyalty reward,flat,30,30.0,2025-01-07,2025-01-28
CPN0003616,RID0024131,WELCOME50,New user welcome offer,flat,50,50.0,2026-04-22,2026-05-16
CPN0003617,RID0024134,FEST100,Festive season offer,flat,100,74.16,2025-01-25,2025-02-21
CPN0003618,RID0024142,LOYAL30,Loyalty reward,flat,30,30.0,2023-12-26,2024-01-29
CPN0003619,RID0024145,WELCOME50,New user welcome offer,flat,50,19.62,2026-01-07,2026-02-02
CPN0003620,RID0024147,WELCOME50,New user welcome offer,flat,50,50.0,2026-01-17,2026-02-11
CPN0003621,RID0024148,LOYAL30,Loyalty reward,flat,30,14.01,2025-10-06,2025-10-20
CPN0003622,RID0024152,FIRST20,First ride discount,percentage,20,10.94,2024-06-24,2024-07-18
CPN0003623,RID0024164,RAINY10,Monsoon special,percentage,10,18.26,2024-11-27,2024-12-21
CPN0003624,RID0024171,FIRST20,First ride discount,percentage,20,8.49,2024-11-20,2024-12-27
CPN0003625,RID0024179,RAINY10,Monsoon special,percentage,10,11.32,2024-03-19,2024-04-22
CPN0003626,RID0024181,WEEKEND15,Weekend ride offer,percentage,15,3.32,2024-07-15,2024-08-03
CPN0003627,RID0024182,RAINY10,Monsoon special,percentage,10,6.11,2026-04-17,2026-05-09
CPN0003628,RID0024188,LOYAL30,Loyalty reward,flat,30,26.28,2024-03-30,2024-04-24
CPN0003629,RID0024189,FIRST20,First ride discount,percentage,20,7.29,2024-06-29,2024-08-01
CPN0003630,RID0024190,WELCOME50,New user welcome offer,flat,50,12.63,2025-03-04,2025-03-24
CPN0003631,RID0024193,FIRST20,First ride discount,percentage,20,10.13,2025-01-04,2025-02-01
CPN0003632,RID0024214,RAINY10,Monsoon special,percentage,10,13.83,2025-09-24,2025-10-12
CPN0003633,RID0024215,WELCOME50,New user welcome offer,flat,50,20.94,2024-04-04,2024-05-03
CPN0003634,RID0024219,FEST100,Festive season offer,flat,100,47.84,2025-02-07,2025-03-02
CPN0003635,RID0024222,FIRST20,First ride discount,percentage,20,25.98,2025-03-14,2025-04-01
CPN0003636,RID0024233,WEEKEND15,Weekend ride offer,percentage,15,30.94,2025-03-28,2025-04-28
CPN0003637,RID0024235,RAINY10,Monsoon special,percentage,10,10.58,2025-08-07,2025-09-10
CPN0003638,RID0024250,LOYAL30,Loyalty reward,flat,30,30.0,2024-08-26,2024-09-18
CPN0003639,RID0024260,WELCOME50,New user welcome offer,flat,50,50.0,2026-03-23,2026-04-23
CPN0003640,RID0024262,WEEKEND15,Weekend ride offer,percentage,15,13.42,2026-06-24,2026-07-26
CPN0003641,RID0024285,WEEKEND15,Weekend ride offer,percentage,15,10.67,2025-07-02,2025-07-17
CPN0003642,RID0024290,RAINY10,Monsoon special,percentage,10,8.49,2024-12-29,2025-01-19
CPN0003643,RID0024291,LOYAL30,Loyalty reward,flat,30,30.0,2026-01-04,2026-01-27
CPN0003644,RID0024292,WEEKEND15,Weekend ride offer,percentage,15,14.8,2026-01-12,2026-02-10
CPN0003645,RID0024296,FEST100,Festive season offer,flat,100,58.58,2024-11-21,2024-12-13
CPN0003646,RID0024304,WEEKEND15,Weekend ride offer,percentage,15,21.46,2026-01-27,2026-02-22
CPN0003647,RID0024316,WELCOME50,New user welcome offer,flat,50,19.8,2024-07-05,2024-08-09
CPN0003648,RID0024324,RAINY10,Monsoon special,percentage,10,6.22,2025-11-07,2025-12-09
CPN0003649,RID0024338,FIRST20,First ride discount,percentage,20,7.92,2026-05-26,2026-07-05
CPN0003650,RID0024341,FIRST20,First ride discount,percentage,20,59.8,2025-07-04,2025-07-26
CPN0003651,RID0024349,WELCOME50,New user welcome offer,flat,50,50.0,2024-06-18,2024-07-21
CPN0003652,RID0024350,LOYAL30,Loyalty reward,flat,30,30.0,2024-11-02,2024-11-21
CPN0003653,RID0024355,RAINY10,Monsoon special,percentage,10,14.28,2025-12-29,2026-01-21
CPN0003654,RID0024358,FIRST20,First ride discount,percentage,20,45.71,2025-12-18,2026-01-11
CPN0003655,RID0024359,WEEKEND15,Weekend ride offer,percentage,15,25.81,2026-05-18,2026-06-07
CPN0003656,RID0024363,LOYAL30,Loyalty reward,flat,30,30.0,2024-10-08,2024-11-02
CPN0003657,RID0024365,FEST100,Festive season offer,flat,100,77.97,2024-05-17,2024-06-13
CPN0003658,RID0024380,WELCOME50,New user welcome offer,flat,50,50.0,2025-01-14,2025-02-07
CPN0003659,RID0024383,RAINY10,Monsoon special,percentage,10,12.11,2024-11-13,2024-12-15
CPN0003660,RID0024392,LOYAL30,Loyalty reward,flat,30,18.14,2025-09-15,2025-10-09
CPN0003661,RID0024397,FIRST20,First ride discount,percentage,20,39.95,2025-01-25,2025-02-21
CPN0003662,RID0024403,RAINY10,Monsoon special,percentage,10,3.0,2024-11-20,2024-12-23
CPN0003663,RID0024405,LOYAL30,Loyalty reward,flat,30,28.26,2024-10-19,2024-11-15
CPN0003664,RID0024417,FIRST20,First ride discount,percentage,20,18.9,2024-01-29,2024-03-01
CPN0003665,RID0024421,RAINY10,Monsoon special,percentage,10,6.5,2024-06-19,2024-07-16
CPN0003666,RID0024452,WELCOME50,New user welcome offer,flat,50,21.49,2026-02-18,2026-03-27
CPN0003667,RID0024458,WEEKEND15,Weekend ride offer,percentage,15,31.98,2025-02-17,2025-03-13
CPN0003668,RID0024461,WEEKEND15,Weekend ride offer,percentage,15,5.94,2024-09-01,2024-09-27
CPN0003669,RID0024467,WELCOME50,New user welcome offer,flat,50,50.0,2024-04-08,2024-05-03
CPN0003670,RID0024476,FIRST20,First ride discount,percentage,20,11.0,2024-03-15,2024-04-05
CPN0003671,RID0024480,WELCOME50,New user welcome offer,flat,50,50.0,2024-01-26,2024-02-27
CPN0003672,RID0024487,FEST100,Festive season offer,flat,100,44.22,2025-07-31,2025-08-14
CPN0003673,RID0024488,RAINY10,Monsoon special,percentage,10,5.43,2024-05-13,2024-06-06
CPN0003674,RID0024492,FEST100,Festive season offer,flat,100,12.51,2024-04-04,2024-05-09
CPN0003675,RID0024498,WEEKEND15,Weekend ride offer,percentage,15,28.29,2024-06-10,2024-07-02
CPN0003676,RID0024502,WEEKEND15,Weekend ride offer,percentage,15,6.6,2024-05-22,2024-06-12
CPN0003677,RID0024514,WELCOME50,New user welcome offer,flat,50,50.0,2024-02-19,2024-03-20
CPN0003678,RID0024515,WEEKEND15,Weekend ride offer,percentage,15,7.0,2026-04-15,2026-05-11
CPN0003679,RID0024517,WELCOME50,New user welcome offer,flat,50,44.04,2026-01-30,2026-02-24
CPN0003680,RID0024522,FIRST20,First ride discount,percentage,20,23.08,2026-07-05,2026-08-06
CPN0003681,RID0024526,FIRST20,First ride discount,percentage,20,19.32,2025-03-02,2025-03-25
CPN0003682,RID0024531,RAINY10,Monsoon special,percentage,10,8.98,2024-10-24,2024-11-18
CPN0003683,RID0024537,FEST100,Festive season offer,flat,100,67.5,2025-04-25,2025-05-07
CPN0003684,RID0024541,LOYAL30,Loyalty reward,flat,30,13.6,2024-07-23,2024-08-14
CPN0003685,RID0024550,WELCOME50,New user welcome offer,flat,50,25.62,2026-02-14,2026-03-15
CPN0003686,RID0024554,LOYAL30,Loyalty reward,flat,30,26.46,2024-10-19,2024-11-05
CPN0003687,RID0024566,WELCOME50,New user welcome offer,flat,50,50.0,2025-03-26,2025-04-10
CPN0003688,RID0024568,LOYAL30,Loyalty reward,flat,30,30.0,2024-12-21,2025-01-09
CPN0003689,RID0024569,FIRST20,First ride discount,percentage,20,60.31,2025-02-14,2025-03-07
CPN0003690,RID0024587,RAINY10,Monsoon special,percentage,10,4.52,2024-03-05,2024-03-25
CPN0003691,RID0024590,RAINY10,Monsoon special,percentage,10,19.35,2024-07-08,2024-07-29
CPN0003692,RID0024593,LOYAL30,Loyalty reward,flat,30,15.3,2024-10-08,2024-11-05
CPN0003693,RID0024594,WEEKEND15,Weekend ride offer,percentage,15,7.28,2025-04-09,2025-04-23
CPN0003694,RID0024596,WEEKEND15,Weekend ride offer,percentage,15,64.72,2025-06-28,2025-07-21
CPN0003695,RID0024598,WELCOME50,New user welcome offer,flat,50,34.56,2024-06-12,2024-06-28
CPN0003696,RID0024612,RAINY10,Monsoon special,percentage,10,8.21,2026-02-22,2026-03-13
CPN0003697,RID0024619,FIRST20,First ride discount,percentage,20,34.5,2026-06-04,2026-06-21
CPN0003698,RID0024627,FIRST20,First ride discount,percentage,20,9.34,2026-06-24,2026-07-25
CPN0003699,RID0024629,WELCOME50,New user welcome offer,flat,50,14.79,2025-07-06,2025-07-23
CPN0003700,RID0024635,WEEKEND15,Weekend ride offer,percentage,15,14.24,2024-08-20,2024-09-18
CPN0003701,RID0024636,RAINY10,Monsoon special,percentage,10,5.14,2025-08-24,2025-09-19
CPN0003702,RID0024638,LOYAL30,Loyalty reward,flat,30,30.0,2025-04-04,2025-04-26
CPN0003703,RID0024641,RAINY10,Monsoon special,percentage,10,10.28,2024-06-15,2024-07-08
CPN0003704,RID0024659,LOYAL30,Loyalty reward,flat,30,30.0,2024-09-15,2024-10-04
CPN0003705,RID0024666,WELCOME50,New user welcome offer,flat,50,50.0,2025-07-08,2025-07-27
CPN0003706,RID0024667,WEEKEND15,Weekend ride offer,percentage,15,8.91,2024-11-24,2024-12-10
CPN0003707,RID0024674,WEEKEND15,Weekend ride offer,percentage,15,4.82,2024-10-14,2024-11-03
CPN0003708,RID0024678,LOYAL30,Loyalty reward,flat,30,30.0,2026-05-19,2026-06-06
CPN0003709,RID0024681,LOYAL30,Loyalty reward,flat,30,30.0,2024-05-16,2024-06-08
CPN0003710,RID0024682,RAINY10,Monsoon special,percentage,10,17.24,2025-10-29,2025-11-24
CPN0003711,RID0024693,RAINY10,Monsoon special,percentage,10,12.44,2026-07-01,2026-07-25
CPN0003712,RID0024706,WELCOME50,New user welcome offer,flat,50,37.01,2026-05-13,2026-06-15
CPN0003713,RID0024708,FEST100,Festive season offer,flat,100,33.66,2023-12-20,2024-01-11
CPN0003714,RID0024711,FIRST20,First ride discount,percentage,20,4.13,2024-04-04,2024-04-29
CPN0003715,RID0024714,LOYAL30,Loyalty reward,flat,30,30.0,2024-07-07,2024-08-08
CPN0003716,RID0024716,LOYAL30,Loyalty reward,flat,30,30.0,2025-01-19,2025-02-14
CPN0003717,RID0024721,FEST100,Festive season offer,flat,100,69.36,2024-02-09,2024-03-12
CPN0003718,RID0024745,LOYAL30,Loyalty reward,flat,30,30.0,2024-05-11,2024-06-16
CPN0003719,RID0024761,WEEKEND15,Weekend ride offer,percentage,15,26.76,2025-03-02,2025-03-25
CPN0003720,RID0024782,LOYAL30,Loyalty reward,flat,30,30.0,2024-12-27,2025-01-16
CPN0003721,RID0024791,LOYAL30,Loyalty reward,flat,30,30.0,2025-02-12,2025-03-13
CPN0003722,RID0024799,WEEKEND15,Weekend ride offer,percentage,15,10.24,2024-07-16,2024-08-14
CPN0003723,RID0024807,WELCOME50,New user welcome offer,flat,50,19.05,2024-07-04,2024-07-17
CPN0003724,RID0024809,FEST100,Festive season offer,flat,100,33.39,2025-02-10,2025-03-10
CPN0003725,RID0024815,LOYAL30,Loyalty reward,flat,30,30.0,2025-07-27,2025-08-08
CPN0003726,RID0024819,FEST100,Festive season offer,flat,100,17.16,2024-10-14,2024-10-25
CPN0003727,RID0024827,WELCOME50,New user welcome offer,flat,50,50.0,2024-04-25,2024-05-15
CPN0003728,RID0024832,WEEKEND15,Weekend ride offer,percentage,15,13.88,2026-04-26,2026-05-18
CPN0003729,RID0024838,FEST100,Festive season offer,flat,100,20.8,2025-08-25,2025-09-14
CPN0003730,RID0024851,LOYAL30,Loyalty reward,flat,30,30.0,2024-03-22,2024-04-10
CPN0003731,RID0024854,FIRST20,First ride discount,percentage,20,5.08,2024-10-07,2024-10-23
CPN0003732,RID0024860,WELCOME50,New user welcome offer,flat,50,37.91,2023-12-24,2024-01-26
CPN0003733,RID0024861,RAINY10,Monsoon special,percentage,10,7.3,2026-02-14,2026-03-11
CPN0003734,RID0024871,WELCOME50,New user welcome offer,flat,50,23.76,2024-09-10,2024-10-08
CPN0003735,RID0024875,FEST100,Festive season offer,flat,100,47.25,2025-06-08,2025-07-03
CPN0003736,RID0024889,RAINY10,Monsoon special,percentage,10,6.23,2025-02-10,2025-02-27
CPN0003737,RID0024890,FIRST20,First ride discount,percentage,20,4.91,2024-02-20,2024-03-18
CPN0003738,RID0024892,LOYAL30,Loyalty reward,flat,30,27.16,2024-01-11,2024-02-02
CPN0003739,RID0024893,WEEKEND15,Weekend ride offer,percentage,15,15.61,2024-11-14,2024-12-09
CPN0003740,RID0024894,WELCOME50,New user welcome offer,flat,50,50.0,2025-02-27,2025-03-25
CPN0003741,RID0024898,RAINY10,Monsoon special,percentage,10,10.47,2024-12-03,2024-12-31
CPN0003742,RID0024899,FIRST20,First ride discount,percentage,20,25.55,2026-04-19,2026-05-12
CPN0003743,RID0024909,WELCOME50,New user welcome offer,flat,50,35.85,2024-08-05,2024-09-10
CPN0003744,RID0024918,LOYAL30,Loyalty reward,flat,30,30.0,2024-02-05,2024-03-06
CPN0003745,RID0024920,RAINY10,Monsoon special,percentage,10,11.47,2025-11-18,2025-12-17
CPN0003746,RID0024931,LOYAL30,Loyalty reward,flat,30,30.0,2024-02-03,2024-02-15
CPN0003747,RID0024932,LOYAL30,Loyalty reward,flat,30,17.11,2025-04-25,2025-05-24
CPN0003748,RID0024939,FEST100,Festive season offer,flat,100,39.6,2025-02-19,2025-03-17
CPN0003749,RID0024951,FEST100,Festive season offer,flat,100,22.86,2024-06-27,2024-07-24
CPN0003750,RID0024955,WELCOME50,New user welcome offer,flat,50,32.88,2024-12-17,2025-01-20
CPN0003751,RID0024956,FIRST20,First ride discount,percentage,20,42.48,2026-01-29,2026-03-01
CPN0003752,RID0024959,RAINY10,Monsoon special,percentage,10,13.03,2025-04-19,2025-05-17
CPN0003753,RID0024964,RAINY10,Monsoon special,percentage,10,14.71,2025-04-11,2025-05-07
CPN0003754,RID0024973,WELCOME50,New user welcome offer,flat,50,50.0,2024-06-30,2024-07-20
CPN0003755,RID0024978,WELCOME50,New user welcome offer,flat,50,44.93,2025-09-06,2025-09-23
CPN0003756,RID0024979,WEEKEND15,Weekend ride offer,percentage,15,7.74,2026-04-09,2026-05-04
CPN0003757,RID0024987,WELCOME50,New user welcome offer,flat,50,41.65,2026-05-13,2026-06-16
CPN0003758,RID0025006,WELCOME50,New user welcome offer,flat,50,50.0,2026-01-05,2026-01-25
CPN0003759,RID0025008,WELCOME50,New user welcome offer,flat,50,48.9,2024-03-11,2024-04-19
CPN0003760,RID0025025,WELCOME50,New user welcome offer,flat,50,50.0,2025-03-16,2025-04-18
CPN0003761,RID0025028,WEEKEND15,Weekend ride offer,percentage,15,11.75,2024-04-24,2024-05-17
CPN0003762,RID0025029,FIRST20,First ride discount,percentage,20,6.42,2026-05-19,2026-06-18
CPN0003763,RID0025039,WELCOME50,New user welcome offer,flat,50,21.71,2025-12-31,2026-01-25
CPN0003764,RID0025045,RAINY10,Monsoon special,percentage,10,5.85,2026-06-18,2026-07-24
CPN0003765,RID0025067,WELCOME50,New user welcome offer,flat,50,29.22,2024-11-25,2024-12-23
CPN0003766,RID0025069,FIRST20,First ride discount,percentage,20,17.83,2024-02-02,2024-03-02
CPN0003767,RID0025072,WELCOME50,New user welcome offer,flat,50,50.0,2024-01-15,2024-01-29
CPN0003768,RID0025081,FIRST20,First ride discount,percentage,20,36.91,2025-06-03,2025-06-27
CPN0003769,RID0025083,WELCOME50,New user welcome offer,flat,50,11.82,2024-05-11,2024-06-01
CPN0003770,RID0025084,FEST100,Festive season offer,flat,100,50.3,2025-03-06,2025-04-13
CPN0003771,RID0025091,RAINY10,Monsoon special,percentage,10,2.38,2025-03-24,2025-04-12
CPN0003772,RID0025092,LOYAL30,Loyalty reward,flat,30,30.0,2024-07-27,2024-08-16
CPN0003773,RID0025096,FIRST20,First ride discount,percentage,20,15.46,2025-05-14,2025-06-16
CPN0003774,RID0025102,FEST100,Festive season offer,flat,100,16.32,2025-05-20,2025-06-17
CPN0003775,RID0025104,FEST100,Festive season offer,flat,100,100.0,2025-09-21,2025-10-24
CPN0003776,RID0025106,LOYAL30,Loyalty reward,flat,30,30.0,2024-10-22,2024-11-20
CPN0003777,RID0025111,FIRST20,First ride discount,percentage,20,7.63,2024-10-11,2024-11-08
CPN0003778,RID0025113,WEEKEND15,Weekend ride offer,percentage,15,7.99,2024-12-12,2025-01-08
CPN0003779,RID0025117,FIRST20,First ride discount,percentage,20,12.08,2025-08-29,2025-09-18
CPN0003780,RID0025126,WELCOME50,New user welcome offer,flat,50,19.95,2024-03-01,2024-03-24
CPN0003781,RID0025130,LOYAL30,Loyalty reward,flat,30,30.0,2024-10-29,2024-11-16
CPN0003782,RID0025133,LOYAL30,Loyalty reward,flat,30,19.54,2024-07-09,2024-07-31
CPN0003783,RID0025140,FIRST20,First ride discount,percentage,20,27.93,2025-05-24,2025-06-18
CPN0003784,RID0025146,FEST100,Festive season offer,flat,100,32.82,2024-08-26,2024-09-27
CPN0003785,RID0025160,LOYAL30,Loyalty reward,flat,30,27.32,2026-07-02,2026-07-18
CPN0003786,RID0025172,WEEKEND15,Weekend ride offer,percentage,15,23.24,2025-02-21,2025-03-10
CPN0003787,RID0025175,RAINY10,Monsoon special,percentage,10,7.27,2024-04-19,2024-05-09
CPN0003788,RID0025179,FIRST20,First ride discount,percentage,20,12.41,2026-04-11,2026-05-05
CPN0003789,RID0025180,WELCOME50,New user welcome offer,flat,50,40.92,2025-11-05,2025-12-06
CPN0003790,RID0025188,WEEKEND15,Weekend ride offer,percentage,15,28.38,2025-06-11,2025-07-05
CPN0003791,RID0025190,RAINY10,Monsoon special,percentage,10,5.38,2025-08-15,2025-09-07
CPN0003792,RID0025192,RAINY10,Monsoon special,percentage,10,6.37,2024-07-10,2024-08-10
CPN0003793,RID0025199,FEST100,Festive season offer,flat,100,33.72,2026-03-06,2026-03-29
CPN0003794,RID0025204,LOYAL30,Loyalty reward,flat,30,30.0,2024-04-19,2024-05-14
CPN0003795,RID0025214,FEST100,Festive season offer,flat,100,30.45,2025-09-24,2025-10-22
CPN0003796,RID0025227,WELCOME50,New user welcome offer,flat,50,50.0,2025-03-19,2025-04-13
CPN0003797,RID0025233,RAINY10,Monsoon special,percentage,10,6.71,2025-10-08,2025-11-01
CPN0003798,RID0025234,WELCOME50,New user welcome offer,flat,50,22.26,2026-05-17,2026-06-01
CPN0003799,RID0025245,WELCOME50,New user welcome offer,flat,50,39.47,2024-03-02,2024-03-23
CPN0003800,RID0025248,WEEKEND15,Weekend ride offer,percentage,15,6.87,2026-04-19,2026-05-23
CPN0003801,RID0025251,WELCOME50,New user welcome offer,flat,50,33.98,2025-02-22,2025-03-17
CPN0003802,RID0025254,WEEKEND15,Weekend ride offer,percentage,15,16.51,2025-12-25,2026-01-09
CPN0003803,RID0025261,RAINY10,Monsoon special,percentage,10,3.96,2024-02-01,2024-02-26
CPN0003804,RID0025267,RAINY10,Monsoon special,percentage,10,3.83,2026-02-06,2026-03-04
CPN0003805,RID0025282,FEST100,Festive season offer,flat,100,56.45,2024-03-29,2024-04-26
CPN0003806,RID0025283,FIRST20,First ride discount,percentage,20,28.84,2025-09-21,2025-10-10
CPN0003807,RID0025284,WEEKEND15,Weekend ride offer,percentage,15,43.36,2024-01-09,2024-02-18
CPN0003808,RID0025291,WEEKEND15,Weekend ride offer,percentage,15,43.4,2025-02-11,2025-03-07
CPN0003809,RID0025292,WEEKEND15,Weekend ride offer,percentage,15,21.58,2025-04-27,2025-05-25
CPN0003810,RID0025295,WELCOME50,New user welcome offer,flat,50,38.82,2025-03-06,2025-03-20
CPN0003811,RID0025297,WELCOME50,New user welcome offer,flat,50,20.13,2024-10-02,2024-10-27
CPN0003812,RID0025300,FIRST20,First ride discount,percentage,20,18.12,2024-06-07,2024-07-07
CPN0003813,RID0025310,WEEKEND15,Weekend ride offer,percentage,15,33.46,2024-04-10,2024-05-12
CPN0003814,RID0025312,FIRST20,First ride discount,percentage,20,4.79,2025-10-09,2025-11-10
CPN0003815,RID0025320,WELCOME50,New user welcome offer,flat,50,36.02,2026-06-15,2026-07-11
CPN0003816,RID0025321,WELCOME50,New user welcome offer,flat,50,26.28,2026-02-04,2026-03-04
CPN0003817,RID0025333,FIRST20,First ride discount,percentage,20,11.33,2024-09-30,2024-10-21
CPN0003818,RID0025338,FEST100,Festive season offer,flat,100,57.99,2025-05-27,2025-06-23
CPN0003819,RID0025342,WELCOME50,New user welcome offer,flat,50,43.63,2024-04-01,2024-04-23
CPN0003820,RID0025346,FEST100,Festive season offer,flat,100,19.92,2024-03-25,2024-04-27
CPN0003821,RID0025359,WEEKEND15,Weekend ride offer,percentage,15,9.61,2024-02-10,2024-03-05
CPN0003822,RID0025360,WEEKEND15,Weekend ride offer,percentage,15,8.38,2026-06-10,2026-07-11
CPN0003823,RID0025366,LOYAL30,Loyalty reward,flat,30,30.0,2026-06-05,2026-07-08
CPN0003824,RID0025371,WEEKEND15,Weekend ride offer,percentage,15,18.18,2024-07-20,2024-08-04
CPN0003825,RID0025384,LOYAL30,Loyalty reward,flat,30,30.0,2026-03-27,2026-04-22
CPN0003826,RID0025389,LOYAL30,Loyalty reward,flat,30,30.0,2025-01-07,2025-01-27
CPN0003827,RID0025392,WEEKEND15,Weekend ride offer,percentage,15,16.85,2025-07-23,2025-08-07
CPN0003828,RID0025409,FEST100,Festive season offer,flat,100,100.0,2024-03-26,2024-04-26
CPN0003829,RID0025419,FEST100,Festive season offer,flat,100,52.02,2024-08-08,2024-09-11
CPN0003830,RID0025420,FIRST20,First ride discount,percentage,20,15.0,2024-04-28,2024-05-31
CPN0003831,RID0025421,WELCOME50,New user welcome offer,flat,50,50.0,2025-08-19,2025-09-15
CPN0003832,RID0025423,FEST100,Festive season offer,flat,100,50.67,2025-06-15,2025-07-24
CPN0003833,RID0025424,LOYAL30,Loyalty reward,flat,30,30.0,2024-03-24,2024-04-14
CPN0003834,RID0025434,FEST100,Festive season offer,flat,100,35.41,2024-07-28,2024-09-01
CPN0003835,RID0025437,FEST100,Festive season offer,flat,100,49.55,2026-05-02,2026-05-26
CPN0003836,RID0025442,FEST100,Festive season offer,flat,100,13.47,2026-06-21,2026-07-06
CPN0003837,RID0025450,FEST100,Festive season offer,flat,100,41.45,2025-07-08,2025-08-01
CPN0003838,RID0025451,RAINY10,Monsoon special,percentage,10,25.83,2025-09-14,2025-10-16
CPN0003839,RID0025454,WEEKEND15,Weekend ride offer,percentage,15,8.91,2025-02-20,2025-03-22
CPN0003840,RID0025464,WELCOME50,New user welcome offer,flat,50,50.0,2024-01-18,2024-02-16
CPN0003841,RID0025473,FIRST20,First ride discount,percentage,20,11.5,2024-07-19,2024-08-19
CPN0003842,RID0025478,WEEKEND15,Weekend ride offer,percentage,15,23.33,2024-02-03,2024-02-25
CPN0003843,RID0025482,FEST100,Festive season offer,flat,100,20.76,2026-04-07,2026-04-30
CPN0003844,RID0025491,FIRST20,First ride discount,percentage,20,20.05,2026-02-18,2026-03-06
CPN0003845,RID0025497,WELCOME50,New user welcome offer,flat,50,40.44,2024-09-27,2024-10-21
CPN0003846,RID0025501,WEEKEND15,Weekend ride offer,percentage,15,15.92,2024-10-07,2024-11-06
CPN0003847,RID0025515,RAINY10,Monsoon special,percentage,10,8.5,2024-06-27,2024-07-15
CPN0003848,RID0025522,RAINY10,Monsoon special,percentage,10,10.16,2025-08-13,2025-08-31
CPN0003849,RID0025548,WEEKEND15,Weekend ride offer,percentage,15,54.7,2026-03-26,2026-04-10
CPN0003850,RID0025560,FIRST20,First ride discount,percentage,20,3.96,2025-01-13,2025-02-20
CPN0003851,RID0025562,RAINY10,Monsoon special,percentage,10,8.96,2025-08-31,2025-09-30
CPN0003852,RID0025564,FIRST20,First ride discount,percentage,20,18.89,2025-08-04,2025-08-28
CPN0003853,RID0025583,LOYAL30,Loyalty reward,flat,30,30.0,2025-09-21,2025-10-10
CPN0003854,RID0025584,WEEKEND15,Weekend ride offer,percentage,15,9.34,2025-07-22,2025-08-23
CPN0003855,RID0025596,LOYAL30,Loyalty reward,flat,30,30.0,2025-08-23,2025-09-16
CPN0003856,RID0025598,WELCOME50,New user welcome offer,flat,50,50.0,2025-10-25,2025-11-19
CPN0003857,RID0025603,FIRST20,First ride discount,percentage,20,36.43,2026-04-02,2026-05-06
CPN0003858,RID0025604,RAINY10,Monsoon special,percentage,10,21.99,2024-07-29,2024-08-10
CPN0003859,RID0025623,LOYAL30,Loyalty reward,flat,30,30.0,2026-04-23,2026-05-28
CPN0003860,RID0025625,WEEKEND15,Weekend ride offer,percentage,15,8.59,2025-08-03,2025-08-19
CPN0003861,RID0025627,LOYAL30,Loyalty reward,flat,30,30.0,2024-11-23,2024-12-15
CPN0003862,RID0025630,RAINY10,Monsoon special,percentage,10,9.89,2025-12-21,2026-01-08
CPN0003863,RID0025672,FIRST20,First ride discount,percentage,20,13.48,2025-02-07,2025-02-22
CPN0003864,RID0025673,WEEKEND15,Weekend ride offer,percentage,15,4.51,2025-05-02,2025-05-28
CPN0003865,RID0025694,FIRST20,First ride discount,percentage,20,23.4,2026-02-21,2026-03-19
CPN0003866,RID0025709,WEEKEND15,Weekend ride offer,percentage,15,9.42,2025-08-27,2025-09-19
CPN0003867,RID0025715,WELCOME50,New user welcome offer,flat,50,21.18,2024-09-24,2024-10-12
CPN0003868,RID0025717,FEST100,Festive season offer,flat,100,30.87,2024-08-12,2024-09-05
CPN0003869,RID0025718,RAINY10,Monsoon special,percentage,10,11.63,2025-02-18,2025-03-04
CPN0003870,RID0025720,LOYAL30,Loyalty reward,flat,30,26.07,2025-03-29,2025-04-17
CPN0003871,RID0025725,RAINY10,Monsoon special,percentage,10,4.24,2023-12-29,2024-01-31
CPN0003872,RID0025730,WEEKEND15,Weekend ride offer,percentage,15,27.32,2025-03-11,2025-04-08
CPN0003873,RID0025745,WEEKEND15,Weekend ride offer,percentage,15,8.25,2026-04-26,2026-05-28
CPN0003874,RID0025759,RAINY10,Monsoon special,percentage,10,4.02,2024-11-16,2024-12-20
CPN0003875,RID0025762,RAINY10,Monsoon special,percentage,10,5.51,2024-03-09,2024-03-31
CPN0003876,RID0025768,WEEKEND15,Weekend ride offer,percentage,15,12.77,2026-04-15,2026-05-15
CPN0003877,RID0025770,WEEKEND15,Weekend ride offer,percentage,15,12.98,2025-05-29,2025-06-24
CPN0003878,RID0025781,FEST100,Festive season offer,flat,100,62.04,2024-07-19,2024-08-01
CPN0003879,RID0025782,FEST100,Festive season offer,flat,100,17.16,2024-10-23,2024-11-04
CPN0003880,RID0025788,WELCOME50,New user welcome offer,flat,50,50.0,2025-12-07,2026-01-09
CPN0003881,RID0025789,WEEKEND15,Weekend ride offer,percentage,15,20.14,2025-05-01,2025-05-28
CPN0003882,RID0025793,WELCOME50,New user welcome offer,flat,50,43.98,2026-04-17,2026-05-11
CPN0003883,RID0025795,FIRST20,First ride discount,percentage,20,8.46,2025-03-03,2025-03-24
CPN0003884,RID0025801,LOYAL30,Loyalty reward,flat,30,30.0,2024-03-13,2024-04-02
CPN0003885,RID0025802,RAINY10,Monsoon special,percentage,10,9.6,2025-04-02,2025-04-26
CPN0003886,RID0025811,FIRST20,First ride discount,percentage,20,12.59,2026-04-25,2026-05-22
CPN0003887,RID0025818,WELCOME50,New user welcome offer,flat,50,39.78,2026-03-04,2026-03-17
CPN0003888,RID0025823,RAINY10,Monsoon special,percentage,10,4.9,2026-03-06,2026-04-02
CPN0003889,RID0025827,FIRST20,First ride discount,percentage,20,29.46,2024-03-07,2024-03-27
CPN0003890,RID0025831,RAINY10,Monsoon special,percentage,10,2.84,2024-08-30,2024-10-01
CPN0003891,RID0025836,FEST100,Festive season offer,flat,100,63.22,2025-06-19,2025-07-04
CPN0003892,RID0025837,RAINY10,Monsoon special,percentage,10,12.48,2025-07-27,2025-09-05
CPN0003893,RID0025844,RAINY10,Monsoon special,percentage,10,2.6,2026-06-19,2026-07-14
CPN0003894,RID0025855,WELCOME50,New user welcome offer,flat,50,38.45,2025-08-30,2025-09-11
CPN0003895,RID0025863,FEST100,Festive season offer,flat,100,31.29,2024-02-01,2024-02-26
CPN0003896,RID0025864,FIRST20,First ride discount,percentage,20,18.0,2024-03-15,2024-04-10
CPN0003897,RID0025873,WEEKEND15,Weekend ride offer,percentage,15,7.97,2026-01-31,2026-02-18
CPN0003898,RID0025879,RAINY10,Monsoon special,percentage,10,34.53,2024-11-13,2024-12-18
CPN0003899,RID0025880,RAINY10,Monsoon special,percentage,10,14.02,2024-05-05,2024-05-28
CPN0003900,RID0025888,FIRST20,First ride discount,percentage,20,21.77,2024-08-08,2024-09-05
CPN0003901,RID0025891,WELCOME50,New user welcome offer,flat,50,22.26,2025-07-03,2025-07-16
CPN0003902,RID0025904,FIRST20,First ride discount,percentage,20,25.16,2025-02-04,2025-02-14
CPN0003903,RID0025911,RAINY10,Monsoon special,percentage,10,3.17,2025-02-27,2025-03-19
CPN0003904,RID0025916,WELCOME50,New user welcome offer,flat,50,50.0,2025-05-28,2025-06-21
CPN0003905,RID0025919,FEST100,Festive season offer,flat,100,36.51,2025-09-06,2025-10-10
CPN0003906,RID0025927,RAINY10,Monsoon special,percentage,10,8.07,2025-09-23,2025-10-09
CPN0003907,RID0025928,WELCOME50,New user welcome offer,flat,50,50.0,2026-05-19,2026-06-15
CPN0003908,RID0025931,RAINY10,Monsoon special,percentage,10,3.16,2024-12-14,2025-01-04
CPN0003909,RID0025933,WELCOME50,New user welcome offer,flat,50,21.6,2025-03-13,2025-03-28
CPN0003910,RID0025938,FIRST20,First ride discount,percentage,20,21.92,2024-09-05,2024-09-30
CPN0003911,RID0025940,RAINY10,Monsoon special,percentage,10,15.66,2024-02-09,2024-03-02
CPN0003912,RID0025943,RAINY10,Monsoon special,percentage,10,5.03,2024-01-05,2024-02-03
CPN0003913,RID0025951,FEST100,Festive season offer,flat,100,25.61,2025-10-11,2025-11-05
CPN0003914,RID0025965,LOYAL30,Loyalty reward,flat,30,19.86,2024-02-25,2024-03-25
CPN0003915,RID0025983,FEST100,Festive season offer,flat,100,66.3,2024-07-27,2024-08-15
CPN0003916,RID0025987,FEST100,Festive season offer,flat,100,24.13,2025-07-03,2025-07-28
CPN0003917,RID0025989,LOYAL30,Loyalty reward,flat,30,30.0,2024-11-23,2024-12-22
CPN0003918,RID0025992,FEST100,Festive season offer,flat,100,40.38,2024-11-19,2024-12-11
CPN0003919,RID0025997,FEST100,Festive season offer,flat,100,54.3,2024-05-13,2024-06-09
CPN0003920,RID0025998,RAINY10,Monsoon special,percentage,10,12.4,2025-12-20,2026-01-06
CPN0003921,RID0026007,LOYAL30,Loyalty reward,flat,30,9.9,2026-02-25,2026-03-25
CPN0003922,RID0026009,RAINY10,Monsoon special,percentage,10,6.35,2026-04-03,2026-05-06
CPN0003923,RID0026013,FIRST20,First ride discount,percentage,20,60.13,2024-10-08,2024-10-25
CPN0003924,RID0026014,LOYAL30,Loyalty reward,flat,30,30.0,2025-08-11,2025-09-14
CPN0003925,RID0026016,WELCOME50,New user welcome offer,flat,50,50.0,2025-02-16,2025-02-28
CPN0003926,RID0026020,WEEKEND15,Weekend ride offer,percentage,15,15.83,2025-02-20,2025-03-20
CPN0003927,RID0026024,FIRST20,First ride discount,percentage,20,16.96,2025-10-09,2025-10-26
CPN0003928,RID0026028,FIRST20,First ride discount,percentage,20,35.35,2024-10-14,2024-11-05
CPN0003929,RID0026035,LOYAL30,Loyalty reward,flat,30,29.48,2025-04-23,2025-05-21
CPN0003930,RID0026036,FIRST20,First ride discount,percentage,20,9.71,2025-03-28,2025-04-20
CPN0003931,RID0026054,WEEKEND15,Weekend ride offer,percentage,15,6.39,2024-08-29,2024-09-23
CPN0003932,RID0026059,FIRST20,First ride discount,percentage,20,29.1,2025-07-28,2025-08-28
CPN0003933,RID0026066,FIRST20,First ride discount,percentage,20,19.24,2026-03-17,2026-03-30
CPN0003934,RID0026069,FEST100,Festive season offer,flat,100,34.98,2026-03-14,2026-03-31
CPN0003935,RID0026083,FEST100,Festive season offer,flat,100,69.36,2024-01-29,2024-02-17
CPN0003936,RID0026090,WEEKEND15,Weekend ride offer,percentage,15,12.37,2024-10-15,2024-11-08
CPN0003937,RID0026100,WEEKEND15,Weekend ride offer,percentage,15,5.49,2024-01-22,2024-02-15
CPN0003938,RID0026104,RAINY10,Monsoon special,percentage,10,11.36,2024-09-02,2024-09-24
CPN0003939,RID0026121,LOYAL30,Loyalty reward,flat,30,28.54,2024-04-23,2024-05-20
CPN0003940,RID0026124,FIRST20,First ride discount,percentage,20,25.32,2026-01-09,2026-02-01
CPN0003941,RID0026126,FIRST20,First ride discount,percentage,20,23.05,2026-01-03,2026-01-21
CPN0003942,RID0026128,LOYAL30,Loyalty reward,flat,30,30.0,2026-01-25,2026-02-28
CPN0003943,RID0026134,WELCOME50,New user welcome offer,flat,50,28.54,2025-08-26,2025-09-21
CPN0003944,RID0026141,WEEKEND15,Weekend ride offer,percentage,15,7.48,2024-09-27,2024-10-21
CPN0003945,RID0026143,LOYAL30,Loyalty reward,flat,30,23.85,2025-07-05,2025-07-28
CPN0003946,RID0026146,LOYAL30,Loyalty reward,flat,30,15.72,2025-10-05,2025-10-20
CPN0003947,RID0026147,LOYAL30,Loyalty reward,flat,30,30.0,2025-03-18,2025-04-15
CPN0003948,RID0026170,FIRST20,First ride discount,percentage,20,11.38,2023-12-31,2024-01-15
CPN0003949,RID0026171,WEEKEND15,Weekend ride offer,percentage,15,10.94,2026-05-24,2026-06-20
CPN0003950,RID0026174,RAINY10,Monsoon special,percentage,10,13.49,2025-11-26,2025-12-27
CPN0003951,RID0026177,RAINY10,Monsoon special,percentage,10,17.28,2024-12-17,2025-01-22
CPN0003952,RID0026178,WELCOME50,New user welcome offer,flat,50,50.0,2026-04-22,2026-05-10
CPN0003953,RID0026187,WEEKEND15,Weekend ride offer,percentage,15,10.15,2026-04-01,2026-05-08
CPN0003954,RID0026195,FEST100,Festive season offer,flat,100,58.86,2026-02-15,2026-03-16
CPN0003955,RID0026197,RAINY10,Monsoon special,percentage,10,28.12,2025-12-24,2026-01-24
CPN0003956,RID0026198,WEEKEND15,Weekend ride offer,percentage,15,20.68,2024-07-22,2024-08-16
CPN0003957,RID0026200,LOYAL30,Loyalty reward,flat,30,30.0,2024-02-10,2024-03-04
CPN0003958,RID0026201,FIRST20,First ride discount,percentage,20,10.9,2024-04-01,2024-04-26
CPN0003959,RID0026203,FEST100,Festive season offer,flat,100,68.04,2024-06-18,2024-07-15
CPN0003960,RID0026208,FEST100,Festive season offer,flat,100,100.0,2024-11-25,2024-12-17
CPN0003961,RID0026221,FEST100,Festive season offer,flat,100,31.21,2024-05-10,2024-06-05
CPN0003962,RID0026227,RAINY10,Monsoon special,percentage,10,11.68,2026-05-12,2026-05-31
CPN0003963,RID0026247,FIRST20,First ride discount,percentage,20,11.88,2026-01-29,2026-02-24
CPN0003964,RID0026253,RAINY10,Monsoon special,percentage,10,11.1,2026-07-08,2026-08-03
CPN0003965,RID0026255,LOYAL30,Loyalty reward,flat,30,30.0,2024-06-10,2024-07-05
CPN0003966,RID0026258,FIRST20,First ride discount,percentage,20,18.05,2024-12-10,2025-01-04
CPN0003967,RID0026273,FIRST20,First ride discount,percentage,20,16.7,2024-09-12,2024-10-13
CPN0003968,RID0026275,RAINY10,Monsoon special,percentage,10,14.53,2025-06-06,2025-07-04
CPN0003969,RID0026277,WELCOME50,New user welcome offer,flat,50,50.0,2024-01-20,2024-02-12
CPN0003970,RID0026285,WEEKEND15,Weekend ride offer,percentage,15,19.75,2024-07-13,2024-08-17
CPN0003971,RID0026293,LOYAL30,Loyalty reward,flat,30,28.2,2025-10-13,2025-11-09
CPN0003972,RID0026294,WELCOME50,New user welcome offer,flat,50,50.0,2026-02-24,2026-03-09
CPN0003973,RID0026299,RAINY10,Monsoon special,percentage,10,2.51,2024-03-01,2024-04-02
CPN0003974,RID0026304,WELCOME50,New user welcome offer,flat,50,21.36,2026-06-23,2026-07-08
CPN0003975,RID0026311,FEST100,Festive season offer,flat,100,78.62,2025-06-15,2025-07-10
CPN0003976,RID0026314,FIRST20,First ride discount,percentage,20,5.32,2025-08-28,2025-09-20
CPN0003977,RID0026321,LOYAL30,Loyalty reward,flat,30,30.0,2024-07-26,2024-08-11
CPN0003978,RID0026325,FEST100,Festive season offer,flat,100,33.85,2024-06-10,2024-07-03
CPN0003979,RID0026347,WEEKEND15,Weekend ride offer,percentage,15,16.36,2026-01-11,2026-02-02
CPN0003980,RID0026349,FIRST20,First ride discount,percentage,20,8.33,2026-01-11,2026-02-13
CPN0003981,RID0026355,WELCOME50,New user welcome offer,flat,50,50.0,2025-02-22,2025-03-10
CPN0003982,RID0026357,WELCOME50,New user welcome offer,flat,50,24.51,2025-10-18,2025-11-23
CPN0003983,RID0026359,RAINY10,Monsoon special,percentage,10,9.04,2024-12-15,2025-01-06
CPN0003984,RID0026360,RAINY10,Monsoon special,percentage,10,11.39,2023-12-28,2024-01-23
CPN0003985,RID0026362,LOYAL30,Loyalty reward,flat,30,30.0,2025-05-18,2025-06-06
CPN0003986,RID0026369,WELCOME50,New user welcome offer,flat,50,31.98,2025-05-24,2025-06-18
CPN0003987,RID0026371,FEST100,Festive season offer,flat,100,42.3,2026-04-24,2026-06-01
CPN0003988,RID0026376,RAINY10,Monsoon special,percentage,10,2.0,2026-01-08,2026-01-24
CPN0003989,RID0026383,WEEKEND15,Weekend ride offer,percentage,15,15.81,2024-12-10,2025-01-14
CPN0003990,RID0026384,RAINY10,Monsoon special,percentage,10,16.68,2024-08-01,2024-08-24
CPN0003991,RID0026385,LOYAL30,Loyalty reward,flat,30,30.0,2025-01-25,2025-03-03
CPN0003992,RID0026392,LOYAL30,Loyalty reward,flat,30,30.0,2024-06-22,2024-07-15
CPN0003993,RID0026393,FIRST20,First ride discount,percentage,20,6.71,2024-03-07,2024-03-30
CPN0003994,RID0026399,FEST100,Festive season offer,flat,100,96.98,2026-07-14,2026-08-08
CPN0003995,RID0026401,RAINY10,Monsoon special,percentage,10,5.7,2024-09-09,2024-10-09
CPN0003996,RID0026403,RAINY10,Monsoon special,percentage,10,15.21,2025-01-23,2025-02-18
CPN0003997,RID0026406,FIRST20,First ride discount,percentage,20,5.23,2025-07-31,2025-08-25
CPN0003998,RID0026415,WELCOME50,New user welcome offer,flat,50,39.0,2026-02-09,2026-03-17
CPN0003999,RID0026422,WELCOME50,New user welcome offer,flat,50,39.31,2024-11-16,2024-12-17
CPN0004000,RID0026423,WEEKEND15,Weekend ride offer,percentage,15,14.63,2025-08-18,2025-09-11
CPN0004001,RID0026428,WEEKEND15,Weekend ride offer,percentage,15,20.84,2025-09-05,2025-10-11
CPN0004002,RID0026432,RAINY10,Monsoon special,percentage,10,5.51,2024-09-24,2024-10-10
CPN0004003,RID0026435,LOYAL30,Loyalty reward,flat,30,25.12,2026-06-04,2026-06-29
CPN0004004,RID0026436,FEST100,Festive season offer,flat,100,40.53,2025-12-19,2026-01-15
CPN0004005,RID0026445,FEST100,Festive season offer,flat,100,11.88,2024-01-23,2024-02-13
CPN0004006,RID0026448,RAINY10,Monsoon special,percentage,10,7.12,2024-09-25,2024-10-12
CPN0004007,RID0026457,WEEKEND15,Weekend ride offer,percentage,15,8.94,2024-07-05,2024-07-23
CPN0004008,RID0026465,FIRST20,First ride discount,percentage,20,16.2,2024-03-05,2024-04-06
CPN0004009,RID0026472,FEST100,Festive season offer,flat,100,19.36,2026-06-04,2026-07-05
CPN0004010,RID0026476,RAINY10,Monsoon special,percentage,10,10.38,2025-11-10,2025-12-10
CPN0004011,RID0026477,RAINY10,Monsoon special,percentage,10,6.25,2024-01-16,2024-02-09
CPN0004012,RID0026478,FIRST20,First ride discount,percentage,20,23.72,2026-05-30,2026-07-02
CPN0004013,RID0026487,WEEKEND15,Weekend ride offer,percentage,15,10.76,2025-10-19,2025-11-24
CPN0004014,RID0026489,RAINY10,Monsoon special,percentage,10,5.06,2026-05-15,2026-06-05
CPN0004015,RID0026491,RAINY10,Monsoon special,percentage,10,12.67,2025-05-28,2025-07-03
CPN0004016,RID0026494,WEEKEND15,Weekend ride offer,percentage,15,23.73,2026-05-02,2026-05-26
CPN0004017,RID0026497,LOYAL30,Loyalty reward,flat,30,30.0,2025-03-15,2025-04-21
CPN0004018,RID0026501,FIRST20,First ride discount,percentage,20,14.1,2024-08-22,2024-09-14
CPN0004019,RID0026509,WEEKEND15,Weekend ride offer,percentage,15,20.09,2024-02-17,2024-03-16
CPN0004020,RID0026519,WELCOME50,New user welcome offer,flat,50,33.36,2025-01-01,2025-01-30
CPN0004021,RID0026528,FEST100,Festive season offer,flat,100,84.75,2024-03-19,2024-04-13
CPN0004022,RID0026529,RAINY10,Monsoon special,percentage,10,8.71,2025-05-07,2025-05-31
CPN0004023,RID0026534,FIRST20,First ride discount,percentage,20,25.67,2024-12-07,2025-01-06
CPN0004024,RID0026535,FEST100,Festive season offer,flat,100,100.0,2024-05-19,2024-06-16
CPN0004025,RID0026537,WELCOME50,New user welcome offer,flat,50,35.73,2024-08-28,2024-09-23
CPN0004026,RID0026541,WEEKEND15,Weekend ride offer,percentage,15,10.78,2024-10-12,2024-11-04
CPN0004027,RID0026543,FIRST20,First ride discount,percentage,20,8.46,2025-04-23,2025-05-17
CPN0004028,RID0026550,WELCOME50,New user welcome offer,flat,50,50.0,2026-03-15,2026-04-13
CPN0004029,RID0026551,FEST100,Festive season offer,flat,100,35.85,2026-04-22,2026-05-11
CPN0004030,RID0026562,WEEKEND15,Weekend ride offer,percentage,15,5.9,2025-07-13,2025-08-14
CPN0004031,RID0026564,WELCOME50,New user welcome offer,flat,50,13.6,2025-06-08,2025-07-03
CPN0004032,RID0026577,WEEKEND15,Weekend ride offer,percentage,15,22.33,2026-05-19,2026-06-16
CPN0004033,RID0026592,FEST100,Festive season offer,flat,100,40.95,2025-08-12,2025-09-05
CPN0004034,RID0026600,WELCOME50,New user welcome offer,flat,50,33.48,2024-03-18,2024-04-09
CPN0004035,RID0026601,RAINY10,Monsoon special,percentage,10,6.24,2025-12-20,2026-01-08
CPN0004036,RID0026603,RAINY10,Monsoon special,percentage,10,8.46,2024-10-08,2024-11-04
CPN0004037,RID0026619,WELCOME50,New user welcome offer,flat,50,14.46,2024-04-05,2024-04-21
CPN0004038,RID0026631,FEST100,Festive season offer,flat,100,39.66,2024-04-12,2024-05-16
CPN0004039,RID0026638,WELCOME50,New user welcome offer,flat,50,50.0,2025-08-05,2025-09-04
CPN0004040,RID0026643,FEST100,Festive season offer,flat,100,100.0,2024-01-02,2024-01-21
CPN0004041,RID0026645,FIRST20,First ride discount,percentage,20,12.84,2025-06-12,2025-06-30
CPN0004042,RID0026651,WEEKEND15,Weekend ride offer,percentage,15,17.71,2025-04-04,2025-05-13
CPN0004043,RID0026657,LOYAL30,Loyalty reward,flat,30,30.0,2025-03-18,2025-04-14
CPN0004044,RID0026660,WELCOME50,New user welcome offer,flat,50,50.0,2024-10-06,2024-10-17
CPN0004045,RID0026668,LOYAL30,Loyalty reward,flat,30,28.86,2026-06-22,2026-07-25
CPN0004046,RID0026676,LOYAL30,Loyalty reward,flat,30,13.87,2026-03-17,2026-04-11
CPN0004047,RID0026679,WEEKEND15,Weekend ride offer,percentage,15,33.61,2025-11-01,2025-12-02
CPN0004048,RID0026684,WEEKEND15,Weekend ride offer,percentage,15,16.24,2024-06-10,2024-07-07
CPN0004049,RID0026692,LOYAL30,Loyalty reward,flat,30,30.0,2026-06-30,2026-07-21
CPN0004050,RID0026699,FEST100,Festive season offer,flat,100,48.24,2025-06-11,2025-07-02
CPN0004051,RID0026701,WELCOME50,New user welcome offer,flat,50,50.0,2024-04-30,2024-05-14
CPN0004052,RID0026702,WEEKEND15,Weekend ride offer,percentage,15,16.77,2025-04-24,2025-05-21
CPN0004053,RID0026703,FIRST20,First ride discount,percentage,20,48.58,2026-01-08,2026-02-05
CPN0004054,RID0026713,FIRST20,First ride discount,percentage,20,8.84,2024-03-23,2024-04-22
CPN0004055,RID0026720,FIRST20,First ride discount,percentage,20,17.48,2026-05-15,2026-06-11
CPN0004056,RID0026728,WELCOME50,New user welcome offer,flat,50,50.0,2025-01-29,2025-02-19
CPN0004057,RID0026729,LOYAL30,Loyalty reward,flat,30,30.0,2026-04-12,2026-04-30
CPN0004058,RID0026739,RAINY10,Monsoon special,percentage,10,8.87,2024-04-10,2024-05-05
CPN0004059,RID0026740,RAINY10,Monsoon special,percentage,10,7.94,2024-09-16,2024-10-20
CPN0004060,RID0026753,FIRST20,First ride discount,percentage,20,15.66,2024-08-26,2024-09-20
CPN0004061,RID0026762,WELCOME50,New user welcome offer,flat,50,15.62,2025-02-21,2025-03-27
CPN0004062,RID0026765,FIRST20,First ride discount,percentage,20,17.9,2025-12-05,2026-01-05
CPN0004063,RID0026767,FIRST20,First ride discount,percentage,20,15.26,2024-06-25,2024-07-21
CPN0004064,RID0026773,RAINY10,Monsoon special,percentage,10,7.52,2025-09-18,2025-10-24
CPN0004065,RID0026777,LOYAL30,Loyalty reward,flat,30,30.0,2024-07-23,2024-08-19
CPN0004066,RID0026778,LOYAL30,Loyalty reward,flat,30,15.19,2026-01-16,2026-02-01
CPN0004067,RID0026781,FIRST20,First ride discount,percentage,20,12.07,2024-11-24,2024-12-21
CPN0004068,RID0026784,WELCOME50,New user welcome offer,flat,50,35.87,2024-12-27,2025-01-17
CPN0004069,RID0026794,LOYAL30,Loyalty reward,flat,30,22.78,2026-01-27,2026-02-23
CPN0004070,RID0026798,FEST100,Festive season offer,flat,100,90.7,2025-04-21,2025-05-19
CPN0004071,RID0026803,RAINY10,Monsoon special,percentage,10,7.91,2024-04-06,2024-05-03
CPN0004072,RID0026805,FIRST20,First ride discount,percentage,20,27.94,2025-05-24,2025-06-17
CPN0004073,RID0026822,LOYAL30,Loyalty reward,flat,30,30.0,2024-03-23,2024-04-20
CPN0004074,RID0026825,LOYAL30,Loyalty reward,flat,30,30.0,2026-03-31,2026-04-15
CPN0004075,RID0026830,LOYAL30,Loyalty reward,flat,30,20.52,2026-01-07,2026-02-11
CPN0004076,RID0026840,FEST100,Festive season offer,flat,100,36.66,2024-08-13,2024-09-02
CPN0004077,RID0026849,WELCOME50,New user welcome offer,flat,50,50.0,2025-09-22,2025-10-14
CPN0004078,RID0026853,WELCOME50,New user welcome offer,flat,50,50.0,2024-05-07,2024-06-08
CPN0004079,RID0026865,LOYAL30,Loyalty reward,flat,30,30.0,2025-08-26,2025-09-24
CPN0004080,RID0026868,WELCOME50,New user welcome offer,flat,50,19.8,2026-03-21,2026-04-10
CPN0004081,RID0026870,LOYAL30,Loyalty reward,flat,30,30.0,2024-11-13,2024-12-13
CPN0004082,RID0026871,FIRST20,First ride discount,percentage,20,23.28,2026-01-09,2026-02-09
CPN0004083,RID0026878,FIRST20,First ride discount,percentage,20,9.17,2024-05-25,2024-06-11
CPN0004084,RID0026888,WELCOME50,New user welcome offer,flat,50,24.98,2025-01-28,2025-03-06
CPN0004085,RID0026892,WEEKEND15,Weekend ride offer,percentage,15,21.17,2026-07-05,2026-07-29
CPN0004086,RID0026896,WELCOME50,New user welcome offer,flat,50,50.0,2024-04-15,2024-05-15
CPN0004087,RID0026909,LOYAL30,Loyalty reward,flat,30,23.27,2024-12-14,2025-01-01
CPN0004088,RID0026912,WEEKEND15,Weekend ride offer,percentage,15,5.0,2025-09-20,2025-10-21
CPN0004089,RID0026927,LOYAL30,Loyalty reward,flat,30,30.0,2024-06-26,2024-07-14
CPN0004090,RID0026936,RAINY10,Monsoon special,percentage,10,9.14,2025-01-31,2025-03-06
CPN0004091,RID0026940,WEEKEND15,Weekend ride offer,percentage,15,6.35,2024-09-30,2024-10-17
CPN0004092,RID0026948,FEST100,Festive season offer,flat,100,43.75,2024-05-12,2024-06-01
CPN0004093,RID0026951,WEEKEND15,Weekend ride offer,percentage,15,6.18,2026-03-21,2026-04-14
CPN0004094,RID0026954,RAINY10,Monsoon special,percentage,10,7.09,2026-04-14,2026-05-15
CPN0004095,RID0026955,WELCOME50,New user welcome offer,flat,50,50.0,2025-10-31,2025-11-24
CPN0004096,RID0026960,FIRST20,First ride discount,percentage,20,11.3,2025-09-18,2025-10-03
CPN0004097,RID0026973,RAINY10,Monsoon special,percentage,10,6.85,2026-02-27,2026-03-19
CPN0004098,RID0026987,LOYAL30,Loyalty reward,flat,30,18.54,2026-03-02,2026-03-20
CPN0004099,RID0026996,WELCOME50,New user welcome offer,flat,50,43.1,2026-01-02,2026-01-26
CPN0004100,RID0027000,RAINY10,Monsoon special,percentage,10,3.4,2024-04-11,2024-05-15
CPN0004101,RID0027003,RAINY10,Monsoon special,percentage,10,6.96,2025-08-08,2025-09-04
CPN0004102,RID0027005,FIRST20,First ride discount,percentage,20,11.11,2026-07-08,2026-08-05
CPN0004103,RID0027011,WELCOME50,New user welcome offer,flat,50,37.5,2026-03-03,2026-04-03
CPN0004104,RID0027016,RAINY10,Monsoon special,percentage,10,7.61,2024-03-11,2024-04-06
CPN0004105,RID0027026,FEST100,Festive season offer,flat,100,18.65,2024-02-23,2024-03-17
CPN0004106,RID0027037,LOYAL30,Loyalty reward,flat,30,30.0,2025-06-09,2025-07-05
CPN0004107,RID0027042,RAINY10,Monsoon special,percentage,10,14.62,2024-04-22,2024-05-15
CPN0004108,RID0027053,RAINY10,Monsoon special,percentage,10,5.17,2024-12-25,2025-01-11
CPN0004109,RID0027094,FEST100,Festive season offer,flat,100,77.82,2026-03-22,2026-04-25
CPN0004110,RID0027097,LOYAL30,Loyalty reward,flat,30,30.0,2026-06-01,2026-07-04
CPN0004111,RID0027100,WEEKEND15,Weekend ride offer,percentage,15,20.43,2024-04-21,2024-05-27
CPN0004112,RID0027106,LOYAL30,Loyalty reward,flat,30,30.0,2025-05-15,2025-06-08
CPN0004113,RID0027110,FIRST20,First ride discount,percentage,20,5.23,2025-10-29,2025-11-15
CPN0004114,RID0027139,LOYAL30,Loyalty reward,flat,30,26.37,2026-01-05,2026-02-01
CPN0004115,RID0027147,WEEKEND15,Weekend ride offer,percentage,15,15.38,2025-09-18,2025-10-26
CPN0004116,RID0027149,WEEKEND15,Weekend ride offer,percentage,15,2.97,2025-10-14,2025-11-11
CPN0004117,RID0027150,WEEKEND15,Weekend ride offer,percentage,15,22.82,2025-03-14,2025-04-14
CPN0004118,RID0027151,LOYAL30,Loyalty reward,flat,30,30.0,2025-06-24,2025-07-17
CPN0004119,RID0027154,RAINY10,Monsoon special,percentage,10,21.08,2025-04-13,2025-05-09
CPN0004120,RID0027166,WEEKEND15,Weekend ride offer,percentage,15,18.27,2026-06-03,2026-06-19
CPN0004121,RID0027183,LOYAL30,Loyalty reward,flat,30,19.62,2026-04-28,2026-06-05
CPN0004122,RID0027186,LOYAL30,Loyalty reward,flat,30,30.0,2026-02-23,2026-03-18
CPN0004123,RID0027193,FIRST20,First ride discount,percentage,20,10.78,2024-09-09,2024-09-27
CPN0004124,RID0027202,WEEKEND15,Weekend ride offer,percentage,15,6.43,2026-01-02,2026-01-30
CPN0004125,RID0027204,LOYAL30,Loyalty reward,flat,30,30.0,2025-03-08,2025-03-21
CPN0004126,RID0027207,FIRST20,First ride discount,percentage,20,6.53,2024-08-31,2024-10-01
CPN0004127,RID0027218,RAINY10,Monsoon special,percentage,10,9.28,2026-06-14,2026-07-10
CPN0004128,RID0027223,WEEKEND15,Weekend ride offer,percentage,15,27.08,2026-01-03,2026-02-06
CPN0004129,RID0027259,RAINY10,Monsoon special,percentage,10,8.74,2025-11-04,2025-11-19
CPN0004130,RID0027263,FEST100,Festive season offer,flat,100,25.61,2025-10-12,2025-11-14
CPN0004131,RID0027270,FIRST20,First ride discount,percentage,20,11.09,2024-04-30,2024-05-25
CPN0004132,RID0027271,LOYAL30,Loyalty reward,flat,30,30.0,2024-01-18,2024-02-18
CPN0004133,RID0027272,RAINY10,Monsoon special,percentage,10,19.16,2025-05-25,2025-06-25
CPN0004134,RID0027275,LOYAL30,Loyalty reward,flat,30,30.0,2026-05-31,2026-07-07
CPN0004135,RID0027278,WEEKEND15,Weekend ride offer,percentage,15,10.71,2024-07-05,2024-07-28
CPN0004136,RID0027302,FEST100,Festive season offer,flat,100,30.13,2026-05-31,2026-06-19
CPN0004137,RID0027304,FIRST20,First ride discount,percentage,20,18.68,2024-02-06,2024-02-23
CPN0004138,RID0027312,WELCOME50,New user welcome offer,flat,50,28.08,2025-03-04,2025-04-04
CPN0004139,RID0027314,LOYAL30,Loyalty reward,flat,30,13.6,2025-01-14,2025-02-07
CPN0004140,RID0027321,FEST100,Festive season offer,flat,100,64.66,2024-11-10,2024-11-28
CPN0004141,RID0027323,WELCOME50,New user welcome offer,flat,50,43.27,2024-10-22,2024-11-12
CPN0004142,RID0027327,FIRST20,First ride discount,percentage,20,30.06,2024-12-16,2025-01-10
CPN0004143,RID0027329,LOYAL30,Loyalty reward,flat,30,30.0,2025-06-02,2025-06-23
CPN0004144,RID0027336,FIRST20,First ride discount,percentage,20,18.84,2024-04-15,2024-05-07
CPN0004145,RID0027337,FEST100,Festive season offer,flat,100,14.95,2026-04-28,2026-05-31
CPN0004146,RID0027338,FIRST20,First ride discount,percentage,20,12.5,2025-01-18,2025-01-31
CPN0004147,RID0027341,FIRST20,First ride discount,percentage,20,8.05,2024-10-30,2024-11-18
CPN0004148,RID0027342,WELCOME50,New user welcome offer,flat,50,50.0,2025-11-13,2025-12-10
CPN0004149,RID0027344,WELCOME50,New user welcome offer,flat,50,49.74,2026-04-05,2026-04-28
CPN0004150,RID0027346,FIRST20,First ride discount,percentage,20,16.1,2024-02-15,2024-03-09
CPN0004151,RID0027362,WEEKEND15,Weekend ride offer,percentage,15,12.33,2024-11-24,2024-12-26
CPN0004152,RID0027369,FIRST20,First ride discount,percentage,20,37.7,2025-05-01,2025-05-21
CPN0004153,RID0027371,WELCOME50,New user welcome offer,flat,50,50.0,2025-09-10,2025-10-03
CPN0004154,RID0027377,WELCOME50,New user welcome offer,flat,50,41.38,2025-11-21,2025-12-16
CPN0004155,RID0027380,RAINY10,Monsoon special,percentage,10,6.6,2026-06-29,2026-08-02
CPN0004156,RID0027381,RAINY10,Monsoon special,percentage,10,3.47,2026-04-01,2026-05-07
CPN0004157,RID0027384,WELCOME50,New user welcome offer,flat,50,50.0,2024-09-12,2024-10-04
CPN0004158,RID0027390,WELCOME50,New user welcome offer,flat,50,30.75,2026-07-02,2026-07-17
CPN0004159,RID0027407,FEST100,Festive season offer,flat,100,35.59,2025-08-06,2025-08-28
CPN0004160,RID0027411,LOYAL30,Loyalty reward,flat,30,30.0,2025-07-13,2025-08-20
CPN0004161,RID0027412,RAINY10,Monsoon special,percentage,10,9.38,2025-06-23,2025-07-20
CPN0004162,RID0027415,RAINY10,Monsoon special,percentage,10,2.16,2025-10-04,2025-10-26
CPN0004163,RID0027417,RAINY10,Monsoon special,percentage,10,4.04,2023-12-22,2024-01-18
CPN0004164,RID0027419,FEST100,Festive season offer,flat,100,25.77,2024-07-20,2024-08-15
CPN0004165,RID0027423,FEST100,Festive season offer,flat,100,67.0,2026-06-22,2026-07-19
CPN0004166,RID0027430,RAINY10,Monsoon special,percentage,10,5.7,2025-10-17,2025-11-16
CPN0004167,RID0027433,FEST100,Festive season offer,flat,100,41.31,2026-03-13,2026-04-10
CPN0004168,RID0027434,WELCOME50,New user welcome offer,flat,50,25.52,2025-08-31,2025-10-06
CPN0004169,RID0027444,FIRST20,First ride discount,percentage,20,16.85,2026-04-12,2026-05-11
CPN0004170,RID0027445,RAINY10,Monsoon special,percentage,10,8.93,2024-12-03,2025-01-01
CPN0004171,RID0027452,FEST100,Festive season offer,flat,100,19.23,2025-02-25,2025-03-19
CPN0004172,RID0027458,RAINY10,Monsoon special,percentage,10,9.36,2024-08-20,2024-09-24
CPN0004173,RID0027464,FIRST20,First ride discount,percentage,20,40.36,2025-02-06,2025-02-25
CPN0004174,RID0027467,WEEKEND15,Weekend ride offer,percentage,15,32.63,2025-03-11,2025-04-02
CPN0004175,RID0027471,WELCOME50,New user welcome offer,flat,50,22.69,2025-12-16,2025-12-28
CPN0004176,RID0027474,RAINY10,Monsoon special,percentage,10,13.4,2024-09-28,2024-10-22
CPN0004177,RID0027476,WELCOME50,New user welcome offer,flat,50,34.7,2026-01-13,2026-02-15
CPN0004178,RID0027482,LOYAL30,Loyalty reward,flat,30,30.0,2024-09-10,2024-10-01
CPN0004179,RID0027485,FEST100,Festive season offer,flat,100,33.0,2025-09-26,2025-11-03
CPN0004180,RID0027487,FEST100,Festive season offer,flat,100,81.5,2024-07-21,2024-08-13
CPN0004181,RID0027490,WEEKEND15,Weekend ride offer,percentage,15,8.54,2026-06-09,2026-06-25
CPN0004182,RID0027501,RAINY10,Monsoon special,percentage,10,10.07,2025-09-03,2025-09-23
CPN0004183,RID0027514,FEST100,Festive season offer,flat,100,12.18,2024-06-29,2024-07-29
CPN0004184,RID0027520,RAINY10,Monsoon special,percentage,10,27.67,2026-03-07,2026-04-04
CPN0004185,RID0027526,FIRST20,First ride discount,percentage,20,17.06,2026-06-09,2026-07-11
CPN0004186,RID0027528,FIRST20,First ride discount,percentage,20,42.7,2026-01-02,2026-01-18
CPN0004187,RID0027542,WEEKEND15,Weekend ride offer,percentage,15,28.03,2026-07-06,2026-07-18
CPN0004188,RID0027548,FIRST20,First ride discount,percentage,20,8.29,2024-04-04,2024-04-28
CPN0004189,RID0027549,RAINY10,Monsoon special,percentage,10,11.16,2024-10-24,2024-11-27
CPN0004190,RID0027561,LOYAL30,Loyalty reward,flat,30,30.0,2024-10-21,2024-11-28
CPN0004191,RID0027573,WELCOME50,New user welcome offer,flat,50,50.0,2024-02-27,2024-03-16
CPN0004192,RID0027574,FIRST20,First ride discount,percentage,20,5.92,2024-09-14,2024-10-09
CPN0004193,RID0027610,WELCOME50,New user welcome offer,flat,50,50.0,2026-04-20,2026-05-08
CPN0004194,RID0027616,FEST100,Festive season offer,flat,100,21.9,2026-03-18,2026-04-02
CPN0004195,RID0027617,LOYAL30,Loyalty reward,flat,30,30.0,2025-09-14,2025-10-10
CPN0004196,RID0027622,FEST100,Festive season offer,flat,100,31.86,2026-02-15,2026-03-04
CPN0004197,RID0027632,FEST100,Festive season offer,flat,100,46.77,2026-01-16,2026-02-11
CPN0004198,RID0027647,WEEKEND15,Weekend ride offer,percentage,15,5.43,2024-02-03,2024-02-16
CPN0004199,RID0027670,RAINY10,Monsoon special,percentage,10,7.36,2024-09-15,2024-10-11
CPN0004200,RID0027682,RAINY10,Monsoon special,percentage,10,10.6,2024-12-03,2024-12-31
CPN0004201,RID0027683,WELCOME50,New user welcome offer,flat,50,50.0,2025-01-21,2025-02-20
CPN0004202,RID0027691,WELCOME50,New user welcome offer,flat,50,18.51,2025-07-07,2025-08-05
CPN0004203,RID0027702,FEST100,Festive season offer,flat,100,41.94,2024-10-03,2024-10-24
CPN0004204,RID0027709,FIRST20,First ride discount,percentage,20,17.02,2026-07-08,2026-07-20
CPN0004205,RID0027715,LOYAL30,Loyalty reward,flat,30,30.0,2026-02-21,2026-03-19
CPN0004206,RID0027716,LOYAL30,Loyalty reward,flat,30,30.0,2026-05-25,2026-06-06
CPN0004207,RID0027722,WELCOME50,New user welcome offer,flat,50,50.0,2025-10-01,2025-10-25
CPN0004208,RID0027759,WEEKEND15,Weekend ride offer,percentage,15,15.77,2024-08-13,2024-09-12
CPN0004209,RID0027767,FIRST20,First ride discount,percentage,20,28.43,2024-10-13,2024-11-04
CPN0004210,RID0027778,WEEKEND15,Weekend ride offer,percentage,15,19.07,2024-09-01,2024-09-28
CPN0004211,RID0027784,LOYAL30,Loyalty reward,flat,30,29.58,2024-10-03,2024-11-01
CPN0004212,RID0027793,FEST100,Festive season offer,flat,100,14.37,2024-05-23,2024-06-10
CPN0004213,RID0027803,FIRST20,First ride discount,percentage,20,13.01,2025-10-14,2025-11-09
CPN0004214,RID0027810,RAINY10,Monsoon special,percentage,10,5.42,2026-03-12,2026-03-30
CPN0004215,RID0027829,WELCOME50,New user welcome offer,flat,50,36.36,2025-08-13,2025-09-17
CPN0004216,RID0027831,RAINY10,Monsoon special,percentage,10,17.92,2024-03-12,2024-04-08
CPN0004217,RID0027835,WELCOME50,New user welcome offer,flat,50,35.29,2026-01-09,2026-01-21
CPN0004218,RID0027839,WEEKEND15,Weekend ride offer,percentage,15,11.38,2026-06-22,2026-07-17
CPN0004219,RID0027840,FIRST20,First ride discount,percentage,20,13.03,2025-11-16,2025-12-04
CPN0004220,RID0027846,RAINY10,Monsoon special,percentage,10,4.49,2024-06-08,2024-06-22
CPN0004221,RID0027847,FEST100,Festive season offer,flat,100,42.53,2024-06-28,2024-07-15
CPN0004222,RID0027852,WEEKEND15,Weekend ride offer,percentage,15,16.65,2025-08-12,2025-09-12
CPN0004223,RID0027863,LOYAL30,Loyalty reward,flat,30,27.72,2025-04-03,2025-04-28
CPN0004224,RID0027867,RAINY10,Monsoon special,percentage,10,8.61,2024-05-04,2024-05-21
CPN0004225,RID0027873,FIRST20,First ride discount,percentage,20,5.94,2025-07-10,2025-08-17
CPN0004226,RID0027874,LOYAL30,Loyalty reward,flat,30,30.0,2024-08-31,2024-09-26
CPN0004227,RID0027876,RAINY10,Monsoon special,percentage,10,5.35,2026-02-21,2026-03-20
CPN0004228,RID0027883,WELCOME50,New user welcome offer,flat,50,50.0,2024-11-18,2024-12-24
CPN0004229,RID0027893,LOYAL30,Loyalty reward,flat,30,30.0,2025-12-11,2025-12-30
CPN0004230,RID0027898,FEST100,Festive season offer,flat,100,54.55,2024-09-27,2024-10-22
CPN0004231,RID0027899,RAINY10,Monsoon special,percentage,10,21.22,2025-05-23,2025-06-24
CPN0004232,RID0027906,FEST100,Festive season offer,flat,100,34.44,2026-03-30,2026-04-23
CPN0004233,RID0027925,WELCOME50,New user welcome offer,flat,50,50.0,2025-10-04,2025-11-03
CPN0004234,RID0027927,FIRST20,First ride discount,percentage,20,26.28,2026-01-18,2026-02-13
CPN0004235,RID0027937,LOYAL30,Loyalty reward,flat,30,19.62,2025-02-15,2025-03-01
CPN0004236,RID0027939,WELCOME50,New user welcome offer,flat,50,19.92,2024-07-16,2024-08-13
CPN0004237,RID0027940,RAINY10,Monsoon special,percentage,10,5.03,2025-12-19,2026-01-10
CPN0004238,RID0027944,FEST100,Festive season offer,flat,100,53.85,2025-08-05,2025-08-18
CPN0004239,RID0027946,FEST100,Festive season offer,flat,100,86.63,2024-12-04,2024-12-31
CPN0004240,RID0027952,WEEKEND15,Weekend ride offer,percentage,15,23.17,2025-01-07,2025-02-05
CPN0004241,RID0027955,FEST100,Festive season offer,flat,100,44.58,2024-10-30,2024-12-03
CPN0004242,RID0027958,FIRST20,First ride discount,percentage,20,10.32,2024-12-12,2025-01-14
CPN0004243,RID0027963,RAINY10,Monsoon special,percentage,10,11.24,2026-03-30,2026-04-21
CPN0004244,RID0027977,FIRST20,First ride discount,percentage,20,11.52,2026-06-15,2026-07-04
CPN0004245,RID0027979,RAINY10,Monsoon special,percentage,10,4.73,2026-04-02,2026-04-23
CPN0004246,RID0027983,WEEKEND15,Weekend ride offer,percentage,15,18.55,2025-07-08,2025-08-01
CPN0004247,RID0027992,WEEKEND15,Weekend ride offer,percentage,15,3.79,2024-07-08,2024-08-12
CPN0004248,RID0027997,FEST100,Festive season offer,flat,100,21.96,2026-03-03,2026-03-28
CPN0004249,RID0028003,LOYAL30,Loyalty reward,flat,30,30.0,2024-05-23,2024-06-17
CPN0004250,RID0028010,WEEKEND15,Weekend ride offer,percentage,15,3.28,2026-01-29,2026-02-23
CPN0004251,RID0028022,RAINY10,Monsoon special,percentage,10,10.94,2025-03-12,2025-03-25
CPN0004252,RID0028046,LOYAL30,Loyalty reward,flat,30,29.94,2023-12-26,2024-01-14
CPN0004253,RID0028051,WELCOME50,New user welcome offer,flat,50,50.0,2025-06-11,2025-07-02
CPN0004254,RID0028069,FIRST20,First ride discount,percentage,20,6.61,2024-08-15,2024-09-09
CPN0004255,RID0028076,WELCOME50,New user welcome offer,flat,50,38.28,2024-02-10,2024-03-17
CPN0004256,RID0028078,FEST100,Festive season offer,flat,100,69.64,2025-09-22,2025-10-18
CPN0004257,RID0028097,WEEKEND15,Weekend ride offer,percentage,15,21.94,2024-04-11,2024-04-23
CPN0004258,RID0028106,FIRST20,First ride discount,percentage,20,14.81,2025-01-08,2025-01-23
CPN0004259,RID0028108,FIRST20,First ride discount,percentage,20,33.1,2025-04-19,2025-05-20
CPN0004260,RID0028114,WELCOME50,New user welcome offer,flat,50,50.0,2024-11-11,2024-12-07
CPN0004261,RID0028124,WELCOME50,New user welcome offer,flat,50,50.0,2024-08-29,2024-09-11
CPN0004262,RID0028126,RAINY10,Monsoon special,percentage,10,7.8,2025-06-20,2025-07-18
CPN0004263,RID0028133,RAINY10,Monsoon special,percentage,10,4.26,2024-08-09,2024-09-02
CPN0004264,RID0028134,LOYAL30,Loyalty reward,flat,30,30.0,2024-05-23,2024-06-21
CPN0004265,RID0028140,FIRST20,First ride discount,percentage,20,11.95,2025-04-19,2025-05-17
CPN0004266,RID0028141,WEEKEND15,Weekend ride offer,percentage,15,19.78,2025-08-22,2025-09-21
CPN0004267,RID0028145,FIRST20,First ride discount,percentage,20,17.64,2024-04-28,2024-05-10
CPN0004268,RID0028149,WEEKEND15,Weekend ride offer,percentage,15,12.83,2025-04-14,2025-05-14
CPN0004269,RID0028152,RAINY10,Monsoon special,percentage,10,2.97,2023-12-28,2024-01-22
CPN0004270,RID0028154,WELCOME50,New user welcome offer,flat,50,29.54,2026-01-13,2026-02-06
CPN0004271,RID0028157,RAINY10,Monsoon special,percentage,10,13.34,2024-01-21,2024-02-17
CPN0004272,RID0028175,LOYAL30,Loyalty reward,flat,30,30.0,2026-06-12,2026-07-15
CPN0004273,RID0028176,RAINY10,Monsoon special,percentage,10,12.05,2025-06-06,2025-07-06
CPN0004274,RID0028179,RAINY10,Monsoon special,percentage,10,12.18,2026-06-06,2026-06-24
CPN0004275,RID0028193,WEEKEND15,Weekend ride offer,percentage,15,11.43,2025-02-20,2025-03-23
CPN0004276,RID0028200,WEEKEND15,Weekend ride offer,percentage,15,9.77,2024-12-27,2025-01-14
CPN0004277,RID0028201,WEEKEND15,Weekend ride offer,percentage,15,9.76,2024-05-21,2024-06-18
CPN0004278,RID0028203,FIRST20,First ride discount,percentage,20,19.41,2025-02-04,2025-03-10
CPN0004279,RID0028208,FIRST20,First ride discount,percentage,20,18.58,2025-03-14,2025-04-01
CPN0004280,RID0028210,LOYAL30,Loyalty reward,flat,30,30.0,2026-03-16,2026-04-10
CPN0004281,RID0028224,WEEKEND15,Weekend ride offer,percentage,15,28.37,2025-06-12,2025-06-28
CPN0004282,RID0028226,RAINY10,Monsoon special,percentage,10,4.46,2024-02-15,2024-03-14
CPN0004283,RID0028233,LOYAL30,Loyalty reward,flat,30,30.0,2024-04-18,2024-05-15
CPN0004284,RID0028242,LOYAL30,Loyalty reward,flat,30,20.7,2024-12-17,2025-01-22
CPN0004285,RID0028244,RAINY10,Monsoon special,percentage,10,5.65,2025-08-30,2025-09-29
CPN0004286,RID0028248,WEEKEND15,Weekend ride offer,percentage,15,18.74,2024-11-30,2025-01-02
CPN0004287,RID0028250,WEEKEND15,Weekend ride offer,percentage,15,42.02,2024-07-27,2024-08-22
CPN0004288,RID0028268,RAINY10,Monsoon special,percentage,10,15.84,2025-08-04,2025-08-29
CPN0004289,RID0028278,FIRST20,First ride discount,percentage,20,30.23,2026-04-11,2026-05-10
CPN0004290,RID0028281,FEST100,Festive season offer,flat,100,73.7,2025-05-28,2025-06-23
CPN0004291,RID0028298,WELCOME50,New user welcome offer,flat,50,23.76,2026-05-05,2026-06-11
CPN0004292,RID0028305,WEEKEND15,Weekend ride offer,percentage,15,9.45,2024-11-15,2024-12-12
CPN0004293,RID0028312,FIRST20,First ride discount,percentage,20,8.68,2026-01-10,2026-01-24
CPN0004294,RID0028313,FIRST20,First ride discount,percentage,20,28.16,2024-05-06,2024-05-23
CPN0004295,RID0028314,WEEKEND15,Weekend ride offer,percentage,15,8.95,2025-10-07,2025-11-10
CPN0004296,RID0028332,FIRST20,First ride discount,percentage,20,13.9,2026-03-25,2026-04-21
CPN0004297,RID0028338,FIRST20,First ride discount,percentage,20,29.1,2024-03-03,2024-04-03
CPN0004298,RID0028345,WELCOME50,New user welcome offer,flat,50,20.12,2024-05-18,2024-06-03
CPN0004299,RID0028346,LOYAL30,Loyalty reward,flat,30,20.22,2024-08-14,2024-09-03
CPN0004300,RID0028348,WELCOME50,New user welcome offer,flat,50,50.0,2025-11-17,2025-12-11
CPN0004301,RID0028350,RAINY10,Monsoon special,percentage,10,1.98,2025-10-13,2025-11-19
CPN0004302,RID0028357,WEEKEND15,Weekend ride offer,percentage,15,7.04,2025-09-16,2025-10-09
CPN0004303,RID0028365,WELCOME50,New user welcome offer,flat,50,29.61,2025-11-07,2025-11-29
CPN0004304,RID0028387,LOYAL30,Loyalty reward,flat,30,25.02,2024-03-20,2024-04-13
CPN0004305,RID0028393,LOYAL30,Loyalty reward,flat,30,30.0,2024-01-03,2024-02-03
CPN0004306,RID0028408,WEEKEND15,Weekend ride offer,percentage,15,8.09,2025-10-15,2025-11-07
CPN0004307,RID0028414,FEST100,Festive season offer,flat,100,37.22,2025-11-16,2025-12-12
CPN0004308,RID0028428,LOYAL30,Loyalty reward,flat,30,30.0,2026-03-13,2026-04-09
CPN0004309,RID0028432,RAINY10,Monsoon special,percentage,10,9.85,2024-08-27,2024-10-01
CPN0004310,RID0028436,RAINY10,Monsoon special,percentage,10,5.36,2026-04-18,2026-05-11
CPN0004311,RID0028441,WEEKEND15,Weekend ride offer,percentage,15,19.84,2024-09-03,2024-09-29
CPN0004312,RID0028455,RAINY10,Monsoon special,percentage,10,12.4,2024-06-28,2024-07-17
CPN0004313,RID0028472,RAINY10,Monsoon special,percentage,10,7.42,2024-12-20,2024-12-31
CPN0004314,RID0028493,WELCOME50,New user welcome offer,flat,50,46.08,2024-01-12,2024-02-13
CPN0004315,RID0028499,FEST100,Festive season offer,flat,100,52.26,2024-10-03,2024-11-06
CPN0004316,RID0028511,WELCOME50,New user welcome offer,flat,50,49.91,2025-06-03,2025-06-28
CPN0004317,RID0028515,FEST100,Festive season offer,flat,100,64.38,2025-09-08,2025-10-02
CPN0004318,RID0028516,WELCOME50,New user welcome offer,flat,50,50.0,2024-05-12,2024-05-31
CPN0004319,RID0028519,RAINY10,Monsoon special,percentage,10,7.13,2024-02-02,2024-02-23
CPN0004320,RID0028525,FIRST20,First ride discount,percentage,20,10.3,2024-09-06,2024-10-05
CPN0004321,RID0028531,WELCOME50,New user welcome offer,flat,50,16.11,2026-04-28,2026-05-24
CPN0004322,RID0028533,WEEKEND15,Weekend ride offer,percentage,15,26.4,2026-04-26,2026-05-18
CPN0004323,RID0028535,LOYAL30,Loyalty reward,flat,30,30.0,2024-11-27,2024-12-21
CPN0004324,RID0028537,LOYAL30,Loyalty reward,flat,30,24.6,2026-03-17,2026-04-20
CPN0004325,RID0028539,WELCOME50,New user welcome offer,flat,50,22.26,2025-10-24,2025-11-27
CPN0004326,RID0028544,RAINY10,Monsoon special,percentage,10,6.73,2025-12-01,2026-01-01
CPN0004327,RID0028546,FIRST20,First ride discount,percentage,20,8.76,2024-05-22,2024-06-18
CPN0004328,RID0028565,LOYAL30,Loyalty reward,flat,30,30.0,2025-12-05,2026-01-11
CPN0004329,RID0028573,RAINY10,Monsoon special,percentage,10,6.62,2024-07-18,2024-08-13
CPN0004330,RID0028579,LOYAL30,Loyalty reward,flat,30,30.0,2025-03-25,2025-04-18
CPN0004331,RID0028591,FEST100,Festive season offer,flat,100,23.97,2025-08-22,2025-09-11
CPN0004332,RID0028594,LOYAL30,Loyalty reward,flat,30,30.0,2025-06-09,2025-07-05
CPN0004333,RID0028599,LOYAL30,Loyalty reward,flat,30,30.0,2025-06-04,2025-07-04
CPN0004334,RID0028600,WELCOME50,New user welcome offer,flat,50,50.0,2025-07-12,2025-08-12
CPN0004335,RID0028604,RAINY10,Monsoon special,percentage,10,3.5,2024-08-10,2024-08-29
CPN0004336,RID0028611,WEEKEND15,Weekend ride offer,percentage,15,6.09,2026-01-21,2026-02-17
CPN0004337,RID0028619,RAINY10,Monsoon special,percentage,10,24.72,2025-04-19,2025-05-09
CPN0004338,RID0028623,FEST100,Festive season offer,flat,100,66.85,2024-07-18,2024-08-13
CPN0004339,RID0028625,FEST100,Festive season offer,flat,100,24.43,2025-02-17,2025-03-28
CPN0004340,RID0028641,RAINY10,Monsoon special,percentage,10,10.17,2024-07-14,2024-08-03
CPN0004341,RID0028650,WEEKEND15,Weekend ride offer,percentage,15,10.48,2024-07-29,2024-08-22
CPN0004342,RID0028659,FEST100,Festive season offer,flat,100,72.18,2024-06-18,2024-07-11
CPN0004343,RID0028665,LOYAL30,Loyalty reward,flat,30,30.0,2026-05-27,2026-06-15
CPN0004344,RID0028671,FIRST20,First ride discount,percentage,20,19.28,2024-07-21,2024-08-17
CPN0004345,RID0028673,LOYAL30,Loyalty reward,flat,30,30.0,2025-12-06,2026-01-10
CPN0004346,RID0028682,RAINY10,Monsoon special,percentage,10,5.26,2024-07-05,2024-08-10
CPN0004347,RID0028688,WEEKEND15,Weekend ride offer,percentage,15,12.22,2024-01-14,2024-02-03
CPN0004348,RID0028692,WELCOME50,New user welcome offer,flat,50,50.0,2024-02-28,2024-03-28
CPN0004349,RID0028706,FEST100,Festive season offer,flat,100,30.6,2025-07-09,2025-08-10
CPN0004350,RID0028716,WELCOME50,New user welcome offer,flat,50,50.0,2026-01-27,2026-02-11
CPN0004351,RID0028724,WELCOME50,New user welcome offer,flat,50,50.0,2026-02-03,2026-02-25
CPN0004352,RID0028728,FEST100,Festive season offer,flat,100,51.48,2025-09-07,2025-10-01
CPN0004353,RID0028729,RAINY10,Monsoon special,percentage,10,5.45,2025-10-18,2025-11-08
CPN0004354,RID0028731,WELCOME50,New user welcome offer,flat,50,50.0,2024-11-07,2024-12-02
CPN0004355,RID0028734,RAINY10,Monsoon special,percentage,10,9.36,2026-07-03,2026-07-28
CPN0004356,RID0028735,WELCOME50,New user welcome offer,flat,50,22.23,2025-07-20,2025-07-31
CPN0004357,RID0028741,LOYAL30,Loyalty reward,flat,30,30.0,2024-05-26,2024-06-06
CPN0004358,RID0028744,WELCOME50,New user welcome offer,flat,50,50.0,2026-03-04,2026-03-23
CPN0004359,RID0028745,RAINY10,Monsoon special,percentage,10,7.62,2026-02-05,2026-03-03
CPN0004360,RID0028768,FEST100,Festive season offer,flat,100,24.39,2024-11-24,2024-12-22
CPN0004361,RID0028771,RAINY10,Monsoon special,percentage,10,6.91,2025-10-03,2025-10-27
CPN0004362,RID0028773,WELCOME50,New user welcome offer,flat,50,31.06,2025-03-21,2025-04-22
CPN0004363,RID0028775,RAINY10,Monsoon special,percentage,10,12.5,2025-11-19,2025-12-09
CPN0004364,RID0028797,FIRST20,First ride discount,percentage,20,8.01,2026-02-03,2026-02-24
CPN0004365,RID0028804,WELCOME50,New user welcome offer,flat,50,21.17,2025-08-18,2025-09-07
CPN0004366,RID0028815,RAINY10,Monsoon special,percentage,10,31.28,2024-01-19,2024-02-09
CPN0004367,RID0028821,RAINY10,Monsoon special,percentage,10,8.28,2025-04-10,2025-05-04
CPN0004368,RID0028837,FEST100,Festive season offer,flat,100,70.49,2025-07-05,2025-08-06
CPN0004369,RID0028839,LOYAL30,Loyalty reward,flat,30,30.0,2024-08-30,2024-09-24
CPN0004370,RID0028841,RAINY10,Monsoon special,percentage,10,9.74,2025-02-01,2025-02-22
CPN0004371,RID0028844,RAINY10,Monsoon special,percentage,10,7.4,2024-02-03,2024-03-02
CPN0004372,RID0028869,LOYAL30,Loyalty reward,flat,30,30.0,2025-03-13,2025-04-08
CPN0004373,RID0028871,LOYAL30,Loyalty reward,flat,30,28.74,2024-02-19,2024-03-25
CPN0004374,RID0028881,RAINY10,Monsoon special,percentage,10,12.44,2024-12-30,2025-01-16
CPN0004375,RID0028884,FEST100,Festive season offer,flat,100,19.11,2026-05-28,2026-06-21
CPN0004376,RID0028885,WEEKEND15,Weekend ride offer,percentage,15,8.93,2023-12-23,2024-01-13
CPN0004377,RID0028889,FIRST20,First ride discount,percentage,20,3.96,2025-08-06,2025-09-10
CPN0004378,RID0028890,WELCOME50,New user welcome offer,flat,50,50.0,2025-06-04,2025-06-24
CPN0004379,RID0028894,LOYAL30,Loyalty reward,flat,30,30.0,2024-07-20,2024-08-07
CPN0004380,RID0028904,RAINY10,Monsoon special,percentage,10,5.98,2025-02-11,2025-03-05
CPN0004381,RID0028910,WELCOME50,New user welcome offer,flat,50,50.0,2026-01-09,2026-02-04
CPN0004382,RID0028924,FEST100,Festive season offer,flat,100,34.14,2024-08-04,2024-09-04
CPN0004383,RID0028934,FEST100,Festive season offer,flat,100,41.93,2024-11-07,2024-11-29
CPN0004384,RID0028948,RAINY10,Monsoon special,percentage,10,7.44,2024-06-15,2024-07-25
CPN0004385,RID0028949,WELCOME50,New user welcome offer,flat,50,50.0,2025-03-05,2025-04-02
CPN0004386,RID0028955,FIRST20,First ride discount,percentage,20,55.01,2024-08-28,2024-09-17
CPN0004387,RID0028959,LOYAL30,Loyalty reward,flat,30,30.0,2025-04-10,2025-04-28
CPN0004388,RID0028972,FIRST20,First ride discount,percentage,20,32.96,2026-01-01,2026-01-29
CPN0004389,RID0028986,RAINY10,Monsoon special,percentage,10,4.99,2024-11-13,2024-12-14
CPN0004390,RID0028993,WEEKEND15,Weekend ride offer,percentage,15,12.91,2024-07-04,2024-08-02
CPN0004391,RID0028997,FIRST20,First ride discount,percentage,20,35.36,2026-06-08,2026-06-22
CPN0004392,RID0028999,FIRST20,First ride discount,percentage,20,10.26,2024-05-20,2024-06-15
CPN0004393,RID0029000,RAINY10,Monsoon special,percentage,10,13.43,2024-04-29,2024-05-26
CPN0004394,RID0029012,LOYAL30,Loyalty reward,flat,30,30.0,2025-11-30,2025-12-21
CPN0004395,RID0029021,FIRST20,First ride discount,percentage,20,17.52,2026-03-29,2026-05-03
CPN0004396,RID0029022,WEEKEND15,Weekend ride offer,percentage,15,15.75,2024-03-28,2024-04-21
CPN0004397,RID0029024,WELCOME50,New user welcome offer,flat,50,41.94,2026-05-06,2026-05-19
CPN0004398,RID0029026,WEEKEND15,Weekend ride offer,percentage,15,7.21,2024-10-10,2024-10-25
CPN0004399,RID0029030,WEEKEND15,Weekend ride offer,percentage,15,7.16,2025-02-07,2025-02-26
CPN0004400,RID0029034,LOYAL30,Loyalty reward,flat,30,30.0,2024-05-31,2024-06-22
CPN0004401,RID0029044,RAINY10,Monsoon special,percentage,10,7.88,2025-09-17,2025-10-05
CPN0004402,RID0029052,FEST100,Festive season offer,flat,100,69.24,2025-06-20,2025-07-11
CPN0004403,RID0029053,RAINY10,Monsoon special,percentage,10,7.73,2024-05-12,2024-06-18
CPN0004404,RID0029055,LOYAL30,Loyalty reward,flat,30,30.0,2024-09-21,2024-10-18
CPN0004405,RID0029070,LOYAL30,Loyalty reward,flat,30,30.0,2026-07-06,2026-07-23
CPN0004406,RID0029073,LOYAL30,Loyalty reward,flat,30,30.0,2024-01-04,2024-02-03
CPN0004407,RID0029078,WEEKEND15,Weekend ride offer,percentage,15,29.16,2025-06-10,2025-06-25
CPN0004408,RID0029080,FEST100,Festive season offer,flat,100,100.0,2024-05-08,2024-06-06
CPN0004409,RID0029084,FIRST20,First ride discount,percentage,20,13.0,2025-08-23,2025-09-12
CPN0004410,RID0029090,FEST100,Festive season offer,flat,100,31.2,2025-07-18,2025-07-31
CPN0004411,RID0029095,FEST100,Festive season offer,flat,100,23.09,2025-04-09,2025-05-06
CPN0004412,RID0029099,LOYAL30,Loyalty reward,flat,30,19.15,2025-07-20,2025-08-02
CPN0004413,RID0029101,WELCOME50,New user welcome offer,flat,50,20.25,2024-03-30,2024-04-11
CPN0004414,RID0029104,WEEKEND15,Weekend ride offer,percentage,15,5.51,2025-08-29,2025-09-23
CPN0004415,RID0029108,FEST100,Festive season offer,flat,100,31.29,2024-02-16,2024-03-18
CPN0004416,RID0029121,WEEKEND15,Weekend ride offer,percentage,15,15.93,2025-04-30,2025-05-23
CPN0004417,RID0029122,RAINY10,Monsoon special,percentage,10,14.45,2024-11-11,2024-11-25
CPN0004418,RID0029125,LOYAL30,Loyalty reward,flat,30,21.42,2026-06-24,2026-07-27
CPN0004419,RID0029141,LOYAL30,Loyalty reward,flat,30,30.0,2025-02-02,2025-03-04
CPN0004420,RID0029143,WEEKEND15,Weekend ride offer,percentage,15,7.97,2024-11-14,2024-12-07
CPN0004421,RID0029144,RAINY10,Monsoon special,percentage,10,2.44,2025-01-04,2025-01-25
CPN0004422,RID0029146,RAINY10,Monsoon special,percentage,10,10.77,2024-02-28,2024-04-04
CPN0004423,RID0029149,WELCOME50,New user welcome offer,flat,50,50.0,2024-02-08,2024-03-11
CPN0004424,RID0029151,LOYAL30,Loyalty reward,flat,30,30.0,2026-03-07,2026-03-23
CPN0004425,RID0029157,WELCOME50,New user welcome offer,flat,50,46.5,2025-10-14,2025-11-09
CPN0004426,RID0029160,WEEKEND15,Weekend ride offer,percentage,15,13.43,2024-09-06,2024-09-20
CPN0004427,RID0029171,WELCOME50,New user welcome offer,flat,50,50.0,2026-03-30,2026-04-29
CPN0004428,RID0029190,FIRST20,First ride discount,percentage,20,27.05,2025-12-05,2025-12-22
CPN0004429,RID0029194,FIRST20,First ride discount,percentage,20,16.88,2023-12-23,2024-01-18
CPN0004430,RID0029203,WEEKEND15,Weekend ride offer,percentage,15,14.84,2025-04-10,2025-04-30
CPN0004431,RID0029204,RAINY10,Monsoon special,percentage,10,7.53,2025-10-28,2025-11-18
CPN0004432,RID0029206,WELCOME50,New user welcome offer,flat,50,50.0,2025-06-08,2025-06-30
CPN0004433,RID0029216,WELCOME50,New user welcome offer,flat,50,24.96,2024-04-26,2024-05-15
CPN0004434,RID0029219,FIRST20,First ride discount,percentage,20,13.35,2025-10-12,2025-11-18
CPN0004435,RID0029220,WELCOME50,New user welcome offer,flat,50,50.0,2025-11-06,2025-11-30
CPN0004436,RID0029221,RAINY10,Monsoon special,percentage,10,3.93,2025-11-03,2025-11-30
CPN0004437,RID0029222,LOYAL30,Loyalty reward,flat,30,30.0,2024-12-30,2025-01-15
CPN0004438,RID0029223,FEST100,Festive season offer,flat,100,43.95,2026-02-24,2026-03-17
CPN0004439,RID0029228,WEEKEND15,Weekend ride offer,percentage,15,11.72,2024-01-18,2024-02-13
CPN0004440,RID0029231,WEEKEND15,Weekend ride offer,percentage,15,11.89,2024-02-18,2024-03-18
CPN0004441,RID0029233,RAINY10,Monsoon special,percentage,10,4.14,2025-04-22,2025-05-30
CPN0004442,RID0029237,FIRST20,First ride discount,percentage,20,9.25,2024-02-08,2024-03-08
CPN0004443,RID0029243,WEEKEND15,Weekend ride offer,percentage,15,3.57,2024-05-07,2024-05-26
CPN0004444,RID0029252,RAINY10,Monsoon special,percentage,10,9.89,2026-01-26,2026-02-26
CPN0004445,RID0029253,FIRST20,First ride discount,percentage,20,14.28,2023-12-29,2024-01-19
CPN0004446,RID0029260,FEST100,Festive season offer,flat,100,13.8,2024-02-28,2024-03-23
CPN0004447,RID0029272,LOYAL30,Loyalty reward,flat,30,22.23,2025-11-20,2025-12-14
CPN0004448,RID0029276,FIRST20,First ride discount,percentage,20,32.7,2025-11-13,2025-12-02
CPN0004449,RID0029287,LOYAL30,Loyalty reward,flat,30,30.0,2025-06-25,2025-07-26
CPN0004450,RID0029289,FIRST20,First ride discount,percentage,20,18.14,2026-05-21,2026-06-25
CPN0004451,RID0029315,WELCOME50,New user welcome offer,flat,50,50.0,2026-06-17,2026-07-19
CPN0004452,RID0029323,FIRST20,First ride discount,percentage,20,11.14,2025-08-22,2025-09-08
CPN0004453,RID0029331,RAINY10,Monsoon special,percentage,10,9.32,2024-10-03,2024-10-23
CPN0004454,RID0029335,FEST100,Festive season offer,flat,100,26.69,2026-05-07,2026-05-27
CPN0004455,RID0029340,RAINY10,Monsoon special,percentage,10,5.63,2025-03-11,2025-04-15
CPN0004456,RID0029349,WEEKEND15,Weekend ride offer,percentage,15,6.76,2025-06-28,2025-07-09
CPN0004457,RID0029372,LOYAL30,Loyalty reward,flat,30,30.0,2025-08-01,2025-09-03
CPN0004458,RID0029374,FIRST20,First ride discount,percentage,20,7.46,2026-05-02,2026-05-23
CPN0004459,RID0029383,LOYAL30,Loyalty reward,flat,30,30.0,2025-04-27,2025-05-21
CPN0004460,RID0029385,LOYAL30,Loyalty reward,flat,30,30.0,2025-07-04,2025-08-08
CPN0004461,RID0029394,LOYAL30,Loyalty reward,flat,30,30.0,2025-12-26,2026-01-24
CPN0004462,RID0029397,RAINY10,Monsoon special,percentage,10,8.38,2026-01-19,2026-01-31
CPN0004463,RID0029399,WEEKEND15,Weekend ride offer,percentage,15,5.07,2024-03-27,2024-04-23
CPN0004464,RID0029403,LOYAL30,Loyalty reward,flat,30,30.0,2026-04-08,2026-04-27
CPN0004465,RID0029404,LOYAL30,Loyalty reward,flat,30,28.23,2024-12-18,2025-01-22
CPN0004466,RID0029410,WELCOME50,New user welcome offer,flat,50,32.46,2024-07-15,2024-08-04
CPN0004467,RID0029416,FIRST20,First ride discount,percentage,20,5.41,2024-06-08,2024-06-24
CPN0004468,RID0029419,FIRST20,First ride discount,percentage,20,45.84,2024-03-16,2024-04-21
CPN0004469,RID0029429,FEST100,Festive season offer,flat,100,85.2,2026-04-28,2026-05-20
CPN0004470,RID0029431,LOYAL30,Loyalty reward,flat,30,30.0,2024-09-14,2024-10-10
CPN0004471,RID0029435,WELCOME50,New user welcome offer,flat,50,50.0,2025-06-14,2025-07-08
CPN0004472,RID0029442,WEEKEND15,Weekend ride offer,percentage,15,8.08,2026-05-15,2026-06-20
CPN0004473,RID0029443,LOYAL30,Loyalty reward,flat,30,17.02,2024-07-14,2024-08-11
CPN0004474,RID0029445,WELCOME50,New user welcome offer,flat,50,50.0,2024-09-12,2024-10-13
CPN0004475,RID0029460,LOYAL30,Loyalty reward,flat,30,30.0,2026-02-28,2026-03-20
CPN0004476,RID0029461,WEEKEND15,Weekend ride offer,percentage,15,40.37,2025-12-23,2026-01-05
CPN0004477,RID0029469,WEEKEND15,Weekend ride offer,percentage,15,22.66,2025-07-07,2025-08-05
CPN0004478,RID0029475,FEST100,Festive season offer,flat,100,15.01,2026-06-16,2026-07-07
CPN0004479,RID0029476,WEEKEND15,Weekend ride offer,percentage,15,44.93,2026-03-22,2026-04-23
CPN0004480,RID0029482,FIRST20,First ride discount,percentage,20,9.0,2025-02-11,2025-03-08
CPN0004481,RID0029484,WEEKEND15,Weekend ride offer,percentage,15,18.87,2024-04-04,2024-04-29
CPN0004482,RID0029500,FEST100,Festive season offer,flat,100,84.51,2024-03-04,2024-03-22
CPN0004483,RID0029507,WEEKEND15,Weekend ride offer,percentage,15,22.95,2025-11-11,2025-11-23
CPN0004484,RID0029509,FIRST20,First ride discount,percentage,20,21.77,2025-02-08,2025-03-11
CPN0004485,RID0029512,LOYAL30,Loyalty reward,flat,30,24.3,2025-02-25,2025-03-25
CPN0004486,RID0029514,RAINY10,Monsoon special,percentage,10,3.73,2026-01-16,2026-02-05
CPN0004487,RID0029515,FIRST20,First ride discount,percentage,20,23.46,2024-05-07,2024-06-07
CPN0004488,RID0029518,LOYAL30,Loyalty reward,flat,30,29.23,2025-12-26,2026-01-16
CPN0004489,RID0029520,WEEKEND15,Weekend ride offer,percentage,15,9.99,2025-06-06,2025-06-26
CPN0004490,RID0029522,WEEKEND15,Weekend ride offer,percentage,15,13.16,2024-02-14,2024-03-05
CPN0004491,RID0029523,LOYAL30,Loyalty reward,flat,30,30.0,2026-01-24,2026-02-25
CPN0004492,RID0029539,LOYAL30,Loyalty reward,flat,30,30.0,2024-07-26,2024-08-20
CPN0004493,RID0029548,WEEKEND15,Weekend ride offer,percentage,15,8.01,2025-02-10,2025-03-13
CPN0004494,RID0029549,WELCOME50,New user welcome offer,flat,50,39.96,2024-05-11,2024-06-07
CPN0004495,RID0029578,WEEKEND15,Weekend ride offer,percentage,15,27.21,2024-04-06,2024-05-03
CPN0004496,RID0029594,FEST100,Festive season offer,flat,100,27.66,2026-05-19,2026-06-17
CPN0004497,RID0029600,FIRST20,First ride discount,percentage,20,13.65,2024-11-05,2024-11-25
CPN0004498,RID0029606,RAINY10,Monsoon special,percentage,10,6.65,2025-10-24,2025-11-30
CPN0004499,RID0029610,WEEKEND15,Weekend ride offer,percentage,15,6.33,2024-07-06,2024-07-26
CPN0004500,RID0029620,RAINY10,Monsoon special,percentage,10,5.69,2024-05-11,2024-06-03
CPN0004501,RID0029624,WEEKEND15,Weekend ride offer,percentage,15,29.96,2025-06-12,2025-07-16
CPN0004502,RID0029627,LOYAL30,Loyalty reward,flat,30,30.0,2024-12-05,2025-01-08
CPN0004503,RID0029633,FIRST20,First ride discount,percentage,20,5.75,2025-12-11,2026-01-09
CPN0004504,RID0029634,WELCOME50,New user welcome offer,flat,50,47.59,2026-03-11,2026-04-11
CPN0004505,RID0029637,WELCOME50,New user welcome offer,flat,50,50.0,2025-04-28,2025-05-15
CPN0004506,RID0029667,FEST100,Festive season offer,flat,100,30.84,2026-02-02,2026-02-26
CPN0004507,RID0029685,WELCOME50,New user welcome offer,flat,50,50.0,2025-11-08,2025-12-14
CPN0004508,RID0029687,FEST100,Festive season offer,flat,100,39.78,2026-05-05,2026-06-03
CPN0004509,RID0029688,FIRST20,First ride discount,percentage,20,8.72,2024-11-25,2024-12-16
CPN0004510,RID0029691,FEST100,Festive season offer,flat,100,47.91,2026-05-08,2026-06-11
CPN0004511,RID0029693,WELCOME50,New user welcome offer,flat,50,45.86,2026-03-02,2026-04-09
CPN0004512,RID0029696,WELCOME50,New user welcome offer,flat,50,34.38,2025-01-09,2025-02-13
CPN0004513,RID0029698,WELCOME50,New user welcome offer,flat,50,50.0,2024-07-28,2024-08-11
CPN0004514,RID0029703,WELCOME50,New user welcome offer,flat,50,50.0,2026-06-25,2026-07-15
CPN0004515,RID0029713,RAINY10,Monsoon special,percentage,10,9.08,2025-12-31,2026-01-22
CPN0004516,RID0029738,FIRST20,First ride discount,percentage,20,35.46,2024-07-02,2024-08-04
CPN0004517,RID0029750,WELCOME50,New user welcome offer,flat,50,50.0,2024-11-22,2024-12-17
CPN0004518,RID0029778,WEEKEND15,Weekend ride offer,percentage,15,21.56,2026-04-01,2026-05-07
CPN0004519,RID0029784,WEEKEND15,Weekend ride offer,percentage,15,29.46,2025-06-19,2025-07-13
CPN0004520,RID0029786,RAINY10,Monsoon special,percentage,10,6.19,2025-07-08,2025-08-02
CPN0004521,RID0029789,WELCOME50,New user welcome offer,flat,50,50.0,2025-12-09,2026-01-08
CPN0004522,RID0029807,FIRST20,First ride discount,percentage,20,5.44,2026-02-09,2026-03-14
CPN0004523,RID0029823,FEST100,Festive season offer,flat,100,43.92,2025-01-24,2025-02-19
CPN0004524,RID0029848,LOYAL30,Loyalty reward,flat,30,30.0,2025-04-17,2025-05-08
CPN0004525,RID0029850,RAINY10,Monsoon special,percentage,10,5.3,2024-07-15,2024-08-18
CPN0004526,RID0029854,FIRST20,First ride discount,percentage,20,20.56,2025-08-16,2025-09-01
CPN0004527,RID0029865,FIRST20,First ride discount,percentage,20,41.72,2025-09-02,2025-09-29
CPN0004528,RID0029869,FEST100,Festive season offer,flat,100,20.28,2025-10-20,2025-11-18
CPN0004529,RID0029870,FEST100,Festive season offer,flat,100,39.31,2025-01-11,2025-02-07
CPN0004530,RID0029872,WEEKEND15,Weekend ride offer,percentage,15,30.53,2024-02-11,2024-03-07
CPN0004531,RID0029888,WEEKEND15,Weekend ride offer,percentage,15,15.5,2025-06-26,2025-07-29
CPN0004532,RID0029893,FIRST20,First ride discount,percentage,20,15.49,2025-09-15,2025-10-08
CPN0004533,RID0029895,FIRST20,First ride discount,percentage,20,16.07,2024-09-16,2024-10-14
CPN0004534,RID0029902,LOYAL30,Loyalty reward,flat,30,30.0,2026-01-18,2026-02-13
CPN0004535,RID0029907,RAINY10,Monsoon special,percentage,10,5.01,2024-07-06,2024-07-29
CPN0004536,RID0029912,FIRST20,First ride discount,percentage,20,30.53,2026-01-20,2026-02-13
CPN0004537,RID0029919,LOYAL30,Loyalty reward,flat,30,30.0,2026-06-08,2026-07-04
CPN0004538,RID0029920,WELCOME50,New user welcome offer,flat,50,25.95,2024-11-13,2024-11-26
CPN0004539,RID0029923,LOYAL30,Loyalty reward,flat,30,30.0,2023-12-27,2024-01-31
CPN0004540,RID0029937,RAINY10,Monsoon special,percentage,10,5.26,2025-05-20,2025-06-14
CPN0004541,RID0029945,RAINY10,Monsoon special,percentage,10,4.43,2024-12-17,2025-01-10
CPN0004542,RID0029955,LOYAL30,Loyalty reward,flat,30,13.86,2024-04-28,2024-05-30
CPN0004543,RID0029960,FEST100,Festive season offer,flat,100,18.75,2024-01-28,2024-02-11
CPN0004544,RID0029982,RAINY10,Monsoon special,percentage,10,14.28,2025-06-06,2025-06-28
CPN0004545,RID0029983,WEEKEND15,Weekend ride offer,percentage,15,8.66,2025-10-04,2025-11-03
CPN0004546,RID0029988,WELCOME50,New user welcome offer,flat,50,47.2,2024-01-19,2024-02-04
CPN0004547,RID0030011,WELCOME50,New user welcome offer,flat,50,44.82,2024-02-08,2024-02-25
CPN0004548,RID0030043,FIRST20,First ride discount,percentage,20,29.13,2026-04-27,2026-05-17
CPN0004549,RID0030045,LOYAL30,Loyalty reward,flat,30,30.0,2026-04-15,2026-05-08
CPN0004550,RID0030049,FIRST20,First ride discount,percentage,20,56.74,2024-10-19,2024-11-22
CPN0004551,RID0030051,FIRST20,First ride discount,percentage,20,7.69,2025-03-10,2025-04-07
CPN0004552,RID0030064,LOYAL30,Loyalty reward,flat,30,30.0,2024-06-16,2024-07-05
CPN0004553,RID0030066,RAINY10,Monsoon special,percentage,10,5.38,2026-04-04,2026-05-09
CPN0004554,RID0030068,WEEKEND15,Weekend ride offer,percentage,15,5.76,2025-11-05,2025-11-17
CPN0004555,RID0030074,LOYAL30,Loyalty reward,flat,30,14.79,2024-03-10,2024-04-07
CPN0004556,RID0030075,FEST100,Festive season offer,flat,100,91.44,2025-01-02,2025-01-27
CPN0004557,RID0030085,LOYAL30,Loyalty reward,flat,30,30.0,2026-06-23,2026-07-29
CPN0004558,RID0030096,FIRST20,First ride discount,percentage,20,53.76,2024-06-12,2024-07-17
CPN0004559,RID0030099,WELCOME50,New user welcome offer,flat,50,50.0,2026-03-02,2026-04-08
CPN0004560,RID0030100,WELCOME50,New user welcome offer,flat,50,19.32,2024-04-13,2024-05-07
CPN0004561,RID0030106,FEST100,Festive season offer,flat,100,61.6,2026-05-19,2026-06-16
CPN0004562,RID0030111,RAINY10,Monsoon special,percentage,10,7.2,2025-03-16,2025-04-18
CPN0004563,RID0030114,LOYAL30,Loyalty reward,flat,30,30.0,2024-06-19,2024-07-13
CPN0004564,RID0030121,WEEKEND15,Weekend ride offer,percentage,15,31.94,2025-07-07,2025-07-29
CPN0004565,RID0030122,FEST100,Festive season offer,flat,100,68.47,2026-03-07,2026-03-23
CPN0004566,RID0030128,FEST100,Festive season offer,flat,100,58.86,2024-11-16,2024-12-01
CPN0004567,RID0030130,WEEKEND15,Weekend ride offer,percentage,15,9.44,2024-02-29,2024-03-15
CPN0004568,RID0030132,FIRST20,First ride discount,percentage,20,14.44,2026-02-05,2026-03-10
CPN0004569,RID0030136,FIRST20,First ride discount,percentage,20,25.83,2024-05-26,2024-06-22
CPN0004570,RID0030137,RAINY10,Monsoon special,percentage,10,16.13,2024-05-29,2024-06-21
CPN0004571,RID0030139,RAINY10,Monsoon special,percentage,10,4.37,2026-03-27,2026-04-18
CPN0004572,RID0030151,WEEKEND15,Weekend ride offer,percentage,15,5.94,2026-01-11,2026-02-17
CPN0004573,RID0030153,FIRST20,First ride discount,percentage,20,27.82,2025-03-04,2025-03-30
CPN0004574,RID0030159,FIRST20,First ride discount,percentage,20,23.4,2024-10-06,2024-11-08
CPN0004575,RID0030187,LOYAL30,Loyalty reward,flat,30,22.87,2026-06-04,2026-07-08
CPN0004576,RID0030188,RAINY10,Monsoon special,percentage,10,20.48,2025-08-21,2025-09-13
CPN0004577,RID0030192,LOYAL30,Loyalty reward,flat,30,26.61,2025-10-13,2025-11-07
CPN0004578,RID0030193,LOYAL30,Loyalty reward,flat,30,29.21,2025-10-23,2025-11-18
CPN0004579,RID0030196,WEEKEND15,Weekend ride offer,percentage,15,12.12,2024-01-29,2024-03-03
CPN0004580,RID0030210,FIRST20,First ride discount,percentage,20,31.45,2024-10-09,2024-11-05
CPN0004581,RID0030217,FEST100,Festive season offer,flat,100,89.64,2024-11-17,2024-12-17
CPN0004582,RID0030225,RAINY10,Monsoon special,percentage,10,6.38,2025-06-09,2025-07-08
CPN0004583,RID0030242,WELCOME50,New user welcome offer,flat,50,19.8,2025-07-01,2025-07-27
CPN0004584,RID0030244,FIRST20,First ride discount,percentage,20,14.5,2026-02-17,2026-03-26
CPN0004585,RID0030246,WELCOME50,New user welcome offer,flat,50,24.42,2025-01-30,2025-03-02
CPN0004586,RID0030270,RAINY10,Monsoon special,percentage,10,2.71,2025-06-30,2025-07-30
CPN0004587,RID0030272,LOYAL30,Loyalty reward,flat,30,23.76,2024-07-09,2024-08-07
CPN0004588,RID0030283,WELCOME50,New user welcome offer,flat,50,50.0,2025-11-17,2025-12-07
CPN0004589,RID0030290,WELCOME50,New user welcome offer,flat,50,35.94,2025-06-21,2025-07-10
CPN0004590,RID0030309,LOYAL30,Loyalty reward,flat,30,30.0,2025-10-21,2025-11-25
CPN0004591,RID0030318,WELCOME50,New user welcome offer,flat,50,15.33,2026-04-25,2026-05-09
CPN0004592,RID0030331,FEST100,Festive season offer,flat,100,36.9,2026-01-10,2026-02-09
CPN0004593,RID0030333,FEST100,Festive season offer,flat,100,47.32,2025-10-30,2025-11-26
CPN0004594,RID0030339,LOYAL30,Loyalty reward,flat,30,30.0,2025-01-26,2025-02-24
CPN0004595,RID0030347,WEEKEND15,Weekend ride offer,percentage,15,7.47,2024-06-24,2024-07-12
CPN0004596,RID0030352,FEST100,Festive season offer,flat,100,40.08,2024-04-27,2024-05-12
CPN0004597,RID0030368,FEST100,Festive season offer,flat,100,80.35,2024-12-29,2025-01-26
CPN0004598,RID0030372,LOYAL30,Loyalty reward,flat,30,30.0,2024-05-24,2024-06-27
CPN0004599,RID0030388,FIRST20,First ride discount,percentage,20,14.52,2026-07-05,2026-07-25
CPN0004600,RID0030391,FEST100,Festive season offer,flat,100,89.38,2025-08-17,2025-09-06
CPN0004601,RID0030401,WELCOME50,New user welcome offer,flat,50,35.92,2024-04-01,2024-05-02
CPN0004602,RID0030402,RAINY10,Monsoon special,percentage,10,24.32,2025-07-31,2025-08-30
CPN0004603,RID0030405,WEEKEND15,Weekend ride offer,percentage,15,8.32,2025-07-09,2025-08-09
CPN0004604,RID0030408,RAINY10,Monsoon special,percentage,10,7.43,2025-02-02,2025-02-24
CPN0004605,RID0030409,FEST100,Festive season offer,flat,100,28.95,2026-02-14,2026-03-25
CPN0004606,RID0030423,FIRST20,First ride discount,percentage,20,9.0,2026-05-09,2026-06-02
CPN0004607,RID0030432,WELCOME50,New user welcome offer,flat,50,24.67,2024-02-06,2024-02-18
CPN0004608,RID0030439,LOYAL30,Loyalty reward,flat,30,30.0,2025-12-12,2026-01-01
CPN0004609,RID0030443,RAINY10,Monsoon special,percentage,10,4.17,2025-01-24,2025-03-03
CPN0004610,RID0030445,FIRST20,First ride discount,percentage,20,13.87,2025-05-23,2025-06-24
CPN0004611,RID0030446,LOYAL30,Loyalty reward,flat,30,17.39,2026-04-05,2026-04-21
CPN0004612,RID0030473,FIRST20,First ride discount,percentage,20,25.9,2025-07-30,2025-08-19
CPN0004613,RID0030474,RAINY10,Monsoon special,percentage,10,10.63,2024-08-17,2024-09-03
CPN0004614,RID0030479,WEEKEND15,Weekend ride offer,percentage,15,9.05,2025-02-20,2025-03-16
CPN0004615,RID0030488,LOYAL30,Loyalty reward,flat,30,30.0,2025-09-19,2025-10-20
CPN0004616,RID0030498,WELCOME50,New user welcome offer,flat,50,21.79,2025-11-06,2025-12-03
CPN0004617,RID0030506,WEEKEND15,Weekend ride offer,percentage,15,7.75,2025-01-23,2025-03-04
CPN0004618,RID0030511,LOYAL30,Loyalty reward,flat,30,19.05,2025-11-08,2025-12-04
CPN0004619,RID0030516,RAINY10,Monsoon special,percentage,10,13.51,2024-09-30,2024-10-15
CPN0004620,RID0030521,LOYAL30,Loyalty reward,flat,30,18.57,2025-08-01,2025-08-30
CPN0004621,RID0030526,LOYAL30,Loyalty reward,flat,30,20.1,2025-06-22,2025-07-12
CPN0004622,RID0030528,RAINY10,Monsoon special,percentage,10,7.58,2026-01-06,2026-01-28
CPN0004623,RID0030529,FIRST20,First ride discount,percentage,20,17.04,2023-12-23,2024-01-20
CPN0004624,RID0030530,WELCOME50,New user welcome offer,flat,50,50.0,2024-08-05,2024-08-17
CPN0004625,RID0030534,LOYAL30,Loyalty reward,flat,30,30.0,2025-12-08,2026-01-09
CPN0004626,RID0030535,WEEKEND15,Weekend ride offer,percentage,15,8.14,2024-07-22,2024-08-22
CPN0004627,RID0030548,FIRST20,First ride discount,percentage,20,47.88,2024-11-10,2024-12-07
CPN0004628,RID0030557,RAINY10,Monsoon special,percentage,10,8.33,2025-11-15,2025-12-09
CPN0004629,RID0030564,LOYAL30,Loyalty reward,flat,30,30.0,2025-05-30,2025-06-26
CPN0004630,RID0030580,WEEKEND15,Weekend ride offer,percentage,15,8.98,2026-01-23,2026-02-24
CPN0004631,RID0030584,RAINY10,Monsoon special,percentage,10,6.47,2024-10-23,2024-11-27
CPN0004632,RID0030589,FEST100,Festive season offer,flat,100,83.28,2025-11-01,2025-11-23
CPN0004633,RID0030595,LOYAL30,Loyalty reward,flat,30,23.83,2024-02-05,2024-02-22
CPN0004634,RID0030600,FEST100,Festive season offer,flat,100,18.9,2024-01-19,2024-02-24
CPN0004635,RID0030608,FEST100,Festive season offer,flat,100,64.92,2025-09-08,2025-10-09
CPN0004636,RID0030615,WEEKEND15,Weekend ride offer,percentage,15,39.7,2024-09-15,2024-10-11
CPN0004637,RID0030620,FIRST20,First ride discount,percentage,20,6.31,2024-11-11,2024-12-07
CPN0004638,RID0030622,LOYAL30,Loyalty reward,flat,30,23.1,2025-10-28,2025-11-21
CPN0004639,RID0030626,FIRST20,First ride discount,percentage,20,22.25,2024-12-17,2025-01-18
CPN0004640,RID0030636,WELCOME50,New user welcome offer,flat,50,50.0,2024-11-09,2024-12-08
CPN0004641,RID0030640,LOYAL30,Loyalty reward,flat,30,20.28,2025-12-28,2026-01-22
CPN0004642,RID0030641,RAINY10,Monsoon special,percentage,10,6.41,2024-06-06,2024-06-30
CPN0004643,RID0030643,WELCOME50,New user welcome offer,flat,50,36.51,2026-06-28,2026-07-20
CPN0004644,RID0030647,RAINY10,Monsoon special,percentage,10,8.71,2026-06-27,2026-07-15
CPN0004645,RID0030648,LOYAL30,Loyalty reward,flat,30,19.5,2024-11-05,2024-12-08
CPN0004646,RID0030650,RAINY10,Monsoon special,percentage,10,5.63,2024-02-10,2024-02-23
CPN0004647,RID0030661,WEEKEND15,Weekend ride offer,percentage,15,8.0,2025-10-06,2025-11-09
CPN0004648,RID0030667,RAINY10,Monsoon special,percentage,10,26.39,2025-06-27,2025-07-22
CPN0004649,RID0030671,FEST100,Festive season offer,flat,100,82.1,2025-12-04,2025-12-29
CPN0004650,RID0030675,LOYAL30,Loyalty reward,flat,30,30.0,2025-12-30,2026-01-16
CPN0004651,RID0030677,FIRST20,First ride discount,percentage,20,16.03,2026-01-19,2026-02-13
CPN0004652,RID0030681,LOYAL30,Loyalty reward,flat,30,30.0,2025-11-06,2025-12-12
CPN0004653,RID0030682,RAINY10,Monsoon special,percentage,10,17.82,2024-03-24,2024-04-24
CPN0004654,RID0030710,RAINY10,Monsoon special,percentage,10,9.71,2026-03-19,2026-04-10
CPN0004655,RID0030718,RAINY10,Monsoon special,percentage,10,8.02,2024-09-22,2024-10-05
CPN0004656,RID0030719,WELCOME50,New user welcome offer,flat,50,30.48,2026-03-03,2026-04-01
CPN0004657,RID0030724,FEST100,Festive season offer,flat,100,54.15,2024-07-03,2024-07-27
CPN0004658,RID0030727,LOYAL30,Loyalty reward,flat,30,30.0,2025-10-07,2025-11-01
CPN0004659,RID0030745,WEEKEND15,Weekend ride offer,percentage,15,8.53,2024-04-22,2024-05-22
CPN0004660,RID0030748,FEST100,Festive season offer,flat,100,46.56,2026-04-17,2026-05-11
CPN0004661,RID0030753,RAINY10,Monsoon special,percentage,10,4.21,2025-09-13,2025-10-09
CPN0004662,RID0030754,WEEKEND15,Weekend ride offer,percentage,15,11.17,2024-07-21,2024-08-18
CPN0004663,RID0030758,FEST100,Festive season offer,flat,100,33.9,2026-02-07,2026-03-16
CPN0004664,RID0030765,LOYAL30,Loyalty reward,flat,30,30.0,2024-11-09,2024-12-12
CPN0004665,RID0030770,FIRST20,First ride discount,percentage,20,32.0,2025-08-21,2025-09-26
CPN0004666,RID0030773,FEST100,Festive season offer,flat,100,71.64,2025-07-24,2025-08-19
CPN0004667,RID0030778,FIRST20,First ride discount,percentage,20,13.79,2025-02-16,2025-03-06
CPN0004668,RID0030783,FEST100,Festive season offer,flat,100,34.48,2024-03-28,2024-04-11
CPN0004669,RID0030784,FEST100,Festive season offer,flat,100,32.23,2026-05-17,2026-06-06
CPN0004670,RID0030787,FEST100,Festive season offer,flat,100,63.58,2024-07-06,2024-08-02
CPN0004671,RID0030795,FEST100,Festive season offer,flat,100,26.07,2024-08-31,2024-10-07
CPN0004672,RID0030798,FEST100,Festive season offer,flat,100,18.9,2026-03-04,2026-03-23
CPN0004673,RID0030803,WEEKEND15,Weekend ride offer,percentage,15,12.52,2026-03-01,2026-03-30
CPN0004674,RID0030812,WELCOME50,New user welcome offer,flat,50,50.0,2025-12-16,2026-01-01
CPN0004675,RID0030813,WELCOME50,New user welcome offer,flat,50,50.0,2024-08-15,2024-08-30
CPN0004676,RID0030814,LOYAL30,Loyalty reward,flat,30,25.5,2024-07-20,2024-08-14
CPN0004677,RID0030815,WELCOME50,New user welcome offer,flat,50,49.87,2026-05-07,2026-06-12
CPN0004678,RID0030817,RAINY10,Monsoon special,percentage,10,12.5,2024-04-27,2024-05-25
CPN0004679,RID0030831,WELCOME50,New user welcome offer,flat,50,30.9,2024-10-06,2024-10-29
CPN0004680,RID0030844,LOYAL30,Loyalty reward,flat,30,22.54,2025-03-22,2025-04-24
CPN0004681,RID0030845,WEEKEND15,Weekend ride offer,percentage,15,12.4,2026-05-23,2026-06-20
CPN0004682,RID0030849,RAINY10,Monsoon special,percentage,10,17.56,2026-02-09,2026-03-05
CPN0004683,RID0030860,FEST100,Festive season offer,flat,100,100.0,2025-09-17,2025-10-06
CPN0004684,RID0030861,FEST100,Festive season offer,flat,100,57.56,2025-03-29,2025-04-28
CPN0004685,RID0030869,RAINY10,Monsoon special,percentage,10,16.4,2024-06-29,2024-08-01
CPN0004686,RID0030871,FEST100,Festive season offer,flat,100,29.7,2024-08-29,2024-10-01
CPN0004687,RID0030879,WEEKEND15,Weekend ride offer,percentage,15,7.11,2024-09-24,2024-10-15
CPN0004688,RID0030884,WEEKEND15,Weekend ride offer,percentage,15,10.69,2024-03-01,2024-03-18
CPN0004689,RID0030891,WEEKEND15,Weekend ride offer,percentage,15,16.0,2025-06-08,2025-07-08
CPN0004690,RID0030896,FEST100,Festive season offer,flat,100,44.76,2025-02-22,2025-03-28
CPN0004691,RID0030900,WEEKEND15,Weekend ride offer,percentage,15,13.34,2026-03-04,2026-03-22
CPN0004692,RID0030902,WEEKEND15,Weekend ride offer,percentage,15,27.68,2023-12-29,2024-01-16
CPN0004693,RID0030905,WEEKEND15,Weekend ride offer,percentage,15,4.46,2024-03-27,2024-05-02
CPN0004694,RID0030911,RAINY10,Monsoon special,percentage,10,7.45,2026-03-07,2026-03-27
CPN0004695,RID0030926,RAINY10,Monsoon special,percentage,10,11.93,2024-04-24,2024-05-27
CPN0004696,RID0030931,WELCOME50,New user welcome offer,flat,50,47.76,2025-12-19,2026-01-22
CPN0004697,RID0030940,FEST100,Festive season offer,flat,100,44.66,2024-03-03,2024-03-29
CPN0004698,RID0030941,RAINY10,Monsoon special,percentage,10,8.86,2024-12-20,2025-01-17
CPN0004699,RID0030946,RAINY10,Monsoon special,percentage,10,10.26,2024-12-23,2025-01-26
CPN0004700,RID0030948,LOYAL30,Loyalty reward,flat,30,30.0,2024-10-08,2024-11-04
CPN0004701,RID0030952,FEST100,Festive season offer,flat,100,34.03,2026-05-03,2026-05-26
CPN0004702,RID0030974,WEEKEND15,Weekend ride offer,percentage,15,19.35,2024-03-17,2024-04-17
CPN0004703,RID0030989,LOYAL30,Loyalty reward,flat,30,30.0,2024-11-06,2024-11-27
CPN0004704,RID0030990,RAINY10,Monsoon special,percentage,10,3.96,2026-04-08,2026-04-25
CPN0004705,RID0030995,RAINY10,Monsoon special,percentage,10,10.48,2025-02-27,2025-03-30
CPN0004706,RID0031002,LOYAL30,Loyalty reward,flat,30,30.0,2024-01-03,2024-01-27
CPN0004707,RID0031004,RAINY10,Monsoon special,percentage,10,11.86,2024-12-02,2024-12-18
CPN0004708,RID0031016,LOYAL30,Loyalty reward,flat,30,30.0,2024-10-03,2024-11-08
CPN0004709,RID0031021,FIRST20,First ride discount,percentage,20,26.58,2025-03-30,2025-04-18
CPN0004710,RID0031027,RAINY10,Monsoon special,percentage,10,3.47,2025-07-03,2025-08-02
CPN0004711,RID0031031,FIRST20,First ride discount,percentage,20,6.61,2025-11-17,2025-12-22
CPN0004712,RID0031037,FEST100,Festive season offer,flat,100,100.0,2026-03-23,2026-04-13
CPN0004713,RID0031038,WEEKEND15,Weekend ride offer,percentage,15,23.36,2026-02-11,2026-03-05
CPN0004714,RID0031039,FEST100,Festive season offer,flat,100,60.42,2024-07-29,2024-08-23
CPN0004715,RID0031042,WEEKEND15,Weekend ride offer,percentage,15,16.54,2025-08-03,2025-08-27
CPN0004716,RID0031055,LOYAL30,Loyalty reward,flat,30,15.72,2025-08-25,2025-09-10
CPN0004717,RID0031076,WEEKEND15,Weekend ride offer,percentage,15,28.35,2025-05-25,2025-06-26
CPN0004718,RID0031077,FIRST20,First ride discount,percentage,20,14.26,2024-07-02,2024-07-29
CPN0004719,RID0031081,RAINY10,Monsoon special,percentage,10,8.59,2024-12-21,2025-01-19
CPN0004720,RID0031082,WEEKEND15,Weekend ride offer,percentage,15,27.44,2025-11-09,2025-12-05
CPN0004721,RID0031093,FIRST20,First ride discount,percentage,20,25.78,2024-03-15,2024-04-14
CPN0004722,RID0031115,FIRST20,First ride discount,percentage,20,14.69,2025-12-08,2025-12-30
CPN0004723,RID0031118,FIRST20,First ride discount,percentage,20,9.38,2024-06-08,2024-07-03
CPN0004724,RID0031125,RAINY10,Monsoon special,percentage,10,9.68,2024-04-09,2024-04-28
CPN0004725,RID0031127,FEST100,Festive season offer,flat,100,48.84,2025-07-11,2025-07-23
CPN0004726,RID0031130,WEEKEND15,Weekend ride offer,percentage,15,4.79,2025-06-20,2025-07-01
CPN0004727,RID0031147,RAINY10,Monsoon special,percentage,10,16.74,2025-05-12,2025-05-28
CPN0004728,RID0031156,WEEKEND15,Weekend ride offer,percentage,15,16.18,2024-12-17,2025-01-04
CPN0004729,RID0031161,RAINY10,Monsoon special,percentage,10,28.52,2025-09-19,2025-10-14
CPN0004730,RID0031167,WELCOME50,New user welcome offer,flat,50,11.76,2025-10-15,2025-11-12
CPN0004731,RID0031174,FEST100,Festive season offer,flat,100,20.7,2024-08-17,2024-09-14
CPN0004732,RID0031176,WELCOME50,New user welcome offer,flat,50,50.0,2025-10-13,2025-11-17
CPN0004733,RID0031197,FEST100,Festive season offer,flat,100,43.38,2024-07-04,2024-07-23
CPN0004734,RID0031198,RAINY10,Monsoon special,percentage,10,9.46,2025-08-30,2025-09-14
CPN0004735,RID0031199,WEEKEND15,Weekend ride offer,percentage,15,6.93,2026-06-18,2026-07-12
CPN0004736,RID0031205,WEEKEND15,Weekend ride offer,percentage,15,19.23,2024-02-11,2024-02-27
CPN0004737,RID0031208,FEST100,Festive season offer,flat,100,24.15,2025-03-26,2025-04-28
CPN0004738,RID0031209,LOYAL30,Loyalty reward,flat,30,29.52,2024-12-29,2025-01-19
CPN0004739,RID0031214,WEEKEND15,Weekend ride offer,percentage,15,13.35,2025-01-07,2025-02-04
CPN0004740,RID0031215,FEST100,Festive season offer,flat,100,9.9,2025-04-05,2025-04-27
CPN0004741,RID0031232,RAINY10,Monsoon special,percentage,10,8.67,2024-02-06,2024-03-13
CPN0004742,RID0031234,WEEKEND15,Weekend ride offer,percentage,15,7.16,2025-10-25,2025-11-18
CPN0004743,RID0031235,WELCOME50,New user welcome offer,flat,50,23.76,2024-10-13,2024-11-05
CPN0004744,RID0031240,LOYAL30,Loyalty reward,flat,30,25.0,2025-12-28,2026-02-01
CPN0004745,RID0031256,RAINY10,Monsoon special,percentage,10,5.56,2025-05-21,2025-06-13
CPN0004746,RID0031259,FEST100,Festive season offer,flat,100,30.6,2025-10-07,2025-10-30
CPN0004747,RID0031266,WELCOME50,New user welcome offer,flat,50,32.22,2025-03-28,2025-04-30
CPN0004748,RID0031269,FEST100,Festive season offer,flat,100,90.79,2024-04-19,2024-05-15
CPN0004749,RID0031277,FEST100,Festive season offer,flat,100,100.0,2024-02-05,2024-03-07
CPN0004750,RID0031285,WELCOME50,New user welcome offer,flat,50,50.0,2024-11-08,2024-11-29
CPN0004751,RID0031290,FIRST20,First ride discount,percentage,20,7.63,2026-02-20,2026-03-11
CPN0004752,RID0031293,FEST100,Festive season offer,flat,100,26.16,2026-04-03,2026-04-25
CPN0004753,RID0031295,FEST100,Festive season offer,flat,100,33.43,2024-03-02,2024-03-29
CPN0004754,RID0031300,FIRST20,First ride discount,percentage,20,10.2,2024-06-08,2024-07-09
CPN0004755,RID0031301,LOYAL30,Loyalty reward,flat,30,30.0,2024-08-08,2024-08-31
CPN0004756,RID0031306,FEST100,Festive season offer,flat,100,49.14,2024-06-06,2024-06-16
CPN0004757,RID0031312,WEEKEND15,Weekend ride offer,percentage,15,15.88,2024-08-02,2024-08-26
CPN0004758,RID0031315,FIRST20,First ride discount,percentage,20,13.43,2025-11-01,2025-12-03
CPN0004759,RID0031332,FEST100,Festive season offer,flat,100,31.06,2026-01-28,2026-02-22
CPN0004760,RID0031347,RAINY10,Monsoon special,percentage,10,6.82,2025-01-02,2025-01-16
CPN0004761,RID0031348,FEST100,Festive season offer,flat,100,44.43,2026-02-11,2026-03-16
CPN0004762,RID0031349,FEST100,Festive season offer,flat,100,100.0,2025-11-18,2025-12-15
CPN0004763,RID0031358,WEEKEND15,Weekend ride offer,percentage,15,10.69,2024-05-07,2024-06-05
CPN0004764,RID0031362,WELCOME50,New user welcome offer,flat,50,37.65,2026-01-29,2026-02-22
CPN0004765,RID0031382,LOYAL30,Loyalty reward,flat,30,30.0,2024-10-15,2024-11-16
CPN0004766,RID0031388,FIRST20,First ride discount,percentage,20,25.67,2025-07-25,2025-08-15
CPN0004767,RID0031389,FIRST20,First ride discount,percentage,20,9.65,2024-08-28,2024-09-17
CPN0004768,RID0031390,FEST100,Festive season offer,flat,100,76.38,2024-04-18,2024-04-30
CPN0004769,RID0031395,RAINY10,Monsoon special,percentage,10,11.99,2024-09-18,2024-10-20
CPN0004770,RID0031409,WELCOME50,New user welcome offer,flat,50,46.69,2025-05-13,2025-06-07
CPN0004771,RID0031415,RAINY10,Monsoon special,percentage,10,23.83,2026-06-18,2026-07-13
CPN0004772,RID0031417,WELCOME50,New user welcome offer,flat,50,42.54,2025-10-05,2025-11-05
CPN0004773,RID0031421,WELCOME50,New user welcome offer,flat,50,25.7,2025-03-12,2025-04-14
CPN0004774,RID0031427,FIRST20,First ride discount,percentage,20,19.18,2024-01-09,2024-02-07
CPN0004775,RID0031430,LOYAL30,Loyalty reward,flat,30,25.38,2025-06-28,2025-07-31
CPN0004776,RID0031435,LOYAL30,Loyalty reward,flat,30,17.61,2025-11-26,2025-12-22
CPN0004777,RID0031462,WELCOME50,New user welcome offer,flat,50,22.74,2024-12-13,2025-01-10
CPN0004778,RID0031483,FIRST20,First ride discount,percentage,20,34.86,2024-10-10,2024-11-04
CPN0004779,RID0031486,WELCOME50,New user welcome offer,flat,50,27.93,2025-10-08,2025-10-31
CPN0004780,RID0031498,LOYAL30,Loyalty reward,flat,30,30.0,2026-01-31,2026-02-13
CPN0004781,RID0031514,FEST100,Festive season offer,flat,100,67.22,2025-12-30,2026-01-13
CPN0004782,RID0031516,WEEKEND15,Weekend ride offer,percentage,15,17.47,2026-01-16,2026-02-18
CPN0004783,RID0031518,LOYAL30,Loyalty reward,flat,30,30.0,2025-11-09,2025-12-06
CPN0004784,RID0031520,LOYAL30,Loyalty reward,flat,30,30.0,2025-04-04,2025-05-05
CPN0004785,RID0031543,RAINY10,Monsoon special,percentage,10,9.01,2024-03-11,2024-03-26
CPN0004786,RID0031545,LOYAL30,Loyalty reward,flat,30,30.0,2025-08-12,2025-09-07
CPN0004787,RID0031551,FEST100,Festive season offer,flat,100,26.29,2025-07-03,2025-07-27
CPN0004788,RID0031558,LOYAL30,Loyalty reward,flat,30,30.0,2026-04-04,2026-04-22
CPN0004789,RID0031563,RAINY10,Monsoon special,percentage,10,6.74,2024-02-25,2024-03-15
CPN0004790,RID0031568,FIRST20,First ride discount,percentage,20,19.26,2024-03-24,2024-04-26
CPN0004791,RID0031569,FEST100,Festive season offer,flat,100,22.64,2024-07-04,2024-07-24
CPN0004792,RID0031572,FIRST20,First ride discount,percentage,20,39.21,2024-05-04,2024-05-31
CPN0004793,RID0031585,WELCOME50,New user welcome offer,flat,50,48.66,2025-01-23,2025-02-14
CPN0004794,RID0031591,RAINY10,Monsoon special,percentage,10,2.03,2024-12-04,2025-01-04
CPN0004795,RID0031597,WEEKEND15,Weekend ride offer,percentage,15,21.72,2025-07-06,2025-07-26
CPN0004796,RID0031601,LOYAL30,Loyalty reward,flat,30,30.0,2024-03-31,2024-04-17
CPN0004797,RID0031602,FEST100,Festive season offer,flat,100,35.42,2024-07-28,2024-08-21
CPN0004798,RID0031610,RAINY10,Monsoon special,percentage,10,19.27,2025-06-30,2025-07-24
CPN0004799,RID0031612,WEEKEND15,Weekend ride offer,percentage,15,26.19,2025-09-12,2025-10-08
CPN0004800,RID0031614,LOYAL30,Loyalty reward,flat,30,15.94,2025-02-23,2025-03-19
CPN0004801,RID0031617,WEEKEND15,Weekend ride offer,percentage,15,10.76,2024-09-30,2024-10-29
CPN0004802,RID0031624,FEST100,Festive season offer,flat,100,43.08,2024-01-15,2024-02-15
CPN0004803,RID0031628,FEST100,Festive season offer,flat,100,64.89,2025-02-06,2025-03-12
CPN0004804,RID0031637,WEEKEND15,Weekend ride offer,percentage,15,5.65,2026-06-18,2026-07-13
CPN0004805,RID0031643,WELCOME50,New user welcome offer,flat,50,44.49,2024-07-15,2024-08-17
CPN0004806,RID0031646,FEST100,Festive season offer,flat,100,72.96,2025-02-20,2025-03-08
CPN0004807,RID0031649,FEST100,Festive season offer,flat,100,11.43,2026-06-28,2026-07-28
CPN0004808,RID0031670,FEST100,Festive season offer,flat,100,44.5,2025-09-04,2025-09-27
CPN0004809,RID0031673,FIRST20,First ride discount,percentage,20,9.19,2026-07-02,2026-07-12
CPN0004810,RID0031676,LOYAL30,Loyalty reward,flat,30,19.8,2024-05-18,2024-06-03
CPN0004811,RID0031679,FEST100,Festive season offer,flat,100,65.46,2024-12-17,2025-01-02
CPN0004812,RID0031684,WEEKEND15,Weekend ride offer,percentage,15,16.68,2025-06-07,2025-07-01
CPN0004813,RID0031687,FIRST20,First ride discount,percentage,20,3.96,2025-06-04,2025-06-28
CPN0004814,RID0031692,FEST100,Festive season offer,flat,100,27.3,2024-02-17,2024-03-28
CPN0004815,RID0031694,LOYAL30,Loyalty reward,flat,30,30.0,2024-09-28,2024-10-28
CPN0004816,RID0031695,FEST100,Festive season offer,flat,100,100.0,2024-01-19,2024-02-15
CPN0004817,RID0031696,LOYAL30,Loyalty reward,flat,30,30.0,2026-07-10,2026-07-26
CPN0004818,RID0031701,WEEKEND15,Weekend ride offer,percentage,15,15.62,2024-01-06,2024-01-29
CPN0004819,RID0031706,FIRST20,First ride discount,percentage,20,38.27,2026-01-16,2026-02-23
CPN0004820,RID0031707,FEST100,Festive season offer,flat,100,31.41,2024-07-14,2024-08-06
CPN0004821,RID0031709,WEEKEND15,Weekend ride offer,percentage,15,21.95,2025-12-27,2026-01-22
CPN0004822,RID0031718,WEEKEND15,Weekend ride offer,percentage,15,9.49,2025-08-25,2025-09-26
CPN0004823,RID0031719,FIRST20,First ride discount,percentage,20,17.19,2024-09-07,2024-10-03
CPN0004824,RID0031727,FEST100,Festive season offer,flat,100,30.2,2024-03-09,2024-04-07
CPN0004825,RID0031729,WEEKEND15,Weekend ride offer,percentage,15,11.5,2026-05-08,2026-06-06
CPN0004826,RID0031730,LOYAL30,Loyalty reward,flat,30,15.76,2025-05-22,2025-06-26
CPN0004827,RID0031766,FEST100,Festive season offer,flat,100,18.87,2024-06-02,2024-06-23
CPN0004828,RID0031768,FIRST20,First ride discount,percentage,20,49.02,2025-04-07,2025-05-03
CPN0004829,RID0031771,WELCOME50,New user welcome offer,flat,50,50.0,2026-06-20,2026-07-17
CPN0004830,RID0031774,LOYAL30,Loyalty reward,flat,30,30.0,2025-12-30,2026-01-22
CPN0004831,RID0031780,WELCOME50,New user welcome offer,flat,50,19.8,2024-03-14,2024-04-09
CPN0004832,RID0031783,FIRST20,First ride discount,percentage,20,54.95,2025-01-13,2025-01-23
CPN0004833,RID0031820,WELCOME50,New user welcome offer,flat,50,33.9,2025-11-24,2025-12-08
CPN0004834,RID0031823,FIRST20,First ride discount,percentage,20,18.1,2025-07-04,2025-07-18
CPN0004835,RID0031826,RAINY10,Monsoon special,percentage,10,7.17,2025-04-15,2025-05-10
CPN0004836,RID0031840,WELCOME50,New user welcome offer,flat,50,50.0,2025-07-22,2025-08-19
CPN0004837,RID0031853,FIRST20,First ride discount,percentage,20,28.8,2024-02-17,2024-03-09
CPN0004838,RID0031857,WEEKEND15,Weekend ride offer,percentage,15,7.98,2024-03-15,2024-04-02
CPN0004839,RID0031870,FEST100,Festive season offer,flat,100,63.09,2024-02-17,2024-03-04
CPN0004840,RID0031887,LOYAL30,Loyalty reward,flat,30,21.81,2024-07-04,2024-08-10
CPN0004841,RID0031893,LOYAL30,Loyalty reward,flat,30,22.2,2024-04-04,2024-05-01
CPN0004842,RID0031895,FEST100,Festive season offer,flat,100,50.1,2025-06-16,2025-07-07
CPN0004843,RID0031901,WEEKEND15,Weekend ride offer,percentage,15,46.2,2024-02-14,2024-03-10
CPN0004844,RID0031907,FEST100,Festive season offer,flat,100,19.8,2026-01-26,2026-02-13
CPN0004845,RID0031920,WEEKEND15,Weekend ride offer,percentage,15,5.53,2025-10-17,2025-11-15
CPN0004846,RID0031952,FIRST20,First ride discount,percentage,20,8.39,2026-03-31,2026-05-01
CPN0004847,RID0031954,RAINY10,Monsoon special,percentage,10,10.07,2025-04-13,2025-05-18
CPN0004848,RID0031964,FIRST20,First ride discount,percentage,20,63.66,2024-07-26,2024-08-15
CPN0004849,RID0031978,FIRST20,First ride discount,percentage,20,7.26,2026-01-29,2026-02-25
CPN0004850,RID0031979,FEST100,Festive season offer,flat,100,37.8,2025-12-06,2025-12-23
CPN0004851,RID0031981,WEEKEND15,Weekend ride offer,percentage,15,4.9,2024-03-27,2024-04-23
CPN0004852,RID0031988,RAINY10,Monsoon special,percentage,10,16.69,2025-07-22,2025-08-12
CPN0004853,RID0031989,FIRST20,First ride discount,percentage,20,6.71,2025-10-10,2025-10-25
CPN0004854,RID0031992,WELCOME50,New user welcome offer,flat,50,50.0,2024-04-11,2024-04-29
CPN0004855,RID0031996,LOYAL30,Loyalty reward,flat,30,30.0,2025-08-11,2025-09-06
CPN0004856,RID0032007,RAINY10,Monsoon special,percentage,10,6.34,2024-07-15,2024-08-16
CPN0004857,RID0032014,FEST100,Festive season offer,flat,100,27.97,2024-12-04,2025-01-05
CPN0004858,RID0032015,WEEKEND15,Weekend ride offer,percentage,15,8.68,2024-05-15,2024-06-23
CPN0004859,RID0032031,FEST100,Festive season offer,flat,100,60.05,2024-12-02,2024-12-22
CPN0004860,RID0032032,FEST100,Festive season offer,flat,100,9.9,2024-07-30,2024-08-24
CPN0004861,RID0032033,WEEKEND15,Weekend ride offer,percentage,15,9.7,2025-12-21,2026-01-19
CPN0004862,RID0032034,LOYAL30,Loyalty reward,flat,30,30.0,2024-06-06,2024-06-21
CPN0004863,RID0032038,FIRST20,First ride discount,percentage,20,20.42,2026-03-08,2026-04-02
CPN0004864,RID0032048,WEEKEND15,Weekend ride offer,percentage,15,10.82,2024-12-14,2025-01-11
CPN0004865,RID0032049,WELCOME50,New user welcome offer,flat,50,25.98,2024-05-23,2024-06-22
CPN0004866,RID0032051,FIRST20,First ride discount,percentage,20,24.36,2026-03-14,2026-04-16
CPN0004867,RID0032054,FEST100,Festive season offer,flat,100,65.69,2024-03-13,2024-04-02
CPN0004868,RID0032058,LOYAL30,Loyalty reward,flat,30,30.0,2024-06-11,2024-06-27
CPN0004869,RID0032060,FEST100,Festive season offer,flat,100,45.6,2025-11-10,2025-12-03
CPN0004870,RID0032066,WEEKEND15,Weekend ride offer,percentage,15,5.94,2024-10-31,2024-11-23
CPN0004871,RID0032071,FIRST20,First ride discount,percentage,20,28.13,2025-09-21,2025-10-05
CPN0004872,RID0032074,RAINY10,Monsoon special,percentage,10,16.58,2024-06-25,2024-07-15
CPN0004873,RID0032087,FEST100,Festive season offer,flat,100,39.96,2024-05-24,2024-06-30
CPN0004874,RID0032091,FIRST20,First ride discount,percentage,20,20.48,2025-06-10,2025-07-11
CPN0004875,RID0032094,LOYAL30,Loyalty reward,flat,30,23.82,2024-06-13,2024-07-08
CPN0004876,RID0032109,LOYAL30,Loyalty reward,flat,30,17.82,2025-08-03,2025-09-07
CPN0004877,RID0032113,WEEKEND15,Weekend ride offer,percentage,15,9.01,2026-02-24,2026-03-12
CPN0004878,RID0032115,FIRST20,First ride discount,percentage,20,17.3,2024-04-04,2024-05-06
CPN0004879,RID0032116,FIRST20,First ride discount,percentage,20,15.19,2025-07-13,2025-07-27
CPN0004880,RID0032117,RAINY10,Monsoon special,percentage,10,4.2,2024-11-03,2024-12-02
CPN0004881,RID0032123,FEST100,Festive season offer,flat,100,59.76,2024-12-30,2025-01-21
CPN0004882,RID0032126,FEST100,Festive season offer,flat,100,15.81,2024-11-25,2024-12-24
CPN0004883,RID0032128,WEEKEND15,Weekend ride offer,percentage,15,15.77,2024-04-22,2024-05-18
CPN0004884,RID0032130,RAINY10,Monsoon special,percentage,10,9.35,2025-11-08,2025-11-28
CPN0004885,RID0032136,LOYAL30,Loyalty reward,flat,30,30.0,2025-10-23,2025-11-13
CPN0004886,RID0032139,WELCOME50,New user welcome offer,flat,50,50.0,2024-01-28,2024-02-18
CPN0004887,RID0032140,FEST100,Festive season offer,flat,100,57.06,2025-07-31,2025-08-16
CPN0004888,RID0032158,FIRST20,First ride discount,percentage,20,11.21,2025-03-22,2025-04-16
CPN0004889,RID0032161,LOYAL30,Loyalty reward,flat,30,30.0,2024-12-22,2025-01-01
CPN0004890,RID0032172,WEEKEND15,Weekend ride offer,percentage,15,18.42,2025-06-22,2025-07-25
CPN0004891,RID0032175,WELCOME50,New user welcome offer,flat,50,45.38,2025-01-22,2025-02-10
CPN0004892,RID0032177,WEEKEND15,Weekend ride offer,percentage,15,20.02,2026-01-13,2026-01-31
CPN0004893,RID0032180,WEEKEND15,Weekend ride offer,percentage,15,13.55,2024-03-30,2024-04-27
CPN0004894,RID0032186,FIRST20,First ride discount,percentage,20,14.18,2024-04-13,2024-05-20
CPN0004895,RID0032188,RAINY10,Monsoon special,percentage,10,6.11,2024-09-28,2024-10-14
CPN0004896,RID0032190,LOYAL30,Loyalty reward,flat,30,30.0,2024-03-20,2024-04-18
CPN0004897,RID0032194,FIRST20,First ride discount,percentage,20,30.96,2025-09-19,2025-10-11
CPN0004898,RID0032195,WELCOME50,New user welcome offer,flat,50,15.18,2024-01-23,2024-02-22
CPN0004899,RID0032198,WELCOME50,New user welcome offer,flat,50,28.63,2025-05-29,2025-06-25
CPN0004900,RID0032228,RAINY10,Monsoon special,percentage,10,3.2,2024-08-02,2024-08-27
CPN0004901,RID0032233,WEEKEND15,Weekend ride offer,percentage,15,4.55,2025-04-06,2025-05-01
CPN0004902,RID0032242,WEEKEND15,Weekend ride offer,percentage,15,24.99,2024-11-25,2024-12-31
CPN0004903,RID0032250,RAINY10,Monsoon special,percentage,10,2.22,2025-06-03,2025-07-10
CPN0004904,RID0032252,FEST100,Festive season offer,flat,100,35.52,2025-09-29,2025-10-21
CPN0004905,RID0032259,FEST100,Festive season offer,flat,100,65.1,2026-06-14,2026-07-14
CPN0004906,RID0032263,RAINY10,Monsoon special,percentage,10,7.95,2025-10-01,2025-10-22
CPN0004907,RID0032266,WEEKEND15,Weekend ride offer,percentage,15,28.28,2026-03-22,2026-04-22
CPN0004908,RID0032271,FEST100,Festive season offer,flat,100,51.62,2025-10-27,2025-11-13
CPN0004909,RID0032279,WELCOME50,New user welcome offer,flat,50,27.3,2025-03-12,2025-04-08
CPN0004910,RID0032284,RAINY10,Monsoon special,percentage,10,14.4,2024-01-01,2024-02-02
CPN0004911,RID0032287,WELCOME50,New user welcome offer,flat,50,39.42,2024-03-01,2024-03-18
CPN0004912,RID0032288,WELCOME50,New user welcome offer,flat,50,16.32,2026-03-25,2026-04-28
CPN0004913,RID0032290,FIRST20,First ride discount,percentage,20,16.9,2026-03-05,2026-03-21
CPN0004914,RID0032292,FEST100,Festive season offer,flat,100,77.94,2024-03-31,2024-04-22
CPN0004915,RID0032295,LOYAL30,Loyalty reward,flat,30,23.36,2026-06-11,2026-07-04
CPN0004916,RID0032301,FEST100,Festive season offer,flat,100,87.16,2025-08-14,2025-09-08
CPN0004917,RID0032304,FEST100,Festive season offer,flat,100,48.15,2025-10-22,2025-11-15
CPN0004918,RID0032313,LOYAL30,Loyalty reward,flat,30,30.0,2024-05-06,2024-05-31
CPN0004919,RID0032317,LOYAL30,Loyalty reward,flat,30,30.0,2025-02-24,2025-03-29
CPN0004920,RID0032319,WEEKEND15,Weekend ride offer,percentage,15,6.76,2025-05-11,2025-05-26
CPN0004921,RID0032322,WELCOME50,New user welcome offer,flat,50,41.05,2025-07-24,2025-08-14
CPN0004922,RID0032323,WEEKEND15,Weekend ride offer,percentage,15,9.49,2024-05-26,2024-06-28
CPN0004923,RID0032330,FIRST20,First ride discount,percentage,20,16.53,2025-08-20,2025-09-14
CPN0004924,RID0032331,WELCOME50,New user welcome offer,flat,50,50.0,2025-08-28,2025-09-18
CPN0004925,RID0032360,RAINY10,Monsoon special,percentage,10,8.26,2025-01-02,2025-01-23
CPN0004926,RID0032364,WEEKEND15,Weekend ride offer,percentage,15,13.67,2026-06-28,2026-07-23
CPN0004927,RID0032369,FEST100,Festive season offer,flat,100,10.11,2025-12-02,2025-12-29
CPN0004928,RID0032377,FIRST20,First ride discount,percentage,20,16.08,2026-06-09,2026-07-06
CPN0004929,RID0032385,FEST100,Festive season offer,flat,100,44.16,2025-05-25,2025-06-20
CPN0004930,RID0032387,WEEKEND15,Weekend ride offer,percentage,15,10.17,2025-02-21,2025-03-17
CPN0004931,RID0032393,WEEKEND15,Weekend ride offer,percentage,15,9.05,2024-12-18,2025-01-08
CPN0004932,RID0032408,WELCOME50,New user welcome offer,flat,50,50.0,2024-01-06,2024-01-30
CPN0004933,RID0032410,LOYAL30,Loyalty reward,flat,30,30.0,2025-09-15,2025-10-13
CPN0004934,RID0032419,WEEKEND15,Weekend ride offer,percentage,15,8.21,2024-08-17,2024-09-15
CPN0004935,RID0032420,WELCOME50,New user welcome offer,flat,50,50.0,2025-01-31,2025-02-28
CPN0004936,RID0032433,FIRST20,First ride discount,percentage,20,11.43,2025-05-07,2025-05-29
CPN0004937,RID0032435,FIRST20,First ride discount,percentage,20,8.39,2025-01-23,2025-02-23
CPN0004938,RID0032436,LOYAL30,Loyalty reward,flat,30,23.83,2024-12-15,2025-01-12
CPN0004939,RID0032449,RAINY10,Monsoon special,percentage,10,20.54,2024-04-24,2024-05-10
CPN0004940,RID0032450,LOYAL30,Loyalty reward,flat,30,30.0,2024-01-20,2024-02-08
CPN0004941,RID0032453,WEEKEND15,Weekend ride offer,percentage,15,42.93,2025-04-08,2025-05-04
CPN0004942,RID0032455,WEEKEND15,Weekend ride offer,percentage,15,8.79,2024-06-07,2024-06-26
CPN0004943,RID0032459,WEEKEND15,Weekend ride offer,percentage,15,8.85,2025-01-30,2025-02-26
CPN0004944,RID0032473,RAINY10,Monsoon special,percentage,10,4.71,2024-12-05,2024-12-27
CPN0004945,RID0032475,RAINY10,Monsoon special,percentage,10,6.37,2024-06-17,2024-07-15
CPN0004946,RID0032476,WELCOME50,New user welcome offer,flat,50,15.49,2024-01-07,2024-02-10
CPN0004947,RID0032496,FIRST20,First ride discount,percentage,20,15.35,2026-03-13,2026-03-25
CPN0004948,RID0032498,LOYAL30,Loyalty reward,flat,30,30.0,2024-05-21,2024-06-11
CPN0004949,RID0032507,LOYAL30,Loyalty reward,flat,30,23.16,2025-09-08,2025-10-02
CPN0004950,RID0032508,FEST100,Festive season offer,flat,100,71.46,2023-12-27,2024-01-18
CPN0004951,RID0032510,WELCOME50,New user welcome offer,flat,50,19.89,2024-03-04,2024-03-30
CPN0004952,RID0032517,FIRST20,First ride discount,percentage,20,13.08,2025-11-30,2025-12-28
CPN0004953,RID0032521,RAINY10,Monsoon special,percentage,10,13.54,2026-05-22,2026-06-08
CPN0004954,RID0032522,WELCOME50,New user welcome offer,flat,50,19.92,2024-09-16,2024-10-01
CPN0004955,RID0032523,WELCOME50,New user welcome offer,flat,50,35.82,2025-08-18,2025-09-17
CPN0004956,RID0032531,FIRST20,First ride discount,percentage,20,42.85,2026-06-25,2026-07-22
CPN0004957,RID0032535,WEEKEND15,Weekend ride offer,percentage,15,20.48,2024-11-06,2024-12-04
CPN0004958,RID0032545,WELCOME50,New user welcome offer,flat,50,50.0,2024-02-14,2024-03-07
CPN0004959,RID0032571,FEST100,Festive season offer,flat,100,38.74,2025-07-01,2025-07-21
CPN0004960,RID0032576,WELCOME50,New user welcome offer,flat,50,25.77,2024-08-13,2024-09-12
CPN0004961,RID0032579,WEEKEND15,Weekend ride offer,percentage,15,15.52,2025-02-01,2025-02-28
CPN0004962,RID0032580,WEEKEND15,Weekend ride offer,percentage,15,19.86,2024-02-18,2024-03-14
CPN0004963,RID0032585,WEEKEND15,Weekend ride offer,percentage,15,49.25,2025-04-24,2025-05-18
CPN0004964,RID0032594,FIRST20,First ride discount,percentage,20,14.16,2024-04-28,2024-05-17
CPN0004965,RID0032598,LOYAL30,Loyalty reward,flat,30,30.0,2025-01-24,2025-02-18
CPN0004966,RID0032611,FIRST20,First ride discount,percentage,20,13.59,2026-05-05,2026-06-05
CPN0004967,RID0032615,LOYAL30,Loyalty reward,flat,30,30.0,2025-07-05,2025-08-09
CPN0004968,RID0032617,LOYAL30,Loyalty reward,flat,30,30.0,2024-10-30,2024-11-21
CPN0004969,RID0032621,WELCOME50,New user welcome offer,flat,50,47.64,2026-02-08,2026-03-07
CPN0004970,RID0032629,WELCOME50,New user welcome offer,flat,50,50.0,2025-12-01,2025-12-16
CPN0004971,RID0032631,WELCOME50,New user welcome offer,flat,50,50.0,2025-11-24,2025-12-28
CPN0004972,RID0032632,RAINY10,Monsoon special,percentage,10,8.93,2025-03-04,2025-03-28
CPN0004973,RID0032646,FEST100,Festive season offer,flat,100,81.78,2025-09-04,2025-09-27
CPN0004974,RID0032666,WEEKEND15,Weekend ride offer,percentage,15,15.74,2025-07-09,2025-08-04
CPN0004975,RID0032667,RAINY10,Monsoon special,percentage,10,8.1,2024-06-20,2024-07-11
CPN0004976,RID0032675,RAINY10,Monsoon special,percentage,10,9.82,2024-07-15,2024-08-07
CPN0004977,RID0032680,FEST100,Festive season offer,flat,100,62.2,2025-10-19,2025-11-13
CPN0004978,RID0032687,WELCOME50,New user welcome offer,flat,50,44.64,2024-12-20,2025-01-08
CPN0004979,RID0032724,FIRST20,First ride discount,percentage,20,23.16,2025-09-15,2025-10-14
CPN0004980,RID0032726,FEST100,Festive season offer,flat,100,68.33,2025-06-25,2025-07-24
CPN0004981,RID0032739,FEST100,Festive season offer,flat,100,80.19,2024-09-11,2024-09-29
CPN0004982,RID0032740,FIRST20,First ride discount,percentage,20,12.71,2024-10-31,2024-11-26
CPN0004983,RID0032744,WELCOME50,New user welcome offer,flat,50,14.58,2024-07-19,2024-08-20
CPN0004984,RID0032748,WELCOME50,New user welcome offer,flat,50,37.56,2025-10-15,2025-10-25
CPN0004985,RID0032755,WEEKEND15,Weekend ride offer,percentage,15,11.93,2026-05-13,2026-06-08
CPN0004986,RID0032757,WEEKEND15,Weekend ride offer,percentage,15,8.55,2023-12-21,2024-01-21
CPN0004987,RID0032765,WEEKEND15,Weekend ride offer,percentage,15,17.77,2025-08-07,2025-09-12
CPN0004988,RID0032766,FEST100,Festive season offer,flat,100,21.24,2026-06-16,2026-07-07
CPN0004989,RID0032775,FEST100,Festive season offer,flat,100,31.35,2025-06-03,2025-07-01
CPN0004990,RID0032777,LOYAL30,Loyalty reward,flat,30,30.0,2024-10-17,2024-11-18
CPN0004991,RID0032778,FEST100,Festive season offer,flat,100,17.01,2025-12-31,2026-01-21
CPN0004992,RID0032794,FEST100,Festive season offer,flat,100,53.94,2025-08-10,2025-09-06
CPN0004993,RID0032803,FEST100,Festive season offer,flat,100,23.34,2025-06-23,2025-07-21
CPN0004994,RID0032812,WELCOME50,New user welcome offer,flat,50,50.0,2025-01-02,2025-02-02
CPN0004995,RID0032823,WELCOME50,New user welcome offer,flat,50,50.0,2026-03-24,2026-04-24
CPN0004996,RID0032832,WELCOME50,New user welcome offer,flat,50,36.58,2025-07-14,2025-08-11
CPN0004997,RID0032834,LOYAL30,Loyalty reward,flat,30,30.0,2026-03-19,2026-04-19
CPN0004998,RID0032835,WELCOME50,New user welcome offer,flat,50,9.9,2025-12-30,2026-01-22
CPN0004999,RID0032836,WEEKEND15,Weekend ride offer,percentage,15,11.47,2025-03-14,2025-04-05
CPN0005000,RID0032847,WELCOME50,New user welcome offer,flat,50,50.0,2026-05-03,2026-05-30
CPN0005001,RID0032854,FIRST20,First ride discount,percentage,20,12.68,2026-06-27,2026-07-23
CPN0005002,RID0032856,WEEKEND15,Weekend ride offer,percentage,15,10.3,2024-03-17,2024-04-19
CPN0005003,RID0032859,WELCOME50,New user welcome offer,flat,50,34.88,2026-03-17,2026-04-13
CPN0005004,RID0032863,RAINY10,Monsoon special,percentage,10,9.88,2026-04-11,2026-04-23
CPN0005005,RID0032867,FEST100,Festive season offer,flat,100,21.36,2025-08-29,2025-09-30
CPN0005006,RID0032875,RAINY10,Monsoon special,percentage,10,13.72,2025-03-29,2025-04-17
CPN0005007,RID0032883,LOYAL30,Loyalty reward,flat,30,30.0,2024-04-29,2024-05-28
CPN0005008,RID0032885,WELCOME50,New user welcome offer,flat,50,9.9,2025-08-12,2025-09-07
CPN0005009,RID0032898,WELCOME50,New user welcome offer,flat,50,20.7,2024-08-22,2024-09-15
CPN0005010,RID0032900,LOYAL30,Loyalty reward,flat,30,30.0,2026-05-29,2026-07-04
CPN0005011,RID0032902,WEEKEND15,Weekend ride offer,percentage,15,11.1,2024-11-24,2024-12-06
CPN0005012,RID0032905,RAINY10,Monsoon special,percentage,10,5.69,2025-01-15,2025-02-24
CPN0005013,RID0032921,LOYAL30,Loyalty reward,flat,30,12.24,2024-08-27,2024-09-19
CPN0005014,RID0032928,LOYAL30,Loyalty reward,flat,30,14.47,2024-05-28,2024-06-23
CPN0005015,RID0032931,WEEKEND15,Weekend ride offer,percentage,15,16.88,2024-07-03,2024-07-30
CPN0005016,RID0032933,FIRST20,First ride discount,percentage,20,45.58,2024-09-10,2024-10-06
CPN0005017,RID0032940,LOYAL30,Loyalty reward,flat,30,30.0,2025-07-20,2025-08-17
CPN0005018,RID0032942,FIRST20,First ride discount,percentage,20,35.88,2026-03-14,2026-04-12
CPN0005019,RID0032948,FIRST20,First ride discount,percentage,20,11.28,2025-10-26,2025-11-14
CPN0005020,RID0032959,WEEKEND15,Weekend ride offer,percentage,15,11.7,2025-06-03,2025-06-18
CPN0005021,RID0032963,FIRST20,First ride discount,percentage,20,15.93,2025-05-05,2025-05-24
CPN0005022,RID0032968,FIRST20,First ride discount,percentage,20,24.13,2023-12-25,2024-01-18
CPN0005023,RID0032971,FEST100,Festive season offer,flat,100,53.2,2025-10-08,2025-11-04
CPN0005024,RID0032974,RAINY10,Monsoon special,percentage,10,4.12,2024-03-09,2024-04-06
CPN0005025,RID0032978,FEST100,Festive season offer,flat,100,31.14,2024-12-31,2025-01-23
CPN0005026,RID0032985,WELCOME50,New user welcome offer,flat,50,50.0,2025-09-23,2025-10-17
CPN0005027,RID0032997,WELCOME50,New user welcome offer,flat,50,18.36,2024-04-17,2024-05-03
CPN0005028,RID0032999,WEEKEND15,Weekend ride offer,percentage,15,45.37,2026-04-29,2026-05-23
CPN0005029,RID0033010,WEEKEND15,Weekend ride offer,percentage,15,8.91,2024-11-04,2024-11-26
CPN0005030,RID0033020,FEST100,Festive season offer,flat,100,100.0,2024-01-17,2024-02-09
CPN0005031,RID0033022,RAINY10,Monsoon special,percentage,10,14.39,2025-03-20,2025-04-15
CPN0005032,RID0033036,WEEKEND15,Weekend ride offer,percentage,15,25.34,2026-03-25,2026-04-20
CPN0005033,RID0033048,WELCOME50,New user welcome offer,flat,50,36.91,2024-10-03,2024-11-08
CPN0005034,RID0033070,LOYAL30,Loyalty reward,flat,30,19.8,2025-03-21,2025-04-07
CPN0005035,RID0033071,LOYAL30,Loyalty reward,flat,30,30.0,2025-05-27,2025-06-25
CPN0005036,RID0033077,WEEKEND15,Weekend ride offer,percentage,15,10.69,2025-08-21,2025-09-03
CPN0005037,RID0033084,WEEKEND15,Weekend ride offer,percentage,15,11.84,2024-04-04,2024-05-05
CPN0005038,RID0033088,WELCOME50,New user welcome offer,flat,50,50.0,2024-09-06,2024-09-27
CPN0005039,RID0033089,FEST100,Festive season offer,flat,100,19.41,2024-11-29,2024-12-25
CPN0005040,RID0033090,FIRST20,First ride discount,percentage,20,34.3,2024-03-25,2024-04-27
CPN0005041,RID0033095,WEEKEND15,Weekend ride offer,percentage,15,9.07,2026-03-23,2026-04-18
CPN0005042,RID0033100,FEST100,Festive season offer,flat,100,100.0,2023-12-25,2024-01-25
CPN0005043,RID0033102,WELCOME50,New user welcome offer,flat,50,26.96,2024-07-24,2024-08-14
CPN0005044,RID0033104,RAINY10,Monsoon special,percentage,10,3.06,2026-01-29,2026-03-03
CPN0005045,RID0033108,WELCOME50,New user welcome offer,flat,50,22.38,2026-06-25,2026-07-18
CPN0005046,RID0033114,RAINY10,Monsoon special,percentage,10,10.86,2025-06-26,2025-07-28
CPN0005047,RID0033122,WEEKEND15,Weekend ride offer,percentage,15,3.49,2024-07-05,2024-07-31
CPN0005048,RID0033123,FIRST20,First ride discount,percentage,20,43.99,2024-06-21,2024-07-14
CPN0005049,RID0033132,LOYAL30,Loyalty reward,flat,30,30.0,2025-04-08,2025-05-02
CPN0005050,RID0033154,FEST100,Festive season offer,flat,100,72.36,2025-03-29,2025-04-20
CPN0005051,RID0033158,FIRST20,First ride discount,percentage,20,25.95,2024-01-07,2024-02-01
CPN0005052,RID0033162,WELCOME50,New user welcome offer,flat,50,27.3,2026-04-10,2026-04-26
CPN0005053,RID0033166,RAINY10,Monsoon special,percentage,10,17.63,2024-01-20,2024-02-17
CPN0005054,RID0033167,LOYAL30,Loyalty reward,flat,30,30.0,2026-03-18,2026-04-13
CPN0005055,RID0033174,FEST100,Festive season offer,flat,100,29.78,2025-12-29,2026-01-28
CPN0005056,RID0033183,FIRST20,First ride discount,percentage,20,23.23,2025-08-12,2025-08-26
CPN0005057,RID0033206,WELCOME50,New user welcome offer,flat,50,20.16,2025-11-02,2025-11-28
CPN0005058,RID0033212,FEST100,Festive season offer,flat,100,46.08,2024-07-24,2024-08-21
CPN0005059,RID0033221,FEST100,Festive season offer,flat,100,9.9,2026-05-22,2026-06-17
CPN0005060,RID0033222,FEST100,Festive season offer,flat,100,59.7,2025-02-24,2025-03-16
CPN0005061,RID0033228,WEEKEND15,Weekend ride offer,percentage,15,12.61,2024-12-13,2025-01-06
CPN0005062,RID0033231,LOYAL30,Loyalty reward,flat,30,30.0,2025-08-14,2025-09-14
CPN0005063,RID0033238,FEST100,Festive season offer,flat,100,77.33,2026-01-22,2026-02-21
CPN0005064,RID0033247,FEST100,Festive season offer,flat,100,90.0,2025-07-22,2025-08-09
CPN0005065,RID0033249,WEEKEND15,Weekend ride offer,percentage,15,8.87,2024-05-03,2024-05-31
CPN0005066,RID0033260,LOYAL30,Loyalty reward,flat,30,30.0,2024-04-01,2024-04-22
CPN0005067,RID0033263,LOYAL30,Loyalty reward,flat,30,30.0,2025-11-06,2025-11-29
CPN0005068,RID0033269,WELCOME50,New user welcome offer,flat,50,50.0,2024-12-10,2024-12-28
CPN0005069,RID0033270,WEEKEND15,Weekend ride offer,percentage,15,20.88,2024-07-17,2024-08-10
CPN0005070,RID0033274,RAINY10,Monsoon special,percentage,10,10.87,2023-12-26,2024-01-26
CPN0005071,RID0033277,RAINY10,Monsoon special,percentage,10,6.78,2024-03-28,2024-05-04
CPN0005072,RID0033278,RAINY10,Monsoon special,percentage,10,15.89,2024-06-19,2024-07-19
CPN0005073,RID0033279,LOYAL30,Loyalty reward,flat,30,30.0,2025-09-23,2025-10-19
CPN0005074,RID0033283,WEEKEND15,Weekend ride offer,percentage,15,9.66,2024-01-21,2024-02-12
CPN0005075,RID0033288,RAINY10,Monsoon special,percentage,10,24.37,2026-05-28,2026-06-30
CPN0005076,RID0033295,WEEKEND15,Weekend ride offer,percentage,15,16.0,2024-12-08,2024-12-30
CPN0005077,RID0033309,LOYAL30,Loyalty reward,flat,30,30.0,2024-03-25,2024-04-22
CPN0005078,RID0033315,RAINY10,Monsoon special,percentage,10,6.76,2026-05-08,2026-05-23
CPN0005079,RID0033316,FEST100,Festive season offer,flat,100,29.98,2025-05-02,2025-05-23
CPN0005080,RID0033328,RAINY10,Monsoon special,percentage,10,9.42,2025-12-24,2026-01-13
CPN0005081,RID0033331,LOYAL30,Loyalty reward,flat,30,30.0,2024-04-02,2024-04-24
CPN0005082,RID0033332,WEEKEND15,Weekend ride offer,percentage,15,4.45,2025-10-24,2025-11-17
CPN0005083,RID0033337,WEEKEND15,Weekend ride offer,percentage,15,12.1,2025-02-18,2025-03-15
CPN0005084,RID0033348,LOYAL30,Loyalty reward,flat,30,22.5,2026-06-12,2026-07-20
CPN0005085,RID0033360,WEEKEND15,Weekend ride offer,percentage,15,29.64,2024-02-23,2024-03-07
CPN0005086,RID0033370,FIRST20,First ride discount,percentage,20,22.16,2026-02-03,2026-03-07
CPN0005087,RID0033375,LOYAL30,Loyalty reward,flat,30,30.0,2024-11-20,2024-12-04
CPN0005088,RID0033377,FEST100,Festive season offer,flat,100,90.0,2024-10-22,2024-11-20
CPN0005089,RID0033378,WEEKEND15,Weekend ride offer,percentage,15,6.69,2026-02-04,2026-03-08
CPN0005090,RID0033379,RAINY10,Monsoon special,percentage,10,9.11,2024-04-25,2024-05-12
CPN0005091,RID0033389,FEST100,Festive season offer,flat,100,41.7,2024-10-02,2024-11-10
CPN0005092,RID0033398,FEST100,Festive season offer,flat,100,50.99,2024-06-30,2024-07-23
CPN0005093,RID0033411,LOYAL30,Loyalty reward,flat,30,30.0,2025-10-19,2025-11-24
CPN0005094,RID0033412,WEEKEND15,Weekend ride offer,percentage,15,12.46,2026-03-29,2026-04-19
CPN0005095,RID0033413,WELCOME50,New user welcome offer,flat,50,14.85,2026-06-18,2026-07-13
CPN0005096,RID0033426,WEEKEND15,Weekend ride offer,percentage,15,10.33,2025-05-11,2025-06-13
CPN0005097,RID0033427,RAINY10,Monsoon special,percentage,10,3.14,2023-12-21,2024-01-09
CPN0005098,RID0033429,RAINY10,Monsoon special,percentage,10,16.1,2026-04-20,2026-05-18
CPN0005099,RID0033441,WELCOME50,New user welcome offer,flat,50,21.66,2025-07-08,2025-08-10
CPN0005100,RID0033448,WELCOME50,New user welcome offer,flat,50,50.0,2025-04-15,2025-05-16
CPN0005101,RID0033451,LOYAL30,Loyalty reward,flat,30,30.0,2025-07-17,2025-08-07
CPN0005102,RID0033453,WELCOME50,New user welcome offer,flat,50,42.08,2025-11-14,2025-12-08
CPN0005103,RID0033465,FIRST20,First ride discount,percentage,20,58.75,2024-08-19,2024-09-05
CPN0005104,RID0033466,LOYAL30,Loyalty reward,flat,30,30.0,2026-01-22,2026-02-09
CPN0005105,RID0033468,FIRST20,First ride discount,percentage,20,18.44,2025-12-22,2026-01-06
CPN0005106,RID0033480,WEEKEND15,Weekend ride offer,percentage,15,9.81,2025-10-26,2025-11-16
CPN0005107,RID0033486,LOYAL30,Loyalty reward,flat,30,30.0,2025-07-22,2025-08-13
CPN0005108,RID0033489,LOYAL30,Loyalty reward,flat,30,20.41,2026-06-08,2026-07-17
CPN0005109,RID0033490,WEEKEND15,Weekend ride offer,percentage,15,9.49,2025-04-14,2025-05-17
CPN0005110,RID0033512,WELCOME50,New user welcome offer,flat,50,50.0,2026-01-26,2026-03-05
CPN0005111,RID0033515,WEEKEND15,Weekend ride offer,percentage,15,15.97,2025-09-28,2025-10-27
CPN0005112,RID0033537,RAINY10,Monsoon special,percentage,10,8.95,2024-08-27,2024-09-09
CPN0005113,RID0033540,LOYAL30,Loyalty reward,flat,30,30.0,2024-12-29,2025-01-17
CPN0005114,RID0033545,FIRST20,First ride discount,percentage,20,45.58,2024-09-13,2024-09-25
CPN0005115,RID0033547,FIRST20,First ride discount,percentage,20,5.11,2024-03-24,2024-04-13
CPN0005116,RID0033556,LOYAL30,Loyalty reward,flat,30,30.0,2024-04-25,2024-06-02
CPN0005117,RID0033563,FIRST20,First ride discount,percentage,20,34.7,2024-05-29,2024-06-21
CPN0005118,RID0033567,RAINY10,Monsoon special,percentage,10,4.79,2026-01-01,2026-01-27
CPN0005119,RID0033571,FIRST20,First ride discount,percentage,20,8.47,2025-03-01,2025-03-30
CPN0005120,RID0033579,RAINY10,Monsoon special,percentage,10,10.97,2025-05-28,2025-06-26
CPN0005121,RID0033587,WELCOME50,New user welcome offer,flat,50,50.0,2025-01-28,2025-02-13
CPN0005122,RID0033594,RAINY10,Monsoon special,percentage,10,8.34,2024-07-22,2024-08-15
CPN0005123,RID0033604,WEEKEND15,Weekend ride offer,percentage,15,25.98,2024-06-17,2024-07-23
CPN0005124,RID0033611,LOYAL30,Loyalty reward,flat,30,30.0,2024-09-30,2024-10-31
CPN0005125,RID0033616,WEEKEND15,Weekend ride offer,percentage,15,29.24,2026-02-08,2026-03-11
CPN0005126,RID0033617,FIRST20,First ride discount,percentage,20,33.26,2024-10-25,2024-11-24
CPN0005127,RID0033619,RAINY10,Monsoon special,percentage,10,2.75,2025-12-19,2026-01-15
CPN0005128,RID0033624,WELCOME50,New user welcome offer,flat,50,50.0,2026-01-09,2026-02-12
CPN0005129,RID0033627,RAINY10,Monsoon special,percentage,10,15.27,2025-09-04,2025-10-06
CPN0005130,RID0033628,LOYAL30,Loyalty reward,flat,30,20.96,2024-12-25,2025-01-22
CPN0005131,RID0033634,FIRST20,First ride discount,percentage,20,11.72,2026-06-15,2026-07-15
CPN0005132,RID0033642,WELCOME50,New user welcome offer,flat,50,39.9,2026-01-07,2026-02-08
CPN0005133,RID0033647,FEST100,Festive season offer,flat,100,21.96,2025-05-09,2025-06-14
CPN0005134,RID0033649,WELCOME50,New user welcome offer,flat,50,32.9,2024-02-09,2024-03-05
CPN0005135,RID0033651,FIRST20,First ride discount,percentage,20,29.94,2026-01-19,2026-02-14
CPN0005136,RID0033666,LOYAL30,Loyalty reward,flat,30,30.0,2025-11-24,2025-12-27
CPN0005137,RID0033671,FEST100,Festive season offer,flat,100,19.8,2024-04-17,2024-05-06
CPN0005138,RID0033675,RAINY10,Monsoon special,percentage,10,15.98,2025-02-10,2025-03-04
CPN0005139,RID0033680,LOYAL30,Loyalty reward,flat,30,13.53,2024-07-20,2024-08-13
CPN0005140,RID0033686,RAINY10,Monsoon special,percentage,10,8.03,2024-09-28,2024-10-22
CPN0005141,RID0033691,FEST100,Festive season offer,flat,100,28.41,2025-12-03,2026-01-08
CPN0005142,RID0033699,LOYAL30,Loyalty reward,flat,30,30.0,2025-01-11,2025-02-09
CPN0005143,RID0033701,FIRST20,First ride discount,percentage,20,10.41,2024-09-07,2024-10-05
CPN0005144,RID0033707,LOYAL30,Loyalty reward,flat,30,22.86,2024-01-25,2024-02-18
CPN0005145,RID0033710,LOYAL30,Loyalty reward,flat,30,30.0,2026-04-20,2026-05-11
CPN0005146,RID0033711,WELCOME50,New user welcome offer,flat,50,26.07,2025-01-20,2025-02-03
CPN0005147,RID0033713,WELCOME50,New user welcome offer,flat,50,34.05,2025-05-27,2025-06-21
CPN0005148,RID0033714,RAINY10,Monsoon special,percentage,10,18.39,2024-06-19,2024-07-04
CPN0005149,RID0033724,FIRST20,First ride discount,percentage,20,6.46,2025-05-03,2025-05-29
CPN0005150,RID0033733,LOYAL30,Loyalty reward,flat,30,30.0,2024-11-13,2024-12-17
CPN0005151,RID0033747,RAINY10,Monsoon special,percentage,10,28.09,2024-07-16,2024-08-19
CPN0005152,RID0033754,WELCOME50,New user welcome offer,flat,50,50.0,2024-04-20,2024-05-18
CPN0005153,RID0033756,RAINY10,Monsoon special,percentage,10,25.54,2024-11-25,2024-12-29
CPN0005154,RID0033761,LOYAL30,Loyalty reward,flat,30,30.0,2024-06-24,2024-07-18
CPN0005155,RID0033764,FEST100,Festive season offer,flat,100,32.55,2025-07-03,2025-07-31
CPN0005156,RID0033766,FEST100,Festive season offer,flat,100,31.82,2024-01-08,2024-01-23
CPN0005157,RID0033767,RAINY10,Monsoon special,percentage,10,3.15,2025-08-10,2025-09-08
CPN0005158,RID0033769,RAINY10,Monsoon special,percentage,10,12.4,2026-01-20,2026-02-25
CPN0005159,RID0033774,FIRST20,First ride discount,percentage,20,9.94,2025-09-29,2025-10-31
CPN0005160,RID0033784,FEST100,Festive season offer,flat,100,14.58,2024-12-12,2024-12-30
CPN0005161,RID0033786,WEEKEND15,Weekend ride offer,percentage,15,14.69,2025-02-12,2025-03-04
CPN0005162,RID0033792,RAINY10,Monsoon special,percentage,10,4.3,2025-03-26,2025-04-14
CPN0005163,RID0033808,RAINY10,Monsoon special,percentage,10,11.96,2025-06-15,2025-06-30
CPN0005164,RID0033814,WEEKEND15,Weekend ride offer,percentage,15,6.84,2024-10-24,2024-11-19
CPN0005165,RID0033815,RAINY10,Monsoon special,percentage,10,4.01,2024-06-27,2024-07-19
CPN0005166,RID0033819,WELCOME50,New user welcome offer,flat,50,36.0,2026-05-07,2026-05-26
CPN0005167,RID0033846,FEST100,Festive season offer,flat,100,46.2,2025-09-16,2025-10-04
CPN0005168,RID0033848,WELCOME50,New user welcome offer,flat,50,36.66,2024-11-20,2024-12-10
CPN0005169,RID0033854,RAINY10,Monsoon special,percentage,10,16.79,2024-10-29,2024-12-03
CPN0005170,RID0033856,FIRST20,First ride discount,percentage,20,15.12,2025-12-03,2025-12-23
CPN0005171,RID0033858,WELCOME50,New user welcome offer,flat,50,50.0,2025-01-20,2025-02-11
CPN0005172,RID0033859,WEEKEND15,Weekend ride offer,percentage,15,33.65,2026-03-19,2026-04-05
CPN0005173,RID0033863,RAINY10,Monsoon special,percentage,10,9.93,2025-12-11,2026-01-02
CPN0005174,RID0033894,RAINY10,Monsoon special,percentage,10,13.9,2026-06-11,2026-07-08
CPN0005175,RID0033899,WELCOME50,New user welcome offer,flat,50,17.22,2025-03-16,2025-04-20
CPN0005176,RID0033902,WEEKEND15,Weekend ride offer,percentage,15,4.42,2025-09-02,2025-09-24
CPN0005177,RID0033914,WEEKEND15,Weekend ride offer,percentage,15,22.79,2025-08-08,2025-09-12
CPN0005178,RID0033915,WELCOME50,New user welcome offer,flat,50,46.62,2026-02-27,2026-03-27
CPN0005179,RID0033921,LOYAL30,Loyalty reward,flat,30,30.0,2025-04-21,2025-05-12
CPN0005180,RID0033922,WEEKEND15,Weekend ride offer,percentage,15,13.3,2024-11-13,2024-12-07
CPN0005181,RID0033934,LOYAL30,Loyalty reward,flat,30,30.0,2025-11-04,2025-11-26
CPN0005182,RID0033936,WEEKEND15,Weekend ride offer,percentage,15,8.78,2026-05-15,2026-06-16
CPN0005183,RID0033940,WEEKEND15,Weekend ride offer,percentage,15,4.35,2025-06-10,2025-06-30
CPN0005184,RID0033943,FIRST20,First ride discount,percentage,20,30.77,2025-10-07,2025-10-30
CPN0005185,RID0033949,FIRST20,First ride discount,percentage,20,14.42,2025-12-20,2026-01-16
CPN0005186,RID0033951,FEST100,Festive season offer,flat,100,78.74,2025-07-03,2025-08-02
CPN0005187,RID0033952,FEST100,Festive season offer,flat,100,55.18,2024-10-25,2024-11-14
CPN0005188,RID0033959,WEEKEND15,Weekend ride offer,percentage,15,9.27,2024-01-08,2024-02-06
CPN0005189,RID0033964,RAINY10,Monsoon special,percentage,10,3.57,2026-01-23,2026-02-16
CPN0005190,RID0033967,WELCOME50,New user welcome offer,flat,50,18.68,2025-07-03,2025-07-22
CPN0005191,RID0033968,WELCOME50,New user welcome offer,flat,50,33.34,2025-10-07,2025-11-08
CPN0005192,RID0033971,FEST100,Festive season offer,flat,100,21.96,2025-03-31,2025-04-19
CPN0005193,RID0033979,LOYAL30,Loyalty reward,flat,30,30.0,2024-09-11,2024-10-07
CPN0005194,RID0033980,RAINY10,Monsoon special,percentage,10,13.39,2026-01-02,2026-01-18
CPN0005195,RID0033982,FIRST20,First ride discount,percentage,20,70.2,2025-06-13,2025-07-03
CPN0005196,RID0033987,LOYAL30,Loyalty reward,flat,30,30.0,2024-11-15,2024-12-02
CPN0005197,RID0033990,LOYAL30,Loyalty reward,flat,30,30.0,2025-06-09,2025-07-13
CPN0005198,RID0033991,RAINY10,Monsoon special,percentage,10,6.61,2024-08-04,2024-08-19
CPN0005199,RID0034002,WEEKEND15,Weekend ride offer,percentage,15,13.34,2025-02-17,2025-03-17
CPN0005200,RID0034016,WELCOME50,New user welcome offer,flat,50,44.88,2024-10-08,2024-11-07
CPN0005201,RID0034025,FEST100,Festive season offer,flat,100,42.45,2026-06-24,2026-07-17
CPN0005202,RID0034028,FEST100,Festive season offer,flat,100,20.89,2026-01-04,2026-02-02
CPN0005203,RID0034045,LOYAL30,Loyalty reward,flat,30,30.0,2024-07-07,2024-07-18
CPN0005204,RID0034048,WELCOME50,New user welcome offer,flat,50,19.8,2024-09-04,2024-10-01
CPN0005205,RID0034049,FEST100,Festive season offer,flat,100,30.12,2026-01-30,2026-03-05
CPN0005206,RID0034057,FIRST20,First ride discount,percentage,20,17.34,2026-02-06,2026-03-12
CPN0005207,RID0034060,WELCOME50,New user welcome offer,flat,50,50.0,2024-11-18,2024-12-08
CPN0005208,RID0034064,LOYAL30,Loyalty reward,flat,30,30.0,2025-06-30,2025-08-03
CPN0005209,RID0034075,FIRST20,First ride discount,percentage,20,15.41,2025-08-10,2025-09-06
CPN0005210,RID0034080,WEEKEND15,Weekend ride offer,percentage,15,19.21,2024-02-08,2024-02-26
CPN0005211,RID0034090,WEEKEND15,Weekend ride offer,percentage,15,6.43,2025-01-06,2025-02-01
CPN0005212,RID0034093,FIRST20,First ride discount,percentage,20,20.54,2025-07-04,2025-07-27
CPN0005213,RID0034112,RAINY10,Monsoon special,percentage,10,4.57,2026-04-09,2026-05-03
CPN0005214,RID0034116,WEEKEND15,Weekend ride offer,percentage,15,8.82,2024-10-06,2024-11-04
CPN0005215,RID0034128,FEST100,Festive season offer,flat,100,28.98,2024-08-09,2024-09-07
CPN0005216,RID0034149,LOYAL30,Loyalty reward,flat,30,30.0,2024-07-13,2024-08-15
CPN0005217,RID0034150,RAINY10,Monsoon special,percentage,10,9.34,2025-04-09,2025-05-02
CPN0005218,RID0034151,FIRST20,First ride discount,percentage,20,18.68,2025-11-12,2025-12-05
CPN0005219,RID0034154,LOYAL30,Loyalty reward,flat,30,30.0,2026-06-29,2026-07-10
CPN0005220,RID0034162,WEEKEND15,Weekend ride offer,percentage,15,21.45,2026-06-16,2026-07-22
CPN0005221,RID0034169,RAINY10,Monsoon special,percentage,10,2.72,2024-08-25,2024-09-14
CPN0005222,RID0034170,RAINY10,Monsoon special,percentage,10,4.97,2024-02-10,2024-03-06
CPN0005223,RID0034171,FEST100,Festive season offer,flat,100,32.26,2024-03-17,2024-04-08
CPN0005224,RID0034175,LOYAL30,Loyalty reward,flat,30,27.78,2024-12-29,2025-01-16
CPN0005225,RID0034178,LOYAL30,Loyalty reward,flat,30,30.0,2024-05-26,2024-06-21
CPN0005226,RID0034179,RAINY10,Monsoon special,percentage,10,9.01,2025-07-14,2025-08-12
CPN0005227,RID0034182,LOYAL30,Loyalty reward,flat,30,30.0,2024-10-27,2024-11-11
CPN0005228,RID0034186,RAINY10,Monsoon special,percentage,10,5.0,2025-01-25,2025-02-17
CPN0005229,RID0034187,LOYAL30,Loyalty reward,flat,30,30.0,2025-12-16,2026-01-14
CPN0005230,RID0034190,LOYAL30,Loyalty reward,flat,30,30.0,2024-10-12,2024-11-06
CPN0005231,RID0034196,RAINY10,Monsoon special,percentage,10,6.46,2024-02-26,2024-03-16
CPN0005232,RID0034198,WELCOME50,New user welcome offer,flat,50,10.32,2025-04-11,2025-05-19
CPN0005233,RID0034203,WEEKEND15,Weekend ride offer,percentage,15,3.32,2024-12-25,2025-01-16
CPN0005234,RID0034208,WEEKEND15,Weekend ride offer,percentage,15,10.8,2025-07-05,2025-07-31
CPN0005235,RID0034211,RAINY10,Monsoon special,percentage,10,4.78,2024-04-05,2024-04-24
CPN0005236,RID0034214,FEST100,Festive season offer,flat,100,41.28,2024-09-15,2024-10-12
CPN0005237,RID0034234,FEST100,Festive season offer,flat,100,27.18,2025-10-17,2025-11-26
CPN0005238,RID0034235,WELCOME50,New user welcome offer,flat,50,49.98,2025-11-26,2025-12-27
CPN0005239,RID0034242,FIRST20,First ride discount,percentage,20,33.49,2025-06-02,2025-07-04
CPN0005240,RID0034251,FEST100,Festive season offer,flat,100,29.52,2026-06-04,2026-06-30
CPN0005241,RID0034259,FIRST20,First ride discount,percentage,20,7.02,2026-03-19,2026-04-06
CPN0005242,RID0034260,WEEKEND15,Weekend ride offer,percentage,15,5.25,2026-04-14,2026-05-05
CPN0005243,RID0034278,LOYAL30,Loyalty reward,flat,30,29.52,2024-06-26,2024-07-21
CPN0005244,RID0034280,WEEKEND15,Weekend ride offer,percentage,15,35.81,2025-10-29,2025-11-18
CPN0005245,RID0034281,WEEKEND15,Weekend ride offer,percentage,15,8.39,2026-06-08,2026-06-29
CPN0005246,RID0034284,WELCOME50,New user welcome offer,flat,50,50.0,2025-05-24,2025-06-15
CPN0005247,RID0034289,RAINY10,Monsoon special,percentage,10,10.63,2026-05-28,2026-06-23
CPN0005248,RID0034293,FEST100,Festive season offer,flat,100,37.32,2024-07-15,2024-08-10
CPN0005249,RID0034297,LOYAL30,Loyalty reward,flat,30,30.0,2025-04-29,2025-05-17
CPN0005250,RID0034298,WEEKEND15,Weekend ride offer,percentage,15,12.85,2024-06-16,2024-07-13
CPN0005251,RID0034300,WELCOME50,New user welcome offer,flat,50,50.0,2025-07-13,2025-08-15
CPN0005252,RID0034303,FIRST20,First ride discount,percentage,20,10.85,2024-11-25,2024-12-27
CPN0005253,RID0034310,LOYAL30,Loyalty reward,flat,30,30.0,2024-10-26,2024-11-21
CPN0005254,RID0034312,RAINY10,Monsoon special,percentage,10,4.54,2025-06-02,2025-07-01
CPN0005255,RID0034319,WELCOME50,New user welcome offer,flat,50,50.0,2024-09-29,2024-11-01
CPN0005256,RID0034333,WEEKEND15,Weekend ride offer,percentage,15,31.69,2025-03-04,2025-04-11
CPN0005257,RID0034340,FEST100,Festive season offer,flat,100,57.9,2024-09-12,2024-10-08
CPN0005258,RID0034350,RAINY10,Monsoon special,percentage,10,12.12,2026-01-15,2026-02-11
CPN0005259,RID0034357,WELCOME50,New user welcome offer,flat,50,50.0,2025-11-21,2025-12-24
CPN0005260,RID0034359,FIRST20,First ride discount,percentage,20,10.7,2024-03-07,2024-03-26
CPN0005261,RID0034366,WEEKEND15,Weekend ride offer,percentage,15,19.57,2024-10-22,2024-11-10
CPN0005262,RID0034390,WELCOME50,New user welcome offer,flat,50,34.38,2024-12-04,2024-12-28
CPN0005263,RID0034391,WELCOME50,New user welcome offer,flat,50,25.38,2026-05-04,2026-05-22
CPN0005264,RID0034404,LOYAL30,Loyalty reward,flat,30,30.0,2024-01-22,2024-02-06
CPN0005265,RID0034412,WEEKEND15,Weekend ride offer,percentage,15,14.45,2024-07-27,2024-08-11
CPN0005266,RID0034420,RAINY10,Monsoon special,percentage,10,10.4,2024-05-15,2024-06-04
CPN0005267,RID0034455,WEEKEND15,Weekend ride offer,percentage,15,41.8,2025-02-13,2025-03-14
CPN0005268,RID0034456,FIRST20,First ride discount,percentage,20,4.91,2024-02-20,2024-03-20
CPN0005269,RID0034458,WEEKEND15,Weekend ride offer,percentage,15,4.08,2025-11-13,2025-12-15
CPN0005270,RID0034475,FEST100,Festive season offer,flat,100,54.9,2025-02-12,2025-03-05
CPN0005271,RID0034483,WELCOME50,New user welcome offer,flat,50,50.0,2025-05-07,2025-06-04
CPN0005272,RID0034485,RAINY10,Monsoon special,percentage,10,10.68,2026-04-30,2026-05-26
CPN0005273,RID0034493,FEST100,Festive season offer,flat,100,100.0,2025-04-12,2025-05-04
CPN0005274,RID0034494,WELCOME50,New user welcome offer,flat,50,50.0,2026-04-02,2026-04-28
CPN0005275,RID0034506,WELCOME50,New user welcome offer,flat,50,42.4,2025-05-10,2025-05-22
CPN0005276,RID0034507,FIRST20,First ride discount,percentage,20,18.88,2026-03-24,2026-04-18
CPN0005277,RID0034516,FIRST20,First ride discount,percentage,20,54.29,2026-06-22,2026-07-17
CPN0005278,RID0034528,WELCOME50,New user welcome offer,flat,50,45.67,2025-07-01,2025-07-12
CPN0005279,RID0034533,LOYAL30,Loyalty reward,flat,30,27.18,2024-01-18,2024-02-20
CPN0005280,RID0034552,WELCOME50,New user welcome offer,flat,50,50.0,2024-09-23,2024-10-22
CPN0005281,RID0034572,WEEKEND15,Weekend ride offer,percentage,15,5.97,2025-01-03,2025-01-23
CPN0005282,RID0034574,FIRST20,First ride discount,percentage,20,13.06,2025-02-11,2025-03-11
CPN0005283,RID0034578,LOYAL30,Loyalty reward,flat,30,30.0,2024-09-15,2024-10-16
CPN0005284,RID0034581,FIRST20,First ride discount,percentage,20,15.53,2026-05-13,2026-06-06
CPN0005285,RID0034582,FEST100,Festive season offer,flat,100,59.52,2025-08-30,2025-09-12
CPN0005286,RID0034584,WELCOME50,New user welcome offer,flat,50,44.8,2025-04-25,2025-05-20
CPN0005287,RID0034587,FIRST20,First ride discount,percentage,20,10.57,2024-08-09,2024-09-03
CPN0005288,RID0034597,WEEKEND15,Weekend ride offer,percentage,15,10.42,2025-09-29,2025-10-23
CPN0005289,RID0034599,FEST100,Festive season offer,flat,100,29.58,2025-11-12,2025-12-15
CPN0005290,RID0034604,LOYAL30,Loyalty reward,flat,30,23.7,2024-04-21,2024-05-18
CPN0005291,RID0034611,LOYAL30,Loyalty reward,flat,30,30.0,2026-03-25,2026-05-01
CPN0005292,RID0034613,RAINY10,Monsoon special,percentage,10,9.34,2025-09-17,2025-10-21
CPN0005293,RID0034615,LOYAL30,Loyalty reward,flat,30,30.0,2024-02-27,2024-03-15
CPN0005294,RID0034619,FEST100,Festive season offer,flat,100,28.08,2024-05-28,2024-06-20
CPN0005295,RID0034621,RAINY10,Monsoon special,percentage,10,15.12,2025-06-15,2025-07-13
CPN0005296,RID0034622,FEST100,Festive season offer,flat,100,21.09,2026-04-16,2026-05-08
CPN0005297,RID0034624,FEST100,Festive season offer,flat,100,50.46,2024-11-08,2024-12-01
CPN0005298,RID0034628,LOYAL30,Loyalty reward,flat,30,30.0,2026-03-15,2026-04-08
CPN0005299,RID0034630,RAINY10,Monsoon special,percentage,10,9.38,2024-07-10,2024-08-08
CPN0005300,RID0034631,WEEKEND15,Weekend ride offer,percentage,15,9.57,2025-12-23,2026-01-27
CPN0005301,RID0034633,FIRST20,First ride discount,percentage,20,31.88,2024-01-24,2024-02-25
CPN0005302,RID0034635,FIRST20,First ride discount,percentage,20,22.58,2025-03-12,2025-03-31
CPN0005303,RID0034650,WEEKEND15,Weekend ride offer,percentage,15,22.01,2025-08-28,2025-09-21
CPN0005304,RID0034651,FIRST20,First ride discount,percentage,20,8.42,2026-02-19,2026-03-02
CPN0005305,RID0034668,FEST100,Festive season offer,flat,100,59.13,2024-07-25,2024-08-17
CPN0005306,RID0034684,FEST100,Festive season offer,flat,100,30.66,2025-11-05,2025-12-11
CPN0005307,RID0034685,LOYAL30,Loyalty reward,flat,30,30.0,2026-06-02,2026-06-26
CPN0005308,RID0034689,WEEKEND15,Weekend ride offer,percentage,15,7.15,2025-06-07,2025-06-26
CPN0005309,RID0034705,FEST100,Festive season offer,flat,100,41.47,2024-03-28,2024-04-22
CPN0005310,RID0034707,RAINY10,Monsoon special,percentage,10,6.2,2025-06-16,2025-07-05
CPN0005311,RID0034712,WEEKEND15,Weekend ride offer,percentage,15,3.3,2026-01-27,2026-02-07
CPN0005312,RID0034714,RAINY10,Monsoon special,percentage,10,8.55,2024-02-15,2024-03-08
CPN0005313,RID0034718,FEST100,Festive season offer,flat,100,94.7,2025-09-23,2025-10-18
CPN0005314,RID0034723,LOYAL30,Loyalty reward,flat,30,16.67,2025-04-28,2025-06-04
CPN0005315,RID0034729,FEST100,Festive season offer,flat,100,58.8,2024-11-30,2024-12-27
CPN0005316,RID0034734,FIRST20,First ride discount,percentage,20,44.95,2024-08-05,2024-08-31
CPN0005317,RID0034742,FEST100,Festive season offer,flat,100,22.35,2025-12-10,2026-01-09
CPN0005318,RID0034743,FIRST20,First ride discount,percentage,20,21.2,2026-04-03,2026-05-10
CPN0005319,RID0034747,WEEKEND15,Weekend ride offer,percentage,15,18.29,2024-04-24,2024-05-14
CPN0005320,RID0034762,FEST100,Festive season offer,flat,100,51.75,2025-03-27,2025-04-13
CPN0005321,RID0034764,WELCOME50,New user welcome offer,flat,50,29.45,2024-02-17,2024-03-11
CPN0005322,RID0034770,RAINY10,Monsoon special,percentage,10,12.63,2025-11-28,2026-01-01
CPN0005323,RID0034772,RAINY10,Monsoon special,percentage,10,5.94,2025-11-03,2025-11-19
CPN0005324,RID0034780,WEEKEND15,Weekend ride offer,percentage,15,9.72,2025-01-09,2025-02-09
CPN0005325,RID0034784,FEST100,Festive season offer,flat,100,48.72,2025-04-12,2025-05-04
CPN0005326,RID0034785,LOYAL30,Loyalty reward,flat,30,30.0,2025-05-29,2025-06-19
CPN0005327,RID0034788,WELCOME50,New user welcome offer,flat,50,18.3,2026-05-17,2026-06-13
CPN0005328,RID0034790,WELCOME50,New user welcome offer,flat,50,50.0,2024-10-02,2024-11-08
CPN0005329,RID0034793,WEEKEND15,Weekend ride offer,percentage,15,30.83,2024-05-11,2024-05-29
CPN0005330,RID0034797,FIRST20,First ride discount,percentage,20,21.99,2024-05-11,2024-05-31
CPN0005331,RID0034798,LOYAL30,Loyalty reward,flat,30,30.0,2025-11-17,2025-12-20
CPN0005332,RID0034803,LOYAL30,Loyalty reward,flat,30,26.36,2024-04-17,2024-05-06
CPN0005333,RID0034805,FIRST20,First ride discount,percentage,20,6.62,2025-10-19,2025-11-11
CPN0005334,RID0034806,FEST100,Festive season offer,flat,100,18.0,2025-09-29,2025-10-28
CPN0005335,RID0034814,FEST100,Festive season offer,flat,100,28.08,2026-01-24,2026-02-12
CPN0005336,RID0034837,WEEKEND15,Weekend ride offer,percentage,15,9.05,2024-01-05,2024-02-10
CPN0005337,RID0034838,FIRST20,First ride discount,percentage,20,29.45,2026-04-18,2026-05-19
CPN0005338,RID0034851,FIRST20,First ride discount,percentage,20,19.31,2024-03-20,2024-04-10
CPN0005339,RID0034859,LOYAL30,Loyalty reward,flat,30,30.0,2026-02-13,2026-03-20
CPN0005340,RID0034862,RAINY10,Monsoon special,percentage,10,5.77,2025-10-10,2025-11-05
CPN0005341,RID0034865,LOYAL30,Loyalty reward,flat,30,22.46,2026-02-27,2026-03-22
CPN0005342,RID0034868,FIRST20,First ride discount,percentage,20,9.72,2025-03-27,2025-04-14
CPN0005343,RID0034872,WEEKEND15,Weekend ride offer,percentage,15,10.38,2025-11-12,2025-11-27
CPN0005344,RID0034877,RAINY10,Monsoon special,percentage,10,24.3,2025-08-04,2025-08-22
CPN0005345,RID0034901,WEEKEND15,Weekend ride offer,percentage,15,8.51,2025-08-27,2025-09-17
CPN0005346,RID0034907,WELCOME50,New user welcome offer,flat,50,24.22,2025-06-27,2025-07-29
CPN0005347,RID0034912,WEEKEND15,Weekend ride offer,percentage,15,3.71,2025-12-03,2026-01-05
CPN0005348,RID0034924,FEST100,Festive season offer,flat,100,45.1,2024-01-27,2024-02-11
CPN0005349,RID0034926,WEEKEND15,Weekend ride offer,percentage,15,30.65,2024-01-23,2024-02-15
CPN0005350,RID0034930,FEST100,Festive season offer,flat,100,21.48,2025-06-18,2025-07-24
CPN0005351,RID0034948,LOYAL30,Loyalty reward,flat,30,28.71,2024-03-06,2024-04-06
CPN0005352,RID0034962,LOYAL30,Loyalty reward,flat,30,26.46,2024-09-08,2024-09-20
CPN0005353,RID0034963,RAINY10,Monsoon special,percentage,10,13.38,2025-02-16,2025-03-15
CPN0005354,RID0034965,LOYAL30,Loyalty reward,flat,30,30.0,2024-06-07,2024-06-20
CPN0005355,RID0034966,WELCOME50,New user welcome offer,flat,50,50.0,2024-01-23,2024-02-25
CPN0005356,RID0034967,WEEKEND15,Weekend ride offer,percentage,15,6.03,2024-03-03,2024-03-15
CPN0005357,RID0034973,RAINY10,Monsoon special,percentage,10,13.45,2025-01-01,2025-01-22
CPN0005358,RID0034977,WEEKEND15,Weekend ride offer,percentage,15,6.25,2024-01-31,2024-02-17
CPN0005359,RID0034979,WEEKEND15,Weekend ride offer,percentage,15,6.59,2024-02-21,2024-03-10
CPN0005360,RID0034982,LOYAL30,Loyalty reward,flat,30,30.0,2025-07-29,2025-08-26
CPN0005361,RID0034991,FIRST20,First ride discount,percentage,20,27.72,2023-12-30,2024-02-02
CPN0005362,RID0034992,RAINY10,Monsoon special,percentage,10,12.99,2024-09-07,2024-09-25
CPN0005363,RID0034996,FEST100,Festive season offer,flat,100,100.0,2024-09-16,2024-09-30
CPN0005364,RID0034997,LOYAL30,Loyalty reward,flat,30,22.02,2024-05-16,2024-06-19
CPN0005365,RID0035003,FEST100,Festive season offer,flat,100,22.87,2024-06-01,2024-06-29
CPN0005366,RID0035005,RAINY10,Monsoon special,percentage,10,8.9,2025-07-21,2025-08-13
CPN0005367,RID0035010,WEEKEND15,Weekend ride offer,percentage,15,14.33,2026-07-02,2026-07-28
CPN0005368,RID0035016,WEEKEND15,Weekend ride offer,percentage,15,31.69,2024-03-27,2024-04-16
CPN0005369,RID0035018,LOYAL30,Loyalty reward,flat,30,30.0,2025-02-21,2025-03-08
CPN0005370,RID0035019,WELCOME50,New user welcome offer,flat,50,35.31,2026-03-07,2026-03-27
CPN0005371,RID0035030,RAINY10,Monsoon special,percentage,10,6.51,2026-04-22,2026-05-07
CPN0005372,RID0035032,FIRST20,First ride discount,percentage,20,15.96,2025-01-06,2025-02-04
CPN0005373,RID0035036,WEEKEND15,Weekend ride offer,percentage,15,5.19,2025-08-06,2025-08-24
CPN0005374,RID0035042,LOYAL30,Loyalty reward,flat,30,30.0,2024-10-09,2024-11-07
CPN0005375,RID0035043,RAINY10,Monsoon special,percentage,10,3.1,2024-12-02,2024-12-23
CPN0005376,RID0035046,FEST100,Festive season offer,flat,100,14.4,2024-05-16,2024-06-04
CPN0005377,RID0035053,RAINY10,Monsoon special,percentage,10,6.9,2026-04-05,2026-05-12
CPN0005378,RID0035054,WEEKEND15,Weekend ride offer,percentage,15,20.27,2025-04-25,2025-05-25
CPN0005379,RID0035055,WELCOME50,New user welcome offer,flat,50,23.0,2024-08-29,2024-09-16
CPN0005380,RID0035071,FIRST20,First ride discount,percentage,20,11.0,2024-09-12,2024-10-17
CPN0005381,RID0035079,LOYAL30,Loyalty reward,flat,30,30.0,2025-12-02,2025-12-20
CPN0005382,RID0035080,LOYAL30,Loyalty reward,flat,30,30.0,2024-06-28,2024-07-19
CPN0005383,RID0035085,LOYAL30,Loyalty reward,flat,30,30.0,2024-12-31,2025-01-29
CPN0005384,RID0035098,FIRST20,First ride discount,percentage,20,46.01,2025-05-23,2025-06-07
CPN0005385,RID0035108,WEEKEND15,Weekend ride offer,percentage,15,15.8,2024-10-07,2024-10-20
CPN0005386,RID0035112,FEST100,Festive season offer,flat,100,30.0,2025-11-19,2025-12-18
CPN0005387,RID0035128,RAINY10,Monsoon special,percentage,10,16.15,2025-11-07,2025-11-28
CPN0005388,RID0035134,LOYAL30,Loyalty reward,flat,30,30.0,2025-04-08,2025-05-01
CPN0005389,RID0035136,WELCOME50,New user welcome offer,flat,50,32.74,2026-01-09,2026-02-08
CPN0005390,RID0035140,WEEKEND15,Weekend ride offer,percentage,15,15.63,2025-09-24,2025-10-13
CPN0005391,RID0035141,FIRST20,First ride discount,percentage,20,39.6,2025-02-12,2025-03-10
CPN0005392,RID0035167,FIRST20,First ride discount,percentage,20,14.33,2025-03-14,2025-04-01
CPN0005393,RID0035169,LOYAL30,Loyalty reward,flat,30,30.0,2026-02-07,2026-03-15
CPN0005394,RID0035186,FIRST20,First ride discount,percentage,20,14.22,2024-07-06,2024-07-31
CPN0005395,RID0035190,LOYAL30,Loyalty reward,flat,30,30.0,2024-02-17,2024-03-05
CPN0005396,RID0035192,FEST100,Festive season offer,flat,100,32.14,2025-06-16,2025-07-10
CPN0005397,RID0035202,FIRST20,First ride discount,percentage,20,6.92,2025-10-05,2025-10-24
CPN0005398,RID0035205,WELCOME50,New user welcome offer,flat,50,50.0,2024-08-03,2024-08-26
CPN0005399,RID0035207,FEST100,Festive season offer,flat,100,100.0,2025-08-10,2025-09-08
CPN0005400,RID0035221,WEEKEND15,Weekend ride offer,percentage,15,7.46,2025-04-24,2025-05-24
CPN0005401,RID0035225,FIRST20,First ride discount,percentage,20,28.87,2026-03-18,2026-04-02
CPN0005402,RID0035226,WEEKEND15,Weekend ride offer,percentage,15,8.49,2024-06-26,2024-07-23
CPN0005403,RID0035233,LOYAL30,Loyalty reward,flat,30,24.67,2024-07-30,2024-08-21
CPN0005404,RID0035238,FIRST20,First ride discount,percentage,20,18.7,2026-04-11,2026-05-10
CPN0005405,RID0035241,LOYAL30,Loyalty reward,flat,30,30.0,2023-12-23,2024-01-18
CPN0005406,RID0035242,FIRST20,First ride discount,percentage,20,8.81,2024-06-25,2024-07-17
CPN0005407,RID0035243,WELCOME50,New user welcome offer,flat,50,50.0,2025-11-10,2025-12-06
CPN0005408,RID0035246,RAINY10,Monsoon special,percentage,10,14.48,2024-12-24,2025-01-28
CPN0005409,RID0035252,LOYAL30,Loyalty reward,flat,30,20.52,2025-10-18,2025-11-25
CPN0005410,RID0035258,FIRST20,First ride discount,percentage,20,18.22,2026-03-20,2026-04-22
CPN0005411,RID0035270,LOYAL30,Loyalty reward,flat,30,30.0,2024-09-20,2024-10-19
CPN0005412,RID0035279,LOYAL30,Loyalty reward,flat,30,14.99,2025-01-11,2025-02-04
CPN0005413,RID0035289,FEST100,Festive season offer,flat,100,100.0,2024-07-26,2024-08-17
CPN0005414,RID0035295,FEST100,Festive season offer,flat,100,11.1,2026-03-16,2026-04-16
CPN0005415,RID0035298,FEST100,Festive season offer,flat,100,41.82,2024-04-08,2024-05-16
CPN0005416,RID0035319,WEEKEND15,Weekend ride offer,percentage,15,21.43,2024-06-22,2024-07-20
CPN0005417,RID0035341,FIRST20,First ride discount,percentage,20,22.85,2025-01-23,2025-02-08
CPN0005418,RID0035343,FIRST20,First ride discount,percentage,20,46.25,2025-11-21,2025-12-17
CPN0005419,RID0035351,WELCOME50,New user welcome offer,flat,50,21.24,2024-01-24,2024-02-18
CPN0005420,RID0035372,FEST100,Festive season offer,flat,100,20.1,2023-12-21,2024-01-22
CPN0005421,RID0035376,LOYAL30,Loyalty reward,flat,30,30.0,2025-01-14,2025-02-10
CPN0005422,RID0035378,WEEKEND15,Weekend ride offer,percentage,15,21.29,2026-01-26,2026-03-03
CPN0005423,RID0035383,LOYAL30,Loyalty reward,flat,30,25.61,2025-05-09,2025-05-22
CPN0005424,RID0035387,FIRST20,First ride discount,percentage,20,17.02,2025-04-27,2025-05-22
CPN0005425,RID0035394,FIRST20,First ride discount,percentage,20,66.54,2025-12-28,2026-02-03
CPN0005426,RID0035396,WELCOME50,New user welcome offer,flat,50,50.0,2024-01-06,2024-01-30
CPN0005427,RID0035423,FEST100,Festive season offer,flat,100,100.0,2026-02-22,2026-03-24
CPN0005428,RID0035431,WEEKEND15,Weekend ride offer,percentage,15,13.95,2024-04-18,2024-05-12
CPN0005429,RID0035446,FIRST20,First ride discount,percentage,20,22.85,2026-02-20,2026-03-13
CPN0005430,RID0035447,FIRST20,First ride discount,percentage,20,30.28,2024-04-15,2024-05-13
CPN0005431,RID0035472,RAINY10,Monsoon special,percentage,10,14.39,2024-12-26,2025-01-22
CPN0005432,RID0035488,FIRST20,First ride discount,percentage,20,15.38,2026-01-07,2026-01-31
CPN0005433,RID0035492,WELCOME50,New user welcome offer,flat,50,47.02,2025-11-01,2025-12-04
CPN0005434,RID0035505,WEEKEND15,Weekend ride offer,percentage,15,17.11,2025-06-16,2025-07-26
CPN0005435,RID0035516,LOYAL30,Loyalty reward,flat,30,30.0,2024-08-16,2024-09-06
CPN0005436,RID0035536,FEST100,Festive season offer,flat,100,15.71,2025-07-08,2025-08-04
CPN0005437,RID0035539,WELCOME50,New user welcome offer,flat,50,47.23,2024-01-16,2024-02-13
CPN0005438,RID0035541,FIRST20,First ride discount,percentage,20,18.04,2024-11-02,2024-11-28
CPN0005439,RID0035547,FEST100,Festive season offer,flat,100,52.58,2024-03-19,2024-04-23
CPN0005440,RID0035561,FIRST20,First ride discount,percentage,20,49.82,2025-08-08,2025-08-25
CPN0005441,RID0035571,LOYAL30,Loyalty reward,flat,30,30.0,2025-10-25,2025-11-18
CPN0005442,RID0035572,LOYAL30,Loyalty reward,flat,30,30.0,2025-05-10,2025-06-19
CPN0005443,RID0035577,FIRST20,First ride discount,percentage,20,19.45,2024-06-13,2024-07-01
CPN0005444,RID0035580,WEEKEND15,Weekend ride offer,percentage,15,14.27,2026-06-10,2026-07-01
CPN0005445,RID0035583,WEEKEND15,Weekend ride offer,percentage,15,13.98,2024-10-10,2024-11-10
CPN0005446,RID0035588,LOYAL30,Loyalty reward,flat,30,30.0,2024-09-20,2024-10-13
CPN0005447,RID0035593,RAINY10,Monsoon special,percentage,10,3.0,2024-04-07,2024-05-10
CPN0005448,RID0035595,FIRST20,First ride discount,percentage,20,21.64,2026-04-28,2026-05-31
CPN0005449,RID0035598,LOYAL30,Loyalty reward,flat,30,30.0,2024-07-13,2024-08-03
CPN0005450,RID0035603,FEST100,Festive season offer,flat,100,60.91,2026-03-12,2026-04-18
CPN0005451,RID0035608,LOYAL30,Loyalty reward,flat,30,30.0,2024-01-20,2024-02-14
CPN0005452,RID0035625,WEEKEND15,Weekend ride offer,percentage,15,9.67,2024-08-10,2024-08-27
CPN0005453,RID0035631,WEEKEND15,Weekend ride offer,percentage,15,26.96,2024-11-20,2024-12-10
CPN0005454,RID0035647,WELCOME50,New user welcome offer,flat,50,50.0,2025-05-22,2025-06-20
CPN0005455,RID0035651,FEST100,Festive season offer,flat,100,46.32,2026-05-28,2026-06-17
CPN0005456,RID0035655,WELCOME50,New user welcome offer,flat,50,50.0,2025-03-01,2025-04-07
CPN0005457,RID0035682,FEST100,Festive season offer,flat,100,69.76,2026-01-20,2026-02-13
CPN0005458,RID0035689,WEEKEND15,Weekend ride offer,percentage,15,6.21,2026-02-10,2026-02-26
CPN0005459,RID0035692,FEST100,Festive season offer,flat,100,23.29,2026-02-26,2026-03-30
CPN0005460,RID0035701,LOYAL30,Loyalty reward,flat,30,24.12,2025-06-26,2025-07-11
CPN0005461,RID0035702,RAINY10,Monsoon special,percentage,10,7.45,2025-01-03,2025-02-07
CPN0005462,RID0035704,FIRST20,First ride discount,percentage,20,29.03,2025-03-23,2025-04-25
CPN0005463,RID0035705,LOYAL30,Loyalty reward,flat,30,22.42,2025-07-22,2025-08-11
CPN0005464,RID0035710,FIRST20,First ride discount,percentage,20,13.37,2024-07-28,2024-08-28
CPN0005465,RID0035727,LOYAL30,Loyalty reward,flat,30,30.0,2024-09-09,2024-09-22
CPN0005466,RID0035729,WELCOME50,New user welcome offer,flat,50,50.0,2025-11-08,2025-12-02
CPN0005467,RID0035733,LOYAL30,Loyalty reward,flat,30,30.0,2024-09-06,2024-10-08
CPN0005468,RID0035736,FIRST20,First ride discount,percentage,20,27.0,2024-07-23,2024-08-26
CPN0005469,RID0035742,WELCOME50,New user welcome offer,flat,50,50.0,2024-05-05,2024-05-31
CPN0005470,RID0035744,WELCOME50,New user welcome offer,flat,50,35.54,2024-07-29,2024-08-30
CPN0005471,RID0035746,RAINY10,Monsoon special,percentage,10,11.4,2024-07-22,2024-08-06
CPN0005472,RID0035761,RAINY10,Monsoon special,percentage,10,8.89,2024-07-12,2024-08-03
CPN0005473,RID0035769,LOYAL30,Loyalty reward,flat,30,17.14,2025-03-15,2025-04-11
CPN0005474,RID0035793,RAINY10,Monsoon special,percentage,10,7.28,2025-01-08,2025-02-03
CPN0005475,RID0035819,LOYAL30,Loyalty reward,flat,30,30.0,2026-06-30,2026-07-26
CPN0005476,RID0035821,WEEKEND15,Weekend ride offer,percentage,15,12.22,2025-03-03,2025-04-09
CPN0005477,RID0035833,LOYAL30,Loyalty reward,flat,30,20.88,2026-02-25,2026-03-25
CPN0005478,RID0035850,FEST100,Festive season offer,flat,100,100.0,2025-12-24,2026-01-18
CPN0005479,RID0035855,RAINY10,Monsoon special,percentage,10,8.1,2025-04-02,2025-05-01
CPN0005480,RID0035866,WEEKEND15,Weekend ride offer,percentage,15,11.24,2026-06-18,2026-07-11
CPN0005481,RID0035872,FIRST20,First ride discount,percentage,20,26.92,2024-01-29,2024-02-20
CPN0005482,RID0035887,FEST100,Festive season offer,flat,100,18.18,2024-05-03,2024-05-28
CPN0005483,RID0035890,RAINY10,Monsoon special,percentage,10,13.02,2024-04-13,2024-04-27
CPN0005484,RID0035892,FIRST20,First ride discount,percentage,20,19.73,2025-08-24,2025-09-17
CPN0005485,RID0035907,LOYAL30,Loyalty reward,flat,30,30.0,2026-07-07,2026-07-20
CPN0005486,RID0035913,FIRST20,First ride discount,percentage,20,36.12,2025-01-22,2025-03-02
CPN0005487,RID0035917,WELCOME50,New user welcome offer,flat,50,44.64,2024-05-31,2024-06-24
CPN0005488,RID0035918,FIRST20,First ride discount,percentage,20,27.44,2026-03-16,2026-04-15
CPN0005489,RID0035921,FIRST20,First ride discount,percentage,20,25.34,2025-02-19,2025-03-18
CPN0005490,RID0035933,WEEKEND15,Weekend ride offer,percentage,15,15.27,2025-05-05,2025-06-08
CPN0005491,RID0035940,WEEKEND15,Weekend ride offer,percentage,15,10.62,2024-05-06,2024-05-23
CPN0005492,RID0035957,FEST100,Festive season offer,flat,100,61.56,2024-05-23,2024-07-01
CPN0005493,RID0035958,WEEKEND15,Weekend ride offer,percentage,15,8.96,2024-12-02,2025-01-05
CPN0005494,RID0035989,WEEKEND15,Weekend ride offer,percentage,15,25.44,2024-02-02,2024-02-24
CPN0005495,RID0035996,FIRST20,First ride discount,percentage,20,5.41,2024-07-21,2024-08-09
CPN0005496,RID0036016,RAINY10,Monsoon special,percentage,10,34.38,2024-03-22,2024-04-12
CPN0005497,RID0036032,FIRST20,First ride discount,percentage,20,57.07,2025-03-09,2025-04-13
CPN0005498,RID0036034,WELCOME50,New user welcome offer,flat,50,50.0,2026-02-25,2026-03-19
CPN0005499,RID0036035,WEEKEND15,Weekend ride offer,percentage,15,15.2,2024-02-17,2024-03-08
CPN0005500,RID0036036,LOYAL30,Loyalty reward,flat,30,30.0,2024-11-08,2024-11-29
CPN0005501,RID0036064,FIRST20,First ride discount,percentage,20,7.91,2024-10-02,2024-10-31
CPN0005502,RID0036072,FEST100,Festive season offer,flat,100,51.6,2024-08-13,2024-09-13
CPN0005503,RID0036076,LOYAL30,Loyalty reward,flat,30,29.48,2026-05-26,2026-06-11
CPN0005504,RID0036078,RAINY10,Monsoon special,percentage,10,3.71,2024-07-22,2024-08-20
CPN0005505,RID0036083,FEST100,Festive season offer,flat,100,32.14,2023-12-25,2024-01-27
CPN0005506,RID0036086,FIRST20,First ride discount,percentage,20,30.73,2024-05-25,2024-06-17
CPN0005507,RID0036090,RAINY10,Monsoon special,percentage,10,10.56,2024-08-11,2024-08-26
CPN0005508,RID0036092,LOYAL30,Loyalty reward,flat,30,30.0,2024-10-21,2024-11-16
CPN0005509,RID0036102,FIRST20,First ride discount,percentage,20,7.82,2024-10-21,2024-11-09
CPN0005510,RID0036120,FIRST20,First ride discount,percentage,20,4.4,2025-03-16,2025-04-11
CPN0005511,RID0036133,WELCOME50,New user welcome offer,flat,50,48.24,2024-04-12,2024-05-05
CPN0005512,RID0036134,WEEKEND15,Weekend ride offer,percentage,15,13.68,2025-01-07,2025-01-31
CPN0005513,RID0036139,FEST100,Festive season offer,flat,100,43.16,2025-06-11,2025-06-29
CPN0005514,RID0036162,FEST100,Festive season offer,flat,100,45.22,2024-02-25,2024-03-21
CPN0005515,RID0036166,RAINY10,Monsoon special,percentage,10,3.85,2024-04-28,2024-05-13
CPN0005516,RID0036171,FIRST20,First ride discount,percentage,20,6.36,2025-01-20,2025-02-09
CPN0005517,RID0036177,RAINY10,Monsoon special,percentage,10,3.28,2025-02-13,2025-03-24
CPN0005518,RID0036179,FIRST20,First ride discount,percentage,20,18.99,2025-07-29,2025-08-17
CPN0005519,RID0036194,LOYAL30,Loyalty reward,flat,30,12.18,2025-08-15,2025-09-07
CPN0005520,RID0036199,LOYAL30,Loyalty reward,flat,30,30.0,2024-01-01,2024-01-31
CPN0005521,RID0036200,FEST100,Festive season offer,flat,100,26.88,2025-05-24,2025-06-27
CPN0005522,RID0036204,RAINY10,Monsoon special,percentage,10,7.1,2024-05-26,2024-06-14
CPN0005523,RID0036214,FIRST20,First ride discount,percentage,20,14.34,2023-12-30,2024-01-27
CPN0005524,RID0036216,WEEKEND15,Weekend ride offer,percentage,15,8.41,2024-08-09,2024-08-24
CPN0005525,RID0036227,WELCOME50,New user welcome offer,flat,50,46.08,2025-02-18,2025-03-15
CPN0005526,RID0036234,LOYAL30,Loyalty reward,flat,30,30.0,2024-11-02,2024-11-28
CPN0005527,RID0036247,WELCOME50,New user welcome offer,flat,50,26.1,2025-06-04,2025-06-18
CPN0005528,RID0036252,RAINY10,Monsoon special,percentage,10,7.32,2024-06-06,2024-07-14
CPN0005529,RID0036272,FEST100,Festive season offer,flat,100,13.18,2024-07-11,2024-08-02
CPN0005530,RID0036276,LOYAL30,Loyalty reward,flat,30,30.0,2026-01-26,2026-02-18
CPN0005531,RID0036279,LOYAL30,Loyalty reward,flat,30,25.5,2025-11-30,2025-12-20
CPN0005532,RID0036280,LOYAL30,Loyalty reward,flat,30,30.0,2025-04-05,2025-05-05
CPN0005533,RID0036281,RAINY10,Monsoon special,percentage,10,12.76,2025-02-19,2025-03-18
CPN0005534,RID0036286,RAINY10,Monsoon special,percentage,10,7.36,2025-08-08,2025-09-06
CPN0005535,RID0036291,WELCOME50,New user welcome offer,flat,50,22.86,2024-01-18,2024-02-06
CPN0005536,RID0036295,RAINY10,Monsoon special,percentage,10,16.24,2024-06-08,2024-07-11
CPN0005537,RID0036302,RAINY10,Monsoon special,percentage,10,7.68,2024-10-28,2024-11-25
CPN0005538,RID0036308,WEEKEND15,Weekend ride offer,percentage,15,8.14,2025-05-15,2025-06-08
CPN0005539,RID0036314,WEEKEND15,Weekend ride offer,percentage,15,10.02,2024-03-22,2024-04-16
CPN0005540,RID0036317,WEEKEND15,Weekend ride offer,percentage,15,37.84,2024-02-25,2024-03-27
CPN0005541,RID0036323,FIRST20,First ride discount,percentage,20,24.42,2025-04-17,2025-05-25
CPN0005542,RID0036362,WELCOME50,New user welcome offer,flat,50,24.42,2026-06-05,2026-07-03
CPN0005543,RID0036368,FIRST20,First ride discount,percentage,20,8.65,2024-01-16,2024-02-21
CPN0005544,RID0036374,FIRST20,First ride discount,percentage,20,18.36,2026-02-12,2026-02-27
CPN0005545,RID0036387,LOYAL30,Loyalty reward,flat,30,11.76,2024-12-24,2025-01-08
CPN0005546,RID0036388,RAINY10,Monsoon special,percentage,10,31.77,2025-12-13,2025-12-29
CPN0005547,RID0036409,FIRST20,First ride discount,percentage,20,11.74,2024-07-31,2024-08-29
CPN0005548,RID0036417,WELCOME50,New user welcome offer,flat,50,42.18,2025-10-16,2025-11-17
CPN0005549,RID0036422,WELCOME50,New user welcome offer,flat,50,27.24,2024-03-13,2024-04-09
CPN0005550,RID0036429,FIRST20,First ride discount,percentage,20,16.44,2025-06-27,2025-07-24
CPN0005551,RID0036430,WELCOME50,New user welcome offer,flat,50,40.78,2026-05-01,2026-05-19
CPN0005552,RID0036432,RAINY10,Monsoon special,percentage,10,3.43,2024-08-06,2024-08-28
CPN0005553,RID0036447,WEEKEND15,Weekend ride offer,percentage,15,17.6,2024-04-05,2024-04-30
CPN0005554,RID0036450,WELCOME50,New user welcome offer,flat,50,42.84,2025-05-24,2025-06-19
CPN0005555,RID0036455,FEST100,Festive season offer,flat,100,73.14,2025-12-15,2026-01-20
CPN0005556,RID0036456,FIRST20,First ride discount,percentage,20,5.18,2025-05-10,2025-06-07
CPN0005557,RID0036461,RAINY10,Monsoon special,percentage,10,10.46,2025-10-01,2025-10-18
CPN0005558,RID0036466,WELCOME50,New user welcome offer,flat,50,50.0,2025-09-03,2025-09-27
CPN0005559,RID0036477,FIRST20,First ride discount,percentage,20,17.69,2025-07-17,2025-07-30
CPN0005560,RID0036481,RAINY10,Monsoon special,percentage,10,7.58,2025-02-26,2025-03-28
CPN0005561,RID0036494,LOYAL30,Loyalty reward,flat,30,30.0,2026-04-25,2026-05-12
CPN0005562,RID0036501,LOYAL30,Loyalty reward,flat,30,30.0,2025-02-06,2025-03-06
CPN0005563,RID0036528,LOYAL30,Loyalty reward,flat,30,30.0,2026-04-13,2026-04-29
CPN0005564,RID0036533,FEST100,Festive season offer,flat,100,45.69,2024-08-31,2024-09-27
CPN0005565,RID0036534,LOYAL30,Loyalty reward,flat,30,30.0,2024-08-27,2024-09-17
CPN0005566,RID0036547,RAINY10,Monsoon special,percentage,10,11.38,2026-06-15,2026-07-07
CPN0005567,RID0036554,RAINY10,Monsoon special,percentage,10,5.62,2024-07-03,2024-07-29
CPN0005568,RID0036555,RAINY10,Monsoon special,percentage,10,10.08,2024-06-12,2024-07-09
CPN0005569,RID0036570,WEEKEND15,Weekend ride offer,percentage,15,5.64,2026-03-28,2026-04-25
CPN0005570,RID0036586,RAINY10,Monsoon special,percentage,10,7.36,2024-02-11,2024-03-11
CPN0005571,RID0036591,WEEKEND15,Weekend ride offer,percentage,15,9.23,2025-05-20,2025-06-05
CPN0005572,RID0036595,WELCOME50,New user welcome offer,flat,50,16.75,2025-11-20,2025-12-10
CPN0005573,RID0036610,WEEKEND15,Weekend ride offer,percentage,15,16.85,2025-11-07,2025-11-22
CPN0005574,RID0036619,FIRST20,First ride discount,percentage,20,7.92,2024-10-28,2024-11-21
CPN0005575,RID0036623,RAINY10,Monsoon special,percentage,10,9.46,2024-11-05,2024-12-07
CPN0005576,RID0036627,FEST100,Festive season offer,flat,100,51.34,2026-05-13,2026-05-28
CPN0005577,RID0036630,WELCOME50,New user welcome offer,flat,50,50.0,2025-04-24,2025-05-19
CPN0005578,RID0036639,RAINY10,Monsoon special,percentage,10,7.52,2026-05-11,2026-06-11
CPN0005579,RID0036649,WEEKEND15,Weekend ride offer,percentage,15,10.11,2024-03-18,2024-04-15
CPN0005580,RID0036653,WELCOME50,New user welcome offer,flat,50,50.0,2025-08-25,2025-09-15
CPN0005581,RID0036660,FEST100,Festive season offer,flat,100,39.6,2025-12-26,2026-01-08
CPN0005582,RID0036662,WELCOME50,New user welcome offer,flat,50,39.3,2026-02-10,2026-02-28
CPN0005583,RID0036676,FEST100,Festive season offer,flat,100,55.5,2024-11-06,2024-12-04
CPN0005584,RID0036684,WEEKEND15,Weekend ride offer,percentage,15,21.2,2026-06-21,2026-07-09
CPN0005585,RID0036686,FIRST20,First ride discount,percentage,20,13.54,2025-08-06,2025-08-31
CPN0005586,RID0036704,LOYAL30,Loyalty reward,flat,30,17.37,2026-05-27,2026-06-22
CPN0005587,RID0036718,RAINY10,Monsoon special,percentage,10,8.24,2025-05-14,2025-06-09
CPN0005588,RID0036735,WELCOME50,New user welcome offer,flat,50,34.47,2025-10-13,2025-11-08
CPN0005589,RID0036737,FEST100,Festive season offer,flat,100,29.7,2024-11-06,2024-12-04
CPN0005590,RID0036752,RAINY10,Monsoon special,percentage,10,4.49,2025-12-27,2026-01-24
CPN0005591,RID0036771,LOYAL30,Loyalty reward,flat,30,13.46,2026-05-08,2026-06-10
CPN0005592,RID0036774,WELCOME50,New user welcome offer,flat,50,15.23,2025-04-29,2025-05-15
CPN0005593,RID0036791,FEST100,Festive season offer,flat,100,100.0,2025-02-01,2025-02-27
CPN0005594,RID0036794,WEEKEND15,Weekend ride offer,percentage,15,6.78,2025-12-08,2025-12-31
CPN0005595,RID0036798,FEST100,Festive season offer,flat,100,22.5,2025-09-11,2025-10-04
CPN0005596,RID0036803,FEST100,Festive season offer,flat,100,26.16,2024-02-05,2024-03-03
CPN0005597,RID0036805,WEEKEND15,Weekend ride offer,percentage,15,15.8,2024-03-20,2024-04-21
CPN0005598,RID0036812,RAINY10,Monsoon special,percentage,10,3.69,2026-05-29,2026-06-14
CPN0005599,RID0036825,LOYAL30,Loyalty reward,flat,30,28.9,2024-06-25,2024-07-15
CPN0005600,RID0036830,WELCOME50,New user welcome offer,flat,50,41.58,2026-02-26,2026-03-19
CPN0005601,RID0036835,WELCOME50,New user welcome offer,flat,50,16.16,2024-05-01,2024-06-05
CPN0005602,RID0036839,FIRST20,First ride discount,percentage,20,9.85,2026-05-21,2026-06-16
CPN0005603,RID0036847,LOYAL30,Loyalty reward,flat,30,30.0,2024-03-05,2024-04-10
CPN0005604,RID0036848,RAINY10,Monsoon special,percentage,10,11.58,2025-07-12,2025-08-11
CPN0005605,RID0036852,WELCOME50,New user welcome offer,flat,50,50.0,2025-03-05,2025-03-26
CPN0005606,RID0036859,RAINY10,Monsoon special,percentage,10,13.62,2025-11-15,2025-12-18
CPN0005607,RID0036881,WELCOME50,New user welcome offer,flat,50,13.73,2025-07-17,2025-08-09
CPN0005608,RID0036882,WELCOME50,New user welcome offer,flat,50,50.0,2025-01-19,2025-02-11
CPN0005609,RID0036886,RAINY10,Monsoon special,percentage,10,11.32,2024-04-17,2024-05-17
CPN0005610,RID0036887,WELCOME50,New user welcome offer,flat,50,30.18,2024-07-16,2024-07-29
CPN0005611,RID0036891,FIRST20,First ride discount,percentage,20,7.91,2025-04-17,2025-05-05
CPN0005612,RID0036894,RAINY10,Monsoon special,percentage,10,16.19,2024-01-25,2024-02-20
CPN0005613,RID0036906,LOYAL30,Loyalty reward,flat,30,30.0,2024-06-21,2024-07-12
CPN0005614,RID0036908,FEST100,Festive season offer,flat,100,32.22,2024-10-03,2024-11-01
CPN0005615,RID0036922,WELCOME50,New user welcome offer,flat,50,50.0,2024-10-20,2024-11-13
CPN0005616,RID0036927,RAINY10,Monsoon special,percentage,10,12.99,2025-02-28,2025-03-29
CPN0005617,RID0036935,WEEKEND15,Weekend ride offer,percentage,15,28.81,2024-02-05,2024-02-25
CPN0005618,RID0036939,WELCOME50,New user welcome offer,flat,50,47.4,2025-06-14,2025-07-12
CPN0005619,RID0036944,LOYAL30,Loyalty reward,flat,30,30.0,2024-03-10,2024-04-13
CPN0005620,RID0036946,RAINY10,Monsoon special,percentage,10,3.22,2025-12-16,2026-01-08
CPN0005621,RID0036949,FEST100,Festive season offer,flat,100,18.45,2025-08-01,2025-08-20
CPN0005622,RID0036950,FEST100,Festive season offer,flat,100,25.68,2024-04-23,2024-05-24
CPN0005623,RID0036963,WEEKEND15,Weekend ride offer,percentage,15,6.19,2026-04-04,2026-04-28
CPN0005624,RID0036970,RAINY10,Monsoon special,percentage,10,42.54,2024-08-15,2024-08-31
CPN0005625,RID0036971,LOYAL30,Loyalty reward,flat,30,25.68,2025-11-26,2025-12-23
CPN0005626,RID0036974,FEST100,Festive season offer,flat,100,100.0,2024-09-11,2024-10-04
CPN0005627,RID0036975,LOYAL30,Loyalty reward,flat,30,30.0,2026-05-26,2026-06-10
CPN0005628,RID0036981,FEST100,Festive season offer,flat,100,71.35,2024-11-14,2024-12-10
CPN0005629,RID0036987,LOYAL30,Loyalty reward,flat,30,30.0,2026-06-19,2026-07-17
CPN0005630,RID0036995,RAINY10,Monsoon special,percentage,10,2.3,2023-12-20,2024-01-18
CPN0005631,RID0037004,WEEKEND15,Weekend ride offer,percentage,15,7.7,2025-11-05,2025-11-22
CPN0005632,RID0037014,WELCOME50,New user welcome offer,flat,50,50.0,2025-05-10,2025-06-02
CPN0005633,RID0037021,WEEKEND15,Weekend ride offer,percentage,15,9.3,2025-06-13,2025-07-10
CPN0005634,RID0037027,WEEKEND15,Weekend ride offer,percentage,15,17.93,2026-06-24,2026-07-21
CPN0005635,RID0037028,LOYAL30,Loyalty reward,flat,30,30.0,2026-01-09,2026-01-30
CPN0005636,RID0037034,RAINY10,Monsoon special,percentage,10,46.4,2024-09-25,2024-10-24
CPN0005637,RID0037035,FEST100,Festive season offer,flat,100,52.34,2025-04-03,2025-04-29
CPN0005638,RID0037038,LOYAL30,Loyalty reward,flat,30,11.28,2024-09-28,2024-10-15
CPN0005639,RID0037040,RAINY10,Monsoon special,percentage,10,28.01,2025-10-15,2025-11-12
CPN0005640,RID0037046,LOYAL30,Loyalty reward,flat,30,30.0,2024-09-26,2024-10-08
CPN0005641,RID0037049,RAINY10,Monsoon special,percentage,10,8.3,2024-11-08,2024-12-09
CPN0005642,RID0037052,WEEKEND15,Weekend ride offer,percentage,15,22.88,2024-09-05,2024-09-27
CPN0005643,RID0037068,LOYAL30,Loyalty reward,flat,30,30.0,2023-12-16,2024-01-10
CPN0005644,RID0037072,FEST100,Festive season offer,flat,100,64.5,2024-12-12,2025-01-15
CPN0005645,RID0037087,FEST100,Festive season offer,flat,100,100.0,2025-05-09,2025-06-18
CPN0005646,RID0037092,FEST100,Festive season offer,flat,100,22.86,2026-04-14,2026-04-30
CPN0005647,RID0037100,FIRST20,First ride discount,percentage,20,13.64,2026-01-12,2026-02-17
CPN0005648,RID0037103,WEEKEND15,Weekend ride offer,percentage,15,17.0,2026-04-28,2026-05-12
CPN0005649,RID0037113,FEST100,Festive season offer,flat,100,13.02,2025-06-23,2025-07-18
CPN0005650,RID0037119,FIRST20,First ride discount,percentage,20,67.92,2025-10-10,2025-11-05
CPN0005651,RID0037120,FIRST20,First ride discount,percentage,20,18.94,2024-07-10,2024-07-30
CPN0005652,RID0037122,FEST100,Festive season offer,flat,100,99.45,2024-03-30,2024-04-25
CPN0005653,RID0037127,WELCOME50,New user welcome offer,flat,50,22.41,2025-07-24,2025-08-21
CPN0005654,RID0037133,WEEKEND15,Weekend ride offer,percentage,15,18.04,2025-04-20,2025-05-18
CPN0005655,RID0037146,FEST100,Festive season offer,flat,100,100.0,2025-03-17,2025-04-13
CPN0005656,RID0037175,WEEKEND15,Weekend ride offer,percentage,15,17.82,2024-06-23,2024-07-11
CPN0005657,RID0037178,RAINY10,Monsoon special,percentage,10,16.04,2025-04-16,2025-05-03
CPN0005658,RID0037186,RAINY10,Monsoon special,percentage,10,12.43,2025-08-17,2025-09-04
CPN0005659,RID0037191,FEST100,Festive season offer,flat,100,47.38,2024-08-26,2024-09-16
CPN0005660,RID0037194,LOYAL30,Loyalty reward,flat,30,30.0,2024-04-13,2024-05-05
CPN0005661,RID0037197,FIRST20,First ride discount,percentage,20,19.33,2025-06-01,2025-06-29
CPN0005662,RID0037201,LOYAL30,Loyalty reward,flat,30,30.0,2025-01-01,2025-01-28
CPN0005663,RID0037208,LOYAL30,Loyalty reward,flat,30,20.79,2026-03-20,2026-04-10
CPN0005664,RID0037209,FIRST20,First ride discount,percentage,20,14.99,2025-06-17,2025-07-14
CPN0005665,RID0037222,FEST100,Festive season offer,flat,100,48.38,2024-06-24,2024-08-03
CPN0005666,RID0037229,FEST100,Festive season offer,flat,100,69.61,2025-11-04,2025-11-23
CPN0005667,RID0037231,WEEKEND15,Weekend ride offer,percentage,15,11.32,2026-01-04,2026-01-29
CPN0005668,RID0037248,FIRST20,First ride discount,percentage,20,15.81,2025-10-10,2025-11-04
CPN0005669,RID0037264,WELCOME50,New user welcome offer,flat,50,50.0,2026-05-30,2026-06-16
CPN0005670,RID0037278,RAINY10,Monsoon special,percentage,10,11.62,2025-10-02,2025-11-04
CPN0005671,RID0037283,LOYAL30,Loyalty reward,flat,30,30.0,2024-09-20,2024-10-17
CPN0005672,RID0037294,FEST100,Festive season offer,flat,100,40.34,2025-05-01,2025-05-29
CPN0005673,RID0037303,RAINY10,Monsoon special,percentage,10,6.91,2025-12-19,2025-12-30
CPN0005674,RID0037306,WEEKEND15,Weekend ride offer,percentage,15,7.76,2024-02-04,2024-03-07
CPN0005675,RID0037307,FIRST20,First ride discount,percentage,20,18.58,2026-02-24,2026-03-22
CPN0005676,RID0037310,FEST100,Festive season offer,flat,100,45.1,2024-11-17,2024-12-15
CPN0005677,RID0037315,RAINY10,Monsoon special,percentage,10,6.02,2025-04-27,2025-05-26
CPN0005678,RID0037322,FEST100,Festive season offer,flat,100,15.89,2026-07-12,2026-08-05
CPN0005679,RID0037340,WEEKEND15,Weekend ride offer,percentage,15,23.98,2023-12-15,2024-01-12
CPN0005680,RID0037344,WELCOME50,New user welcome offer,flat,50,37.66,2024-04-30,2024-05-26
CPN0005681,RID0037348,RAINY10,Monsoon special,percentage,10,4.1,2025-11-11,2025-12-03
CPN0005682,RID0037350,FIRST20,First ride discount,percentage,20,25.04,2024-05-30,2024-07-08
CPN0005683,RID0037366,WEEKEND15,Weekend ride offer,percentage,15,20.93,2024-11-01,2024-11-24
CPN0005684,RID0037370,FIRST20,First ride discount,percentage,20,17.36,2025-10-05,2025-11-11
CPN0005685,RID0037371,WELCOME50,New user welcome offer,flat,50,50.0,2025-06-04,2025-07-11
CPN0005686,RID0037376,WEEKEND15,Weekend ride offer,percentage,15,16.09,2026-06-05,2026-06-25
CPN0005687,RID0037378,WELCOME50,New user welcome offer,flat,50,50.0,2025-11-09,2025-12-10
CPN0005688,RID0037388,RAINY10,Monsoon special,percentage,10,5.5,2025-07-05,2025-07-23
CPN0005689,RID0037402,FIRST20,First ride discount,percentage,20,24.0,2023-12-31,2024-01-29
CPN0005690,RID0037405,WELCOME50,New user welcome offer,flat,50,42.45,2024-11-30,2024-12-25
CPN0005691,RID0037417,RAINY10,Monsoon special,percentage,10,3.73,2024-11-02,2024-11-28
CPN0005692,RID0037419,FIRST20,First ride discount,percentage,20,21.28,2026-02-28,2026-03-18
CPN0005693,RID0037420,FIRST20,First ride discount,percentage,20,11.52,2024-11-22,2024-12-12
CPN0005694,RID0037431,WEEKEND15,Weekend ride offer,percentage,15,35.05,2025-05-24,2025-06-19
CPN0005695,RID0037447,WEEKEND15,Weekend ride offer,percentage,15,14.78,2024-11-19,2024-12-02
CPN0005696,RID0037449,RAINY10,Monsoon special,percentage,10,8.74,2025-02-28,2025-04-07
CPN0005697,RID0037461,WELCOME50,New user welcome offer,flat,50,50.0,2024-03-30,2024-05-06
CPN0005698,RID0037477,WELCOME50,New user welcome offer,flat,50,39.92,2024-10-31,2024-12-01
CPN0005699,RID0037488,WELCOME50,New user welcome offer,flat,50,28.65,2025-03-03,2025-03-29
CPN0005700,RID0037493,LOYAL30,Loyalty reward,flat,30,30.0,2025-10-23,2025-11-28
CPN0005701,RID0037496,FIRST20,First ride discount,percentage,20,35.76,2026-02-10,2026-03-04
CPN0005702,RID0037498,FEST100,Festive season offer,flat,100,59.4,2024-03-25,2024-04-19
CPN0005703,RID0037523,RAINY10,Monsoon special,percentage,10,15.46,2024-08-12,2024-09-09
CPN0005704,RID0037525,LOYAL30,Loyalty reward,flat,30,18.39,2024-04-23,2024-05-23
CPN0005705,RID0037530,RAINY10,Monsoon special,percentage,10,18.02,2024-01-20,2024-02-21
CPN0005706,RID0037539,WEEKEND15,Weekend ride offer,percentage,15,15.03,2025-09-05,2025-10-01
CPN0005707,RID0037540,RAINY10,Monsoon special,percentage,10,10.5,2024-08-13,2024-09-09
CPN0005708,RID0037548,LOYAL30,Loyalty reward,flat,30,30.0,2024-03-01,2024-03-24
CPN0005709,RID0037551,WEEKEND15,Weekend ride offer,percentage,15,13.75,2025-02-25,2025-03-29
CPN0005710,RID0037553,WELCOME50,New user welcome offer,flat,50,32.45,2025-02-25,2025-03-23
CPN0005711,RID0037559,FIRST20,First ride discount,percentage,20,11.88,2024-06-08,2024-07-12
CPN0005712,RID0037570,FIRST20,First ride discount,percentage,20,21.01,2024-10-10,2024-11-01
CPN0005713,RID0037578,FIRST20,First ride discount,percentage,20,17.3,2025-01-05,2025-01-31
CPN0005714,RID0037587,WEEKEND15,Weekend ride offer,percentage,15,10.76,2026-06-30,2026-08-04
CPN0005715,RID0037589,WELCOME50,New user welcome offer,flat,50,50.0,2025-11-25,2025-12-20
CPN0005716,RID0037602,FIRST20,First ride discount,percentage,20,6.32,2024-03-17,2024-04-13
CPN0005717,RID0037627,WELCOME50,New user welcome offer,flat,50,37.27,2025-03-13,2025-04-03
CPN0005718,RID0037629,RAINY10,Monsoon special,percentage,10,20.88,2025-07-27,2025-08-12
CPN0005719,RID0037631,FEST100,Festive season offer,flat,100,54.58,2025-03-26,2025-04-26
CPN0005720,RID0037636,FIRST20,First ride discount,percentage,20,15.89,2025-12-09,2026-01-09
CPN0005721,RID0037643,WELCOME50,New user welcome offer,flat,50,50.0,2024-04-02,2024-04-26
CPN0005722,RID0037644,FIRST20,First ride discount,percentage,20,17.12,2024-03-03,2024-03-21
CPN0005723,RID0037647,LOYAL30,Loyalty reward,flat,30,23.34,2024-03-22,2024-04-10
CPN0005724,RID0037660,LOYAL30,Loyalty reward,flat,30,30.0,2024-02-21,2024-03-18
CPN0005725,RID0037679,WELCOME50,New user welcome offer,flat,50,50.0,2025-12-13,2026-01-04
CPN0005726,RID0037680,LOYAL30,Loyalty reward,flat,30,30.0,2024-05-10,2024-06-08
CPN0005727,RID0037685,WELCOME50,New user welcome offer,flat,50,29.64,2025-07-19,2025-08-23
CPN0005728,RID0037699,WEEKEND15,Weekend ride offer,percentage,15,13.34,2025-11-13,2025-12-12
CPN0005729,RID0037700,RAINY10,Monsoon special,percentage,10,7.63,2024-08-24,2024-09-19
CPN0005730,RID0037702,WELCOME50,New user welcome offer,flat,50,50.0,2026-06-18,2026-07-19
CPN0005731,RID0037708,RAINY10,Monsoon special,percentage,10,16.07,2024-01-31,2024-02-29
CPN0005732,RID0037710,RAINY10,Monsoon special,percentage,10,14.0,2024-11-04,2024-11-27
CPN0005733,RID0037714,LOYAL30,Loyalty reward,flat,30,30.0,2025-08-14,2025-09-18
CPN0005734,RID0037716,WELCOME50,New user welcome offer,flat,50,50.0,2026-04-05,2026-04-20
CPN0005735,RID0037722,WEEKEND15,Weekend ride offer,percentage,15,4.87,2026-03-17,2026-04-12
CPN0005736,RID0037725,RAINY10,Monsoon special,percentage,10,13.06,2026-01-15,2026-02-06
CPN0005737,RID0037747,FEST100,Festive season offer,flat,100,86.9,2025-07-25,2025-08-10
CPN0005738,RID0037748,FIRST20,First ride discount,percentage,20,12.96,2024-09-24,2024-10-24
CPN0005739,RID0037751,FIRST20,First ride discount,percentage,20,21.21,2026-05-16,2026-06-20
CPN0005740,RID0037755,FEST100,Festive season offer,flat,100,68.1,2026-01-05,2026-02-10
CPN0005741,RID0037764,FEST100,Festive season offer,flat,100,30.84,2025-06-13,2025-07-07
CPN0005742,RID0037766,LOYAL30,Loyalty reward,flat,30,30.0,2025-10-10,2025-10-29
CPN0005743,RID0037777,RAINY10,Monsoon special,percentage,10,16.81,2025-08-17,2025-09-09
CPN0005744,RID0037778,FEST100,Festive season offer,flat,100,30.48,2024-01-24,2024-02-16
CPN0005745,RID0037779,LOYAL30,Loyalty reward,flat,30,30.0,2024-08-23,2024-09-19
CPN0005746,RID0037786,WEEKEND15,Weekend ride offer,percentage,15,7.29,2025-02-11,2025-03-20
CPN0005747,RID0037793,LOYAL30,Loyalty reward,flat,30,30.0,2025-12-22,2026-01-27
CPN0005748,RID0037797,LOYAL30,Loyalty reward,flat,30,30.0,2026-02-06,2026-03-10
CPN0005749,RID0037814,RAINY10,Monsoon special,percentage,10,11.43,2026-01-07,2026-02-11
CPN0005750,RID0037820,WEEKEND15,Weekend ride offer,percentage,15,17.31,2024-09-17,2024-10-23
CPN0005751,RID0037822,LOYAL30,Loyalty reward,flat,30,30.0,2024-03-15,2024-04-07
CPN0005752,RID0037823,LOYAL30,Loyalty reward,flat,30,17.74,2026-01-13,2026-02-07
CPN0005753,RID0037824,FIRST20,First ride discount,percentage,20,6.71,2024-05-22,2024-06-18
CPN0005754,RID0037828,RAINY10,Monsoon special,percentage,10,14.31,2024-09-08,2024-10-13
CPN0005755,RID0037834,LOYAL30,Loyalty reward,flat,30,30.0,2025-09-29,2025-10-29
CPN0005756,RID0037847,LOYAL30,Loyalty reward,flat,30,30.0,2026-01-08,2026-02-05
CPN0005757,RID0037850,WELCOME50,New user welcome offer,flat,50,50.0,2024-01-29,2024-03-02
CPN0005758,RID0037863,WELCOME50,New user welcome offer,flat,50,50.0,2025-11-28,2025-12-23
CPN0005759,RID0037878,FEST100,Festive season offer,flat,100,64.18,2025-12-14,2025-12-28
CPN0005760,RID0037887,RAINY10,Monsoon special,percentage,10,12.91,2024-03-29,2024-04-19
CPN0005761,RID0037897,WEEKEND15,Weekend ride offer,percentage,15,7.27,2024-01-25,2024-02-12
CPN0005762,RID0037902,WELCOME50,New user welcome offer,flat,50,36.66,2026-05-25,2026-06-10
CPN0005763,RID0037904,FIRST20,First ride discount,percentage,20,30.16,2024-02-16,2024-03-18
CPN0005764,RID0037916,LOYAL30,Loyalty reward,flat,30,30.0,2026-01-03,2026-01-25
CPN0005765,RID0037948,WEEKEND15,Weekend ride offer,percentage,15,10.12,2024-06-14,2024-07-02
CPN0005766,RID0037956,WEEKEND15,Weekend ride offer,percentage,15,16.81,2025-01-15,2025-02-10
CPN0005767,RID0037987,WELCOME50,New user welcome offer,flat,50,50.0,2026-04-27,2026-05-31
CPN0005768,RID0037992,FIRST20,First ride discount,percentage,20,11.38,2026-02-05,2026-02-26
CPN0005769,RID0038036,LOYAL30,Loyalty reward,flat,30,29.7,2025-02-06,2025-02-26
CPN0005770,RID0038045,RAINY10,Monsoon special,percentage,10,11.36,2024-12-31,2025-01-31
CPN0005771,RID0038048,RAINY10,Monsoon special,percentage,10,4.97,2024-07-15,2024-08-02
CPN0005772,RID0038056,LOYAL30,Loyalty reward,flat,30,30.0,2025-07-02,2025-07-21
CPN0005773,RID0038057,FEST100,Festive season offer,flat,100,100.0,2026-04-18,2026-05-14
CPN0005774,RID0038063,FEST100,Festive season offer,flat,100,42.14,2026-03-02,2026-03-18
CPN0005775,RID0038064,LOYAL30,Loyalty reward,flat,30,18.96,2024-05-24,2024-06-13
CPN0005776,RID0038068,FEST100,Festive season offer,flat,100,98.88,2025-10-17,2025-10-30
CPN0005777,RID0038070,WELCOME50,New user welcome offer,flat,50,50.0,2024-08-05,2024-08-29
CPN0005778,RID0038071,WELCOME50,New user welcome offer,flat,50,50.0,2026-05-20,2026-06-14
CPN0005779,RID0038084,FIRST20,First ride discount,percentage,20,22.85,2025-08-01,2025-09-04
CPN0005780,RID0038105,RAINY10,Monsoon special,percentage,10,12.96,2024-07-09,2024-08-03
CPN0005781,RID0038109,FEST100,Festive season offer,flat,100,44.49,2024-06-18,2024-07-08
CPN0005782,RID0038114,WELCOME50,New user welcome offer,flat,50,48.63,2024-05-04,2024-05-28
CPN0005783,RID0038115,RAINY10,Monsoon special,percentage,10,5.16,2026-02-15,2026-03-11
CPN0005784,RID0038128,LOYAL30,Loyalty reward,flat,30,30.0,2024-06-25,2024-07-28
CPN0005785,RID0038155,RAINY10,Monsoon special,percentage,10,8.92,2025-11-25,2025-12-16
CPN0005786,RID0038159,WEEKEND15,Weekend ride offer,percentage,15,25.41,2025-12-26,2026-01-16
CPN0005787,RID0038163,FEST100,Festive season offer,flat,100,43.12,2025-01-25,2025-02-17
CPN0005788,RID0038168,RAINY10,Monsoon special,percentage,10,18.14,2024-01-27,2024-02-21
CPN0005789,RID0038173,WEEKEND15,Weekend ride offer,percentage,15,7.22,2026-04-19,2026-05-06
CPN0005790,RID0038184,WELCOME50,New user welcome offer,flat,50,18.79,2025-08-16,2025-09-04
CPN0005791,RID0038200,RAINY10,Monsoon special,percentage,10,8.58,2025-03-01,2025-04-01
CPN0005792,RID0038210,WELCOME50,New user welcome offer,flat,50,31.5,2024-04-24,2024-05-21
CPN0005793,RID0038213,LOYAL30,Loyalty reward,flat,30,30.0,2025-03-30,2025-04-30
CPN0005794,RID0038216,LOYAL30,Loyalty reward,flat,30,30.0,2024-09-19,2024-10-14
CPN0005795,RID0038219,RAINY10,Monsoon special,percentage,10,7.32,2024-07-23,2024-08-24
CPN0005796,RID0038220,WEEKEND15,Weekend ride offer,percentage,15,38.67,2024-10-16,2024-11-06
CPN0005797,RID0038228,RAINY10,Monsoon special,percentage,10,3.22,2026-03-12,2026-04-12
CPN0005798,RID0038234,WEEKEND15,Weekend ride offer,percentage,15,4.37,2024-08-28,2024-09-27
CPN0005799,RID0038237,LOYAL30,Loyalty reward,flat,30,20.64,2024-06-08,2024-07-03
CPN0005800,RID0038242,LOYAL30,Loyalty reward,flat,30,30.0,2024-07-04,2024-07-27
CPN0005801,RID0038248,WEEKEND15,Weekend ride offer,percentage,15,7.66,2025-06-04,2025-06-26
CPN0005802,RID0038261,FEST100,Festive season offer,flat,100,28.53,2024-12-28,2025-01-16
CPN0005803,RID0038262,WEEKEND15,Weekend ride offer,percentage,15,19.88,2026-03-06,2026-04-01
CPN0005804,RID0038263,FIRST20,First ride discount,percentage,20,7.92,2024-09-28,2024-11-01
CPN0005805,RID0038266,RAINY10,Monsoon special,percentage,10,9.91,2025-01-08,2025-02-12
CPN0005806,RID0038290,LOYAL30,Loyalty reward,flat,30,9.9,2026-04-13,2026-05-06
CPN0005807,RID0038297,WEEKEND15,Weekend ride offer,percentage,15,9.57,2025-04-19,2025-05-21
CPN0005808,RID0038298,WELCOME50,New user welcome offer,flat,50,15.84,2025-12-26,2026-01-18
CPN0005809,RID0038308,FEST100,Festive season offer,flat,100,33.06,2024-02-28,2024-03-19
CPN0005810,RID0038324,WEEKEND15,Weekend ride offer,percentage,15,12.69,2024-01-12,2024-02-19
CPN0005811,RID0038325,FIRST20,First ride discount,percentage,20,17.83,2024-07-01,2024-07-20
CPN0005812,RID0038332,RAINY10,Monsoon special,percentage,10,17.86,2024-03-12,2024-04-01
CPN0005813,RID0038333,WELCOME50,New user welcome offer,flat,50,50.0,2024-02-15,2024-03-15
CPN0005814,RID0038342,FEST100,Festive season offer,flat,100,34.14,2025-05-10,2025-06-06
CPN0005815,RID0038346,LOYAL30,Loyalty reward,flat,30,30.0,2026-05-26,2026-06-17
CPN0005816,RID0038347,LOYAL30,Loyalty reward,flat,30,25.32,2024-08-02,2024-08-29
CPN0005817,RID0038350,FEST100,Festive season offer,flat,100,21.39,2026-06-22,2026-07-17
CPN0005818,RID0038371,RAINY10,Monsoon special,percentage,10,6.37,2026-04-09,2026-05-12
CPN0005819,RID0038374,LOYAL30,Loyalty reward,flat,30,30.0,2024-07-09,2024-07-29
CPN0005820,RID0038384,FIRST20,First ride discount,percentage,20,4.79,2025-10-01,2025-10-30
CPN0005821,RID0038385,WEEKEND15,Weekend ride offer,percentage,15,9.64,2026-01-22,2026-02-17
CPN0005822,RID0038389,WELCOME50,New user welcome offer,flat,50,14.28,2024-10-30,2024-11-28
CPN0005823,RID0038393,FIRST20,First ride discount,percentage,20,39.14,2026-01-19,2026-02-08
CPN0005824,RID0038394,WEEKEND15,Weekend ride offer,percentage,15,7.96,2025-10-12,2025-11-04
CPN0005825,RID0038398,WELCOME50,New user welcome offer,flat,50,23.59,2024-05-02,2024-05-25
CPN0005826,RID0038399,LOYAL30,Loyalty reward,flat,30,30.0,2024-09-12,2024-09-27
CPN0005827,RID0038405,WELCOME50,New user welcome offer,flat,50,41.88,2025-03-10,2025-04-09
CPN0005828,RID0038407,WELCOME50,New user welcome offer,flat,50,50.0,2025-09-26,2025-10-16
CPN0005829,RID0038421,LOYAL30,Loyalty reward,flat,30,30.0,2025-01-02,2025-01-27
CPN0005830,RID0038423,LOYAL30,Loyalty reward,flat,30,30.0,2024-07-16,2024-08-16
CPN0005831,RID0038435,FEST100,Festive season offer,flat,100,42.96,2025-09-14,2025-10-18
CPN0005832,RID0038438,FEST100,Festive season offer,flat,100,97.44,2025-01-15,2025-01-30
CPN0005833,RID0038441,FIRST20,First ride discount,percentage,20,15.18,2024-09-11,2024-10-12
CPN0005834,RID0038445,WEEKEND15,Weekend ride offer,percentage,15,48.96,2024-12-10,2025-01-15
CPN0005835,RID0038453,RAINY10,Monsoon special,percentage,10,8.65,2024-06-18,2024-07-15
CPN0005836,RID0038454,WEEKEND15,Weekend ride offer,percentage,15,18.55,2026-03-12,2026-03-28
CPN0005837,RID0038456,LOYAL30,Loyalty reward,flat,30,30.0,2026-01-21,2026-02-15
CPN0005838,RID0038457,FEST100,Festive season offer,flat,100,57.78,2025-02-27,2025-03-14
CPN0005839,RID0038468,WELCOME50,New user welcome offer,flat,50,20.94,2024-01-24,2024-02-17
CPN0005840,RID0038469,WEEKEND15,Weekend ride offer,percentage,15,10.45,2024-09-18,2024-10-25
CPN0005841,RID0038475,WELCOME50,New user welcome offer,flat,50,50.0,2024-07-29,2024-08-30
CPN0005842,RID0038477,WELCOME50,New user welcome offer,flat,50,10.95,2026-04-14,2026-05-22
CPN0005843,RID0038484,WEEKEND15,Weekend ride offer,percentage,15,6.93,2025-04-11,2025-05-11
CPN0005844,RID0038498,RAINY10,Monsoon special,percentage,10,13.46,2026-04-12,2026-04-26
CPN0005845,RID0038522,FIRST20,First ride discount,percentage,20,55.63,2025-06-14,2025-07-10
CPN0005846,RID0038527,LOYAL30,Loyalty reward,flat,30,17.94,2025-12-28,2026-01-31
CPN0005847,RID0038537,WELCOME50,New user welcome offer,flat,50,50.0,2025-03-23,2025-04-28
CPN0005848,RID0038540,LOYAL30,Loyalty reward,flat,30,30.0,2024-04-25,2024-05-19
CPN0005849,RID0038544,WEEKEND15,Weekend ride offer,percentage,15,8.99,2023-12-31,2024-02-01
CPN0005850,RID0038548,FIRST20,First ride discount,percentage,20,9.91,2026-04-11,2026-05-09
CPN0005851,RID0038553,LOYAL30,Loyalty reward,flat,30,28.9,2025-10-03,2025-10-31
CPN0005852,RID0038561,RAINY10,Monsoon special,percentage,10,4.95,2025-02-08,2025-03-09
CPN0005853,RID0038562,WELCOME50,New user welcome offer,flat,50,32.01,2025-02-06,2025-03-14
CPN0005854,RID0038563,WELCOME50,New user welcome offer,flat,50,19.98,2024-08-21,2024-09-20
CPN0005855,RID0038575,RAINY10,Monsoon special,percentage,10,5.06,2024-08-26,2024-09-15
CPN0005856,RID0038576,FIRST20,First ride discount,percentage,20,21.8,2024-12-15,2025-01-11
CPN0005857,RID0038577,WELCOME50,New user welcome offer,flat,50,18.39,2024-06-10,2024-07-05
CPN0005858,RID0038585,RAINY10,Monsoon special,percentage,10,14.16,2025-12-10,2026-01-07
CPN0005859,RID0038589,FEST100,Festive season offer,flat,100,24.7,2024-05-05,2024-05-18
CPN0005860,RID0038601,FEST100,Festive season offer,flat,100,24.09,2025-01-22,2025-03-01
CPN0005861,RID0038602,RAINY10,Monsoon special,percentage,10,6.37,2026-06-02,2026-07-09
CPN0005862,RID0038619,FEST100,Festive season offer,flat,100,33.93,2024-11-02,2024-12-03
CPN0005863,RID0038630,WEEKEND15,Weekend ride offer,percentage,15,6.18,2025-05-15,2025-06-04
CPN0005864,RID0038635,FIRST20,First ride discount,percentage,20,46.28,2024-12-19,2025-01-21
CPN0005865,RID0038638,WELCOME50,New user welcome offer,flat,50,24.6,2024-11-26,2024-12-23
CPN0005866,RID0038642,FIRST20,First ride discount,percentage,20,19.87,2025-07-11,2025-08-07
CPN0005867,RID0038649,LOYAL30,Loyalty reward,flat,30,30.0,2026-06-16,2026-07-09
CPN0005868,RID0038651,LOYAL30,Loyalty reward,flat,30,30.0,2024-01-05,2024-01-23
CPN0005869,RID0038665,FEST100,Festive season offer,flat,100,35.19,2024-07-03,2024-08-09
CPN0005870,RID0038672,FEST100,Festive season offer,flat,100,83.22,2024-05-14,2024-06-19
CPN0005871,RID0038683,WELCOME50,New user welcome offer,flat,50,19.18,2024-12-27,2025-01-17
CPN0005872,RID0038684,LOYAL30,Loyalty reward,flat,30,30.0,2024-01-25,2024-02-08
CPN0005873,RID0038688,LOYAL30,Loyalty reward,flat,30,30.0,2024-04-03,2024-04-22
CPN0005874,RID0038692,WEEKEND15,Weekend ride offer,percentage,15,5.98,2026-06-07,2026-06-28
CPN0005875,RID0038702,WEEKEND15,Weekend ride offer,percentage,15,18.83,2024-08-28,2024-10-04
CPN0005876,RID0038706,FIRST20,First ride discount,percentage,20,11.02,2025-11-30,2025-12-30
CPN0005877,RID0038707,LOYAL30,Loyalty reward,flat,30,25.0,2024-09-05,2024-10-07
CPN0005878,RID0038718,WEEKEND15,Weekend ride offer,percentage,15,9.17,2024-09-05,2024-10-02
CPN0005879,RID0038720,RAINY10,Monsoon special,percentage,10,16.69,2025-05-14,2025-06-06
CPN0005880,RID0038724,LOYAL30,Loyalty reward,flat,30,30.0,2025-10-21,2025-11-25
CPN0005881,RID0038732,WELCOME50,New user welcome offer,flat,50,50.0,2023-12-16,2024-01-20
CPN0005882,RID0038734,FIRST20,First ride discount,percentage,20,13.64,2026-03-02,2026-04-04
CPN0005883,RID0038767,FEST100,Festive season offer,flat,100,17.46,2025-08-19,2025-09-18
CPN0005884,RID0038768,FIRST20,First ride discount,percentage,20,39.82,2026-05-19,2026-06-09
CPN0005885,RID0038769,FEST100,Festive season offer,flat,100,39.07,2026-01-09,2026-02-04
CPN0005886,RID0038779,RAINY10,Monsoon special,percentage,10,14.7,2024-11-27,2025-01-03
CPN0005887,RID0038780,RAINY10,Monsoon special,percentage,10,10.61,2024-11-15,2024-12-06
CPN0005888,RID0038798,WELCOME50,New user welcome offer,flat,50,50.0,2025-05-11,2025-05-28
CPN0005889,RID0038801,FEST100,Festive season offer,flat,100,34.93,2025-08-28,2025-09-24
CPN0005890,RID0038812,WEEKEND15,Weekend ride offer,percentage,15,7.52,2025-08-21,2025-09-20
CPN0005891,RID0038817,WELCOME50,New user welcome offer,flat,50,15.96,2024-02-06,2024-02-29
CPN0005892,RID0038821,RAINY10,Monsoon special,percentage,10,5.96,2024-04-12,2024-05-16
CPN0005893,RID0038822,FEST100,Festive season offer,flat,100,33.63,2025-09-04,2025-09-27
CPN0005894,RID0038825,WELCOME50,New user welcome offer,flat,50,50.0,2025-05-15,2025-06-07
CPN0005895,RID0038846,FIRST20,First ride discount,percentage,20,48.82,2025-03-19,2025-04-21
CPN0005896,RID0038847,WEEKEND15,Weekend ride offer,percentage,15,10.49,2026-02-01,2026-02-27
CPN0005897,RID0038849,WEEKEND15,Weekend ride offer,percentage,15,9.07,2024-06-12,2024-07-10
CPN0005898,RID0038865,WELCOME50,New user welcome offer,flat,50,42.52,2025-04-04,2025-05-02
CPN0005899,RID0038866,FEST100,Festive season offer,flat,100,46.02,2024-11-25,2024-12-28
CPN0005900,RID0038874,FEST100,Festive season offer,flat,100,37.06,2025-03-16,2025-03-30
CPN0005901,RID0038879,FIRST20,First ride discount,percentage,20,65.08,2024-09-24,2024-10-16
CPN0005902,RID0038892,LOYAL30,Loyalty reward,flat,30,23.76,2024-01-06,2024-02-01
CPN0005903,RID0038902,LOYAL30,Loyalty reward,flat,30,19.65,2024-10-26,2024-11-15
CPN0005904,RID0038907,WEEKEND15,Weekend ride offer,percentage,15,9.61,2025-07-29,2025-08-22
CPN0005905,RID0038909,WELCOME50,New user welcome offer,flat,50,50.0,2026-07-06,2026-07-27
CPN0005906,RID0038912,RAINY10,Monsoon special,percentage,10,3.87,2024-10-21,2024-11-08
CPN0005907,RID0038926,FEST100,Festive season offer,flat,100,19.72,2024-02-18,2024-03-14
CPN0005908,RID0038928,FEST100,Festive season offer,flat,100,64.23,2025-05-04,2025-05-25
CPN0005909,RID0038933,RAINY10,Monsoon special,percentage,10,5.38,2024-03-06,2024-04-04
CPN0005910,RID0038938,RAINY10,Monsoon special,percentage,10,6.5,2025-12-02,2025-12-23
CPN0005911,RID0038943,WELCOME50,New user welcome offer,flat,50,34.35,2026-01-24,2026-02-28
CPN0005912,RID0038954,WELCOME50,New user welcome offer,flat,50,50.0,2024-08-15,2024-09-15
CPN0005913,RID0038956,LOYAL30,Loyalty reward,flat,30,30.0,2024-05-07,2024-06-13
CPN0005914,RID0038959,LOYAL30,Loyalty reward,flat,30,30.0,2026-03-18,2026-04-12
CPN0005915,RID0038969,FEST100,Festive season offer,flat,100,20.48,2024-11-09,2024-11-26
CPN0005916,RID0038971,FEST100,Festive season offer,flat,100,100.0,2025-07-06,2025-08-02
CPN0005917,RID0038995,WELCOME50,New user welcome offer,flat,50,50.0,2025-07-31,2025-08-25
CPN0005918,RID0038999,FIRST20,First ride discount,percentage,20,5.91,2024-10-04,2024-10-19
CPN0005919,RID0039000,LOYAL30,Loyalty reward,flat,30,26.28,2026-03-10,2026-03-30
CPN0005920,RID0039001,FIRST20,First ride discount,percentage,20,7.9,2026-04-28,2026-05-26
CPN0005921,RID0039002,FEST100,Festive season offer,flat,100,40.1,2024-01-01,2024-01-28
CPN0005922,RID0039015,WELCOME50,New user welcome offer,flat,50,34.92,2026-01-20,2026-02-28
CPN0005923,RID0039027,FIRST20,First ride discount,percentage,20,60.16,2024-03-24,2024-04-16
CPN0005924,RID0039038,WEEKEND15,Weekend ride offer,percentage,15,12.66,2025-02-27,2025-03-26
CPN0005925,RID0039041,WELCOME50,New user welcome offer,flat,50,50.0,2024-04-16,2024-05-09
CPN0005926,RID0039047,LOYAL30,Loyalty reward,flat,30,30.0,2025-10-23,2025-11-11
CPN0005927,RID0039059,LOYAL30,Loyalty reward,flat,30,24.32,2025-05-04,2025-05-28
CPN0005928,RID0039076,RAINY10,Monsoon special,percentage,10,4.87,2024-04-18,2024-05-20
CPN0005929,RID0039079,FIRST20,First ride discount,percentage,20,20.36,2025-05-04,2025-05-21
CPN0005930,RID0039088,FIRST20,First ride discount,percentage,20,19.03,2025-10-30,2025-11-28
CPN0005931,RID0039092,FIRST20,First ride discount,percentage,20,47.36,2024-03-13,2024-04-06
CPN0005932,RID0039095,FEST100,Festive season offer,flat,100,68.4,2025-03-23,2025-04-24
CPN0005933,RID0039100,FEST100,Festive season offer,flat,100,69.27,2025-11-13,2025-12-03
CPN0005934,RID0039102,FIRST20,First ride discount,percentage,20,8.88,2024-03-03,2024-03-23
CPN0005935,RID0039114,RAINY10,Monsoon special,percentage,10,23.51,2024-08-05,2024-08-19
CPN0005936,RID0039115,FEST100,Festive season offer,flat,100,54.55,2024-08-04,2024-09-03
CPN0005937,RID0039116,FIRST20,First ride discount,percentage,20,15.41,2025-07-21,2025-08-14
CPN0005938,RID0039121,WEEKEND15,Weekend ride offer,percentage,15,4.93,2024-01-12,2024-01-24
CPN0005939,RID0039131,RAINY10,Monsoon special,percentage,10,5.45,2025-03-02,2025-03-27
CPN0005940,RID0039135,WEEKEND15,Weekend ride offer,percentage,15,3.26,2026-01-22,2026-02-08
CPN0005941,RID0039157,WEEKEND15,Weekend ride offer,percentage,15,21.01,2024-09-14,2024-10-20
CPN0005942,RID0039161,RAINY10,Monsoon special,percentage,10,3.26,2026-02-12,2026-03-23
CPN0005943,RID0039162,WEEKEND15,Weekend ride offer,percentage,15,8.23,2025-09-04,2025-09-27
CPN0005944,RID0039167,FEST100,Festive season offer,flat,100,17.34,2025-09-13,2025-10-08
CPN0005945,RID0039170,FIRST20,First ride discount,percentage,20,19.73,2024-06-03,2024-06-26
CPN0005946,RID0039171,LOYAL30,Loyalty reward,flat,30,28.9,2025-11-06,2025-11-23
CPN0005947,RID0039178,FEST100,Festive season offer,flat,100,54.45,2026-02-20,2026-03-27
CPN0005948,RID0039180,FIRST20,First ride discount,percentage,20,40.79,2025-08-08,2025-09-08
CPN0005949,RID0039184,WELCOME50,New user welcome offer,flat,50,36.73,2025-03-15,2025-04-14
CPN0005950,RID0039185,LOYAL30,Loyalty reward,flat,30,30.0,2025-03-13,2025-04-01
CPN0005951,RID0039186,LOYAL30,Loyalty reward,flat,30,30.0,2026-04-27,2026-05-24
CPN0005952,RID0039188,FEST100,Festive season offer,flat,100,53.19,2026-04-08,2026-05-02
CPN0005953,RID0039198,WELCOME50,New user welcome offer,flat,50,29.85,2025-08-02,2025-09-02
CPN0005954,RID0039208,FIRST20,First ride discount,percentage,20,24.05,2025-03-17,2025-04-16
CPN0005955,RID0039225,WEEKEND15,Weekend ride offer,percentage,15,25.72,2026-06-03,2026-06-28
CPN0005956,RID0039228,FEST100,Festive season offer,flat,100,11.34,2025-07-20,2025-08-14
CPN0005957,RID0039245,LOYAL30,Loyalty reward,flat,30,30.0,2026-01-03,2026-01-21
CPN0005958,RID0039246,WEEKEND15,Weekend ride offer,percentage,15,9.04,2026-05-07,2026-06-04
CPN0005959,RID0039248,FIRST20,First ride discount,percentage,20,14.26,2025-10-05,2025-10-22
CPN0005960,RID0039249,FEST100,Festive season offer,flat,100,32.98,2024-12-11,2025-01-04
CPN0005961,RID0039250,FIRST20,First ride discount,percentage,20,61.75,2025-08-14,2025-09-22
CPN0005962,RID0039269,RAINY10,Monsoon special,percentage,10,7.13,2025-09-05,2025-10-11
CPN0005963,RID0039283,WELCOME50,New user welcome offer,flat,50,50.0,2025-09-23,2025-10-14
CPN0005964,RID0039287,WELCOME50,New user welcome offer,flat,50,50.0,2025-10-16,2025-10-29
CPN0005965,RID0039308,FIRST20,First ride discount,percentage,20,8.98,2026-02-16,2026-03-20
CPN0005966,RID0039323,LOYAL30,Loyalty reward,flat,30,30.0,2024-11-12,2024-12-08
CPN0005967,RID0039329,LOYAL30,Loyalty reward,flat,30,30.0,2024-10-21,2024-11-08
CPN0005968,RID0039335,WEEKEND15,Weekend ride offer,percentage,15,10.3,2024-04-12,2024-04-27
CPN0005969,RID0039338,FIRST20,First ride discount,percentage,20,27.0,2024-06-06,2024-07-07
CPN0005970,RID0039340,FEST100,Festive season offer,flat,100,30.09,2024-06-30,2024-07-27
CPN0005971,RID0039356,RAINY10,Monsoon special,percentage,10,3.12,2025-09-30,2025-11-02
CPN0005972,RID0039360,FEST100,Festive season offer,flat,100,100.0,2025-04-19,2025-05-14
CPN0005973,RID0039364,FEST100,Festive season offer,flat,100,19.8,2024-07-30,2024-08-10
CPN0005974,RID0039365,WELCOME50,New user welcome offer,flat,50,40.55,2025-08-07,2025-09-12
CPN0005975,RID0039393,WEEKEND15,Weekend ride offer,percentage,15,36.97,2025-05-09,2025-06-03
CPN0005976,RID0039396,FIRST20,First ride discount,percentage,20,46.09,2025-02-01,2025-03-04
CPN0005977,RID0039408,WELCOME50,New user welcome offer,flat,50,42.45,2024-10-04,2024-10-26
CPN0005978,RID0039409,FEST100,Festive season offer,flat,100,53.38,2025-05-21,2025-06-09
CPN0005979,RID0039412,WEEKEND15,Weekend ride offer,percentage,15,9.46,2025-04-01,2025-04-21
CPN0005980,RID0039427,LOYAL30,Loyalty reward,flat,30,30.0,2025-12-10,2025-12-29
CPN0005981,RID0039433,WELCOME50,New user welcome offer,flat,50,50.0,2024-03-09,2024-04-10
CPN0005982,RID0039444,RAINY10,Monsoon special,percentage,10,8.24,2024-05-16,2024-06-22
CPN0005983,RID0039449,FEST100,Festive season offer,flat,100,31.2,2024-06-05,2024-06-19
CPN0005984,RID0039458,FIRST20,First ride discount,percentage,20,26.35,2025-08-17,2025-09-07
CPN0005985,RID0039483,WEEKEND15,Weekend ride offer,percentage,15,25.58,2024-07-12,2024-08-17
CPN0005986,RID0039486,RAINY10,Monsoon special,percentage,10,17.28,2026-01-10,2026-01-30
CPN0005987,RID0039488,FIRST20,First ride discount,percentage,20,21.34,2024-03-01,2024-04-08
CPN0005988,RID0039492,FIRST20,First ride discount,percentage,20,25.95,2025-11-27,2025-12-20
CPN0005989,RID0039504,RAINY10,Monsoon special,percentage,10,18.83,2026-03-27,2026-04-27
CPN0005990,RID0039505,FEST100,Festive season offer,flat,100,100.0,2026-05-07,2026-05-20
CPN0005991,RID0039506,WEEKEND15,Weekend ride offer,percentage,15,6.38,2026-02-07,2026-03-04
CPN0005992,RID0039511,WEEKEND15,Weekend ride offer,percentage,15,24.67,2026-05-20,2026-06-14
CPN0005993,RID0039516,RAINY10,Monsoon special,percentage,10,7.74,2026-02-14,2026-03-10
CPN0005994,RID0039518,FIRST20,First ride discount,percentage,20,15.1,2025-02-26,2025-03-18
CPN0005995,RID0039529,WEEKEND15,Weekend ride offer,percentage,15,26.73,2025-03-07,2025-04-03
CPN0005996,RID0039543,WEEKEND15,Weekend ride offer,percentage,15,29.45,2025-08-03,2025-08-25
CPN0005997,RID0039548,LOYAL30,Loyalty reward,flat,30,30.0,2025-01-18,2025-02-17
CPN0005998,RID0039552,WEEKEND15,Weekend ride offer,percentage,15,18.21,2026-06-26,2026-07-09
CPN0005999,RID0039558,LOYAL30,Loyalty reward,flat,30,30.0,2025-03-02,2025-03-26
CPN0006000,RID0039574,WELCOME50,New user welcome offer,flat,50,20.4,2025-05-10,2025-05-29
CPN0006001,RID0039587,RAINY10,Monsoon special,percentage,10,16.71,2025-11-27,2025-12-27
CPN0006002,RID0039600,WEEKEND15,Weekend ride offer,percentage,15,34.19,2026-02-12,2026-02-25
CPN0006003,RID0039607,RAINY10,Monsoon special,percentage,10,10.38,2025-08-06,2025-08-23
CPN0006004,RID0039609,FIRST20,First ride discount,percentage,20,14.51,2024-03-04,2024-03-29
CPN0006005,RID0039613,LOYAL30,Loyalty reward,flat,30,30.0,2024-08-06,2024-09-03
CPN0006006,RID0039618,WELCOME50,New user welcome offer,flat,50,37.7,2024-01-20,2024-02-08
CPN0006007,RID0039634,FIRST20,First ride discount,percentage,20,18.0,2026-03-30,2026-04-22
CPN0006008,RID0039644,WELCOME50,New user welcome offer,flat,50,50.0,2025-04-22,2025-05-22
CPN0006009,RID0039684,FIRST20,First ride discount,percentage,20,16.65,2026-07-03,2026-07-27
CPN0006010,RID0039688,WEEKEND15,Weekend ride offer,percentage,15,8.75,2026-05-17,2026-06-14
CPN0006011,RID0039692,LOYAL30,Loyalty reward,flat,30,30.0,2024-10-23,2024-11-14
CPN0006012,RID0039696,LOYAL30,Loyalty reward,flat,30,30.0,2024-07-15,2024-08-03
CPN0006013,RID0039708,LOYAL30,Loyalty reward,flat,30,30.0,2024-09-08,2024-09-30
CPN0006014,RID0039712,RAINY10,Monsoon special,percentage,10,12.77,2024-10-01,2024-10-22
CPN0006015,RID0039715,FIRST20,First ride discount,percentage,20,8.95,2025-01-27,2025-02-11
CPN0006016,RID0039729,WELCOME50,New user welcome offer,flat,50,19.74,2024-06-17,2024-07-19
CPN0006017,RID0039736,RAINY10,Monsoon special,percentage,10,8.24,2024-11-06,2024-11-19
CPN0006018,RID0039737,FIRST20,First ride discount,percentage,20,15.65,2025-05-05,2025-05-31
CPN0006019,RID0039743,FIRST20,First ride discount,percentage,20,13.44,2025-01-08,2025-02-08
CPN0006020,RID0039757,RAINY10,Monsoon special,percentage,10,11.43,2024-01-02,2024-01-28
CPN0006021,RID0039763,LOYAL30,Loyalty reward,flat,30,30.0,2024-04-06,2024-05-05
CPN0006022,RID0039765,FIRST20,First ride discount,percentage,20,34.85,2024-05-19,2024-06-13
CPN0006023,RID0039773,RAINY10,Monsoon special,percentage,10,6.97,2024-12-22,2025-01-26
CPN0006024,RID0039782,WEEKEND15,Weekend ride offer,percentage,15,5.48,2026-07-07,2026-07-27
CPN0006025,RID0039786,WEEKEND15,Weekend ride offer,percentage,15,9.94,2025-12-17,2026-01-06
CPN0006026,RID0039789,LOYAL30,Loyalty reward,flat,30,30.0,2024-12-13,2025-01-09
CPN0006027,RID0039799,FEST100,Festive season offer,flat,100,71.5,2025-01-20,2025-02-06
CPN0006028,RID0039800,RAINY10,Monsoon special,percentage,10,3.96,2025-04-28,2025-05-26
CPN0006029,RID0039802,WEEKEND15,Weekend ride offer,percentage,15,10.47,2026-04-07,2026-05-08
CPN0006030,RID0039803,FEST100,Festive season offer,flat,100,100.0,2025-10-27,2025-11-24
CPN0006031,RID0039823,WEEKEND15,Weekend ride offer,percentage,15,20.27,2024-03-31,2024-04-26
CPN0006032,RID0039827,FEST100,Festive season offer,flat,100,76.3,2025-11-03,2025-11-27
CPN0006033,RID0039829,LOYAL30,Loyalty reward,flat,30,25.63,2024-03-20,2024-04-03
CPN0006034,RID0039831,FEST100,Festive season offer,flat,100,44.97,2024-01-29,2024-02-22
CPN0006035,RID0039835,LOYAL30,Loyalty reward,flat,30,30.0,2026-01-17,2026-02-12
CPN0006036,RID0039841,FEST100,Festive season offer,flat,100,28.62,2026-02-25,2026-03-08
CPN0006037,RID0039858,WEEKEND15,Weekend ride offer,percentage,15,7.78,2025-12-25,2026-01-30
CPN0006038,RID0039865,WEEKEND15,Weekend ride offer,percentage,15,12.05,2025-03-27,2025-04-24
CPN0006039,RID0039876,FIRST20,First ride discount,percentage,20,7.92,2025-05-29,2025-06-13
CPN0006040,RID0039887,WELCOME50,New user welcome offer,flat,50,50.0,2024-05-07,2024-06-02
CPN0006041,RID0039892,WEEKEND15,Weekend ride offer,percentage,15,18.08,2025-06-12,2025-07-04
CPN0006042,RID0039896,WELCOME50,New user welcome offer,flat,50,24.18,2024-05-26,2024-06-13
CPN0006043,RID0039900,WEEKEND15,Weekend ride offer,percentage,15,11.72,2026-03-02,2026-04-02
CPN0006044,RID0039904,RAINY10,Monsoon special,percentage,10,7.4,2026-06-12,2026-06-27
CPN0006045,RID0039910,FIRST20,First ride discount,percentage,20,22.37,2025-10-18,2025-11-23
CPN0006046,RID0039912,RAINY10,Monsoon special,percentage,10,27.82,2026-03-16,2026-03-26
CPN0006047,RID0039914,LOYAL30,Loyalty reward,flat,30,13.25,2025-11-20,2025-12-12
CPN0006048,RID0039915,FIRST20,First ride discount,percentage,20,12.73,2026-05-27,2026-06-15
CPN0006049,RID0039919,FEST100,Festive season offer,flat,100,42.84,2024-02-05,2024-02-25
CPN0006050,RID0039921,FEST100,Festive season offer,flat,100,58.98,2024-04-26,2024-05-19
CPN0006051,RID0039930,RAINY10,Monsoon special,percentage,10,4.05,2026-06-14,2026-07-24
CPN0006052,RID0039934,FIRST20,First ride discount,percentage,20,11.0,2026-05-23,2026-06-20
CPN0006053,RID0039936,LOYAL30,Loyalty reward,flat,30,30.0,2024-01-21,2024-02-23
CPN0006054,RID0039939,LOYAL30,Loyalty reward,flat,30,18.54,2024-06-22,2024-07-18
CPN0006055,RID0039947,RAINY10,Monsoon special,percentage,10,6.91,2025-08-12,2025-08-30
CPN0006056,RID0039952,WEEKEND15,Weekend ride offer,percentage,15,15.75,2024-10-04,2024-11-03
CPN0006057,RID0039960,RAINY10,Monsoon special,percentage,10,15.12,2026-03-26,2026-04-26
CPN0006058,RID0039965,WELCOME50,New user welcome offer,flat,50,35.19,2024-03-14,2024-04-02
CPN0006059,RID0039967,LOYAL30,Loyalty reward,flat,30,24.9,2026-05-25,2026-06-17
CPN0006060,RID0039974,WEEKEND15,Weekend ride offer,percentage,15,25.96,2025-10-03,2025-11-11
CPN0006061,RID0039984,FIRST20,First ride discount,percentage,20,10.28,2025-05-16,2025-06-07
CPN0006062,RID0039986,WEEKEND15,Weekend ride offer,percentage,15,9.12,2024-08-28,2024-09-22
CPN0006063,RID0039989,LOYAL30,Loyalty reward,flat,30,30.0,2026-06-29,2026-07-12
CPN0006064,RID0039991,LOYAL30,Loyalty reward,flat,30,30.0,2025-10-25,2025-11-08
CPN0006065,RID0039993,WEEKEND15,Weekend ride offer,percentage,15,8.97,2025-04-22,2025-05-13
CPN0006066,RID0040010,FEST100,Festive season offer,flat,100,64.22,2025-05-01,2025-05-24
CPN0006067,RID0040015,RAINY10,Monsoon special,percentage,10,14.31,2024-11-26,2024-12-19
CPN0006068,RID0040021,FEST100,Festive season offer,flat,100,67.68,2025-05-12,2025-06-15
CPN0006069,RID0040022,WEEKEND15,Weekend ride offer,percentage,15,13.89,2024-10-24,2024-11-18
CPN0006070,RID0040024,WEEKEND15,Weekend ride offer,percentage,15,16.53,2025-04-15,2025-05-01
CPN0006071,RID0040030,WELCOME50,New user welcome offer,flat,50,43.76,2025-09-05,2025-09-24
CPN0006072,RID0040039,RAINY10,Monsoon special,percentage,10,12.22,2025-11-01,2025-11-13
CPN0006073,RID0040050,WELCOME50,New user welcome offer,flat,50,50.0,2024-11-25,2024-12-20
CPN0006074,RID0040054,RAINY10,Monsoon special,percentage,10,2.45,2026-06-03,2026-06-20
CPN0006075,RID0040056,RAINY10,Monsoon special,percentage,10,5.4,2025-02-16,2025-03-07
CPN0006076,RID0040064,WEEKEND15,Weekend ride offer,percentage,15,12.05,2025-03-16,2025-04-15
CPN0006077,RID0040077,WEEKEND15,Weekend ride offer,percentage,15,14.95,2024-02-03,2024-02-16
CPN0006078,RID0040080,WELCOME50,New user welcome offer,flat,50,28.69,2025-03-15,2025-04-11
CPN0006079,RID0040081,FEST100,Festive season offer,flat,100,43.44,2025-04-02,2025-04-23
CPN0006080,RID0040082,WEEKEND15,Weekend ride offer,percentage,15,19.18,2025-01-24,2025-02-16
CPN0006081,RID0040087,FEST100,Festive season offer,flat,100,70.38,2025-07-17,2025-08-08
CPN0006082,RID0040099,WEEKEND15,Weekend ride offer,percentage,15,10.24,2024-07-20,2024-08-09
CPN0006083,RID0040108,RAINY10,Monsoon special,percentage,10,11.97,2026-06-30,2026-07-30
CPN0006084,RID0040109,WEEKEND15,Weekend ride offer,percentage,15,41.12,2025-05-29,2025-06-23
CPN0006085,RID0040110,FIRST20,First ride discount,percentage,20,15.26,2024-11-21,2024-12-03
CPN0006086,RID0040112,LOYAL30,Loyalty reward,flat,30,25.02,2025-09-16,2025-10-21
CPN0006087,RID0040117,WELCOME50,New user welcome offer,flat,50,50.0,2026-03-30,2026-04-17
CPN0006088,RID0040131,FIRST20,First ride discount,percentage,20,11.57,2024-07-18,2024-08-04
CPN0006089,RID0040134,RAINY10,Monsoon special,percentage,10,8.02,2024-08-30,2024-09-18
CPN0006090,RID0040136,LOYAL30,Loyalty reward,flat,30,21.2,2026-03-05,2026-03-23
CPN0006091,RID0040141,WEEKEND15,Weekend ride offer,percentage,15,12.13,2026-03-10,2026-03-24
CPN0006092,RID0040152,FIRST20,First ride discount,percentage,20,10.42,2024-03-22,2024-04-21
CPN0006093,RID0040162,WEEKEND15,Weekend ride offer,percentage,15,19.86,2026-05-21,2026-06-17
CPN0006094,RID0040163,WEEKEND15,Weekend ride offer,percentage,15,3.92,2025-07-22,2025-08-14
CPN0006095,RID0040181,FEST100,Festive season offer,flat,100,100.0,2026-01-22,2026-02-15
CPN0006096,RID0040190,WELCOME50,New user welcome offer,flat,50,50.0,2024-01-01,2024-01-16
CPN0006097,RID0040192,LOYAL30,Loyalty reward,flat,30,26.3,2024-11-27,2024-12-29
CPN0006098,RID0040194,RAINY10,Monsoon special,percentage,10,11.35,2024-11-25,2024-12-28
CPN0006099,RID0040197,WELCOME50,New user welcome offer,flat,50,50.0,2025-05-21,2025-06-20
CPN0006100,RID0040206,FIRST20,First ride discount,percentage,20,40.58,2025-03-24,2025-04-16
CPN0006101,RID0040235,WEEKEND15,Weekend ride offer,percentage,15,12.78,2024-12-24,2025-01-17
CPN0006102,RID0040264,WEEKEND15,Weekend ride offer,percentage,15,29.32,2025-09-26,2025-10-20
CPN0006103,RID0040266,WELCOME50,New user welcome offer,flat,50,44.04,2026-04-06,2026-04-28
CPN0006104,RID0040276,FEST100,Festive season offer,flat,100,100.0,2024-10-15,2024-11-10
CPN0006105,RID0040280,FEST100,Festive season offer,flat,100,32.16,2024-03-10,2024-04-07
CPN0006106,RID0040285,LOYAL30,Loyalty reward,flat,30,30.0,2024-06-24,2024-07-21
CPN0006107,RID0040286,FEST100,Festive season offer,flat,100,14.22,2024-08-11,2024-09-08
CPN0006108,RID0040291,FEST100,Festive season offer,flat,100,14.73,2024-10-21,2024-11-18
CPN0006109,RID0040312,WEEKEND15,Weekend ride offer,percentage,15,13.41,2026-01-17,2026-02-01
CPN0006110,RID0040313,WEEKEND15,Weekend ride offer,percentage,15,21.7,2026-06-03,2026-06-30
CPN0006111,RID0040323,WEEKEND15,Weekend ride offer,percentage,15,7.52,2025-10-07,2025-11-09
CPN0006112,RID0040344,FEST100,Festive season offer,flat,100,100.0,2025-07-17,2025-08-13
CPN0006113,RID0040348,WEEKEND15,Weekend ride offer,percentage,15,14.48,2026-02-09,2026-03-11
CPN0006114,RID0040359,RAINY10,Monsoon special,percentage,10,13.8,2026-03-06,2026-03-29
CPN0006115,RID0040365,WELCOME50,New user welcome offer,flat,50,22.23,2023-12-17,2024-01-10
CPN0006116,RID0040369,FEST100,Festive season offer,flat,100,25.08,2025-10-22,2025-11-07
CPN0006117,RID0040377,FEST100,Festive season offer,flat,100,71.07,2025-06-14,2025-07-02
CPN0006118,RID0040398,RAINY10,Monsoon special,percentage,10,14.71,2026-01-14,2026-01-29
CPN0006119,RID0040421,WELCOME50,New user welcome offer,flat,50,27.5,2024-06-18,2024-07-16
CPN0006120,RID0040463,LOYAL30,Loyalty reward,flat,30,23.77,2025-04-04,2025-04-30
CPN0006121,RID0040473,WEEKEND15,Weekend ride offer,percentage,15,7.28,2023-12-17,2024-01-19
CPN0006122,RID0040476,WEEKEND15,Weekend ride offer,percentage,15,6.23,2023-12-29,2024-01-11
CPN0006123,RID0040481,FEST100,Festive season offer,flat,100,58.97,2026-01-17,2026-02-06
CPN0006124,RID0040491,RAINY10,Monsoon special,percentage,10,23.46,2024-12-19,2025-01-07
CPN0006125,RID0040508,FIRST20,First ride discount,percentage,20,9.11,2025-07-01,2025-07-31
CPN0006126,RID0040531,WEEKEND15,Weekend ride offer,percentage,15,9.07,2024-11-24,2024-12-27
CPN0006127,RID0040533,FIRST20,First ride discount,percentage,20,11.02,2024-03-02,2024-03-23
CPN0006128,RID0040534,RAINY10,Monsoon special,percentage,10,11.51,2026-02-05,2026-03-08
CPN0006129,RID0040543,FIRST20,First ride discount,percentage,20,10.26,2024-04-07,2024-04-22
CPN0006130,RID0040548,RAINY10,Monsoon special,percentage,10,3.74,2025-02-28,2025-03-20
CPN0006131,RID0040557,FEST100,Festive season offer,flat,100,48.24,2025-03-25,2025-04-22
CPN0006132,RID0040558,FIRST20,First ride discount,percentage,20,49.56,2025-03-25,2025-04-14
CPN0006133,RID0040569,FIRST20,First ride discount,percentage,20,14.33,2026-03-25,2026-04-19
CPN0006134,RID0040570,FEST100,Festive season offer,flat,100,11.85,2024-04-22,2024-05-15
CPN0006135,RID0040584,LOYAL30,Loyalty reward,flat,30,30.0,2025-02-06,2025-03-08
CPN0006136,RID0040585,WELCOME50,New user welcome offer,flat,50,32.95,2025-09-22,2025-10-04
CPN0006137,RID0040588,WELCOME50,New user welcome offer,flat,50,19.5,2026-06-23,2026-07-12
CPN0006138,RID0040595,FIRST20,First ride discount,percentage,20,10.35,2026-05-24,2026-06-13
CPN0006139,RID0040610,LOYAL30,Loyalty reward,flat,30,30.0,2024-10-18,2024-11-11
CPN0006140,RID0040611,RAINY10,Monsoon special,percentage,10,15.35,2025-11-16,2025-12-10
CPN0006141,RID0040613,FIRST20,First ride discount,percentage,20,14.69,2024-10-02,2024-10-25
CPN0006142,RID0040621,WEEKEND15,Weekend ride offer,percentage,15,6.88,2024-01-03,2024-02-01
CPN0006143,RID0040622,FEST100,Festive season offer,flat,100,15.81,2025-08-01,2025-08-28
CPN0006144,RID0040626,FEST100,Festive season offer,flat,100,19.8,2025-10-28,2025-11-27
CPN0006145,RID0040631,FEST100,Festive season offer,flat,100,60.42,2024-03-28,2024-04-11
CPN0006146,RID0040640,WELCOME50,New user welcome offer,flat,50,28.98,2024-05-05,2024-06-04
CPN0006147,RID0040643,LOYAL30,Loyalty reward,flat,30,20.85,2024-07-10,2024-07-31
CPN0006148,RID0040646,WEEKEND15,Weekend ride offer,percentage,15,11.85,2025-03-22,2025-04-13
CPN0006149,RID0040647,FIRST20,First ride discount,percentage,20,14.6,2025-11-23,2025-12-27
CPN0006150,RID0040650,RAINY10,Monsoon special,percentage,10,3.96,2024-01-24,2024-02-28
CPN0006151,RID0040651,FIRST20,First ride discount,percentage,20,9.99,2026-04-20,2026-05-12
CPN0006152,RID0040660,FEST100,Festive season offer,flat,100,90.03,2024-07-23,2024-08-22
CPN0006153,RID0040666,WELCOME50,New user welcome offer,flat,50,41.52,2024-02-13,2024-03-11
CPN0006154,RID0040675,WEEKEND15,Weekend ride offer,percentage,15,42.37,2024-11-05,2024-12-03
CPN0006155,RID0040679,FIRST20,First ride discount,percentage,20,17.8,2024-07-09,2024-07-26
CPN0006156,RID0040680,WEEKEND15,Weekend ride offer,percentage,15,7.6,2025-12-17,2026-01-19
CPN0006157,RID0040687,WELCOME50,New user welcome offer,flat,50,38.34,2024-03-11,2024-04-14
CPN0006158,RID0040689,FIRST20,First ride discount,percentage,20,63.28,2025-12-11,2025-12-25
CPN0006159,RID0040693,WELCOME50,New user welcome offer,flat,50,15.63,2024-08-04,2024-09-10
CPN0006160,RID0040700,WEEKEND15,Weekend ride offer,percentage,15,10.84,2025-06-27,2025-07-16
CPN0006161,RID0040703,FEST100,Festive season offer,flat,100,66.12,2025-04-30,2025-05-16
CPN0006162,RID0040712,LOYAL30,Loyalty reward,flat,30,30.0,2024-04-25,2024-05-16
CPN0006163,RID0040715,FIRST20,First ride discount,percentage,20,11.26,2024-09-28,2024-10-28
CPN0006164,RID0040717,WEEKEND15,Weekend ride offer,percentage,15,5.94,2026-04-23,2026-05-22
CPN0006165,RID0040742,WEEKEND15,Weekend ride offer,percentage,15,13.68,2024-04-19,2024-05-16
CPN0006166,RID0040745,FEST100,Festive season offer,flat,100,55.26,2024-10-13,2024-11-01
CPN0006167,RID0040747,FEST100,Festive season offer,flat,100,46.14,2025-09-15,2025-09-29
CPN0006168,RID0040749,LOYAL30,Loyalty reward,flat,30,30.0,2025-10-30,2025-11-17
CPN0006169,RID0040754,FIRST20,First ride discount,percentage,20,11.71,2024-01-23,2024-02-19
CPN0006170,RID0040762,FIRST20,First ride discount,percentage,20,10.73,2026-02-22,2026-03-19
CPN0006171,RID0040775,WELCOME50,New user welcome offer,flat,50,19.38,2024-04-12,2024-04-29
CPN0006172,RID0040778,WELCOME50,New user welcome offer,flat,50,39.36,2025-04-07,2025-04-27
CPN0006173,RID0040788,FIRST20,First ride discount,percentage,20,7.82,2024-04-03,2024-04-29
CPN0006174,RID0040794,FEST100,Festive season offer,flat,100,30.57,2025-07-23,2025-08-21
CPN0006175,RID0040807,FIRST20,First ride discount,percentage,20,23.4,2025-06-08,2025-07-04
CPN0006176,RID0040809,FIRST20,First ride discount,percentage,20,19.59,2025-02-03,2025-03-01
CPN0006177,RID0040812,FIRST20,First ride discount,percentage,20,11.18,2025-01-20,2025-02-23
CPN0006178,RID0040826,FEST100,Festive season offer,flat,100,52.98,2025-08-26,2025-09-23
CPN0006179,RID0040828,RAINY10,Monsoon special,percentage,10,6.92,2025-12-07,2025-12-21
CPN0006180,RID0040838,WELCOME50,New user welcome offer,flat,50,42.4,2024-08-31,2024-09-21
CPN0006181,RID0040841,FIRST20,First ride discount,percentage,20,7.99,2024-04-07,2024-04-29
CPN0006182,RID0040867,LOYAL30,Loyalty reward,flat,30,30.0,2026-04-27,2026-05-16
CPN0006183,RID0040879,WELCOME50,New user welcome offer,flat,50,42.67,2024-05-14,2024-06-14
CPN0006184,RID0040884,RAINY10,Monsoon special,percentage,10,7.09,2024-02-16,2024-03-13
CPN0006185,RID0040885,FIRST20,First ride discount,percentage,20,29.34,2025-03-02,2025-03-25
CPN0006186,RID0040887,FEST100,Festive season offer,flat,100,63.2,2025-05-16,2025-06-18
CPN0006187,RID0040904,WELCOME50,New user welcome offer,flat,50,16.25,2026-03-02,2026-04-04
CPN0006188,RID0040905,FEST100,Festive season offer,flat,100,100.0,2024-07-19,2024-08-07
CPN0006189,RID0040917,LOYAL30,Loyalty reward,flat,30,24.42,2025-05-25,2025-06-21
CPN0006190,RID0040930,RAINY10,Monsoon special,percentage,10,15.12,2024-10-17,2024-11-09
CPN0006191,RID0040935,RAINY10,Monsoon special,percentage,10,7.13,2025-07-15,2025-08-17
CPN0006192,RID0040946,WELCOME50,New user welcome offer,flat,50,50.0,2024-06-29,2024-08-01
CPN0006193,RID0040949,WELCOME50,New user welcome offer,flat,50,50.0,2024-07-28,2024-08-27
CPN0006194,RID0040973,LOYAL30,Loyalty reward,flat,30,18.78,2025-11-29,2026-01-04
CPN0006195,RID0040978,LOYAL30,Loyalty reward,flat,30,30.0,2024-12-13,2025-01-16
CPN0006196,RID0040985,FIRST20,First ride discount,percentage,20,27.76,2024-06-17,2024-07-14
CPN0006197,RID0040988,WELCOME50,New user welcome offer,flat,50,50.0,2025-10-31,2025-11-24
CPN0006198,RID0040995,FIRST20,First ride discount,percentage,20,39.28,2025-08-15,2025-09-14
CPN0006199,RID0041016,FEST100,Festive season offer,flat,100,100.0,2026-01-23,2026-02-11
CPN0006200,RID0041023,WELCOME50,New user welcome offer,flat,50,15.72,2025-10-01,2025-10-21
CPN0006201,RID0041028,WELCOME50,New user welcome offer,flat,50,50.0,2024-11-26,2025-01-03
CPN0006202,RID0041040,FIRST20,First ride discount,percentage,20,7.22,2025-12-10,2025-12-27
CPN0006203,RID0041048,WELCOME50,New user welcome offer,flat,50,50.0,2024-10-28,2024-11-23
CPN0006204,RID0041054,LOYAL30,Loyalty reward,flat,30,30.0,2024-07-14,2024-08-19
CPN0006205,RID0041057,WEEKEND15,Weekend ride offer,percentage,15,27.69,2025-06-13,2025-07-05
CPN0006206,RID0041062,FIRST20,First ride discount,percentage,20,31.62,2025-08-12,2025-09-08
CPN0006207,RID0041063,WELCOME50,New user welcome offer,flat,50,50.0,2025-12-13,2026-01-04
CPN0006208,RID0041065,RAINY10,Monsoon special,percentage,10,14.36,2026-04-29,2026-06-08
CPN0006209,RID0041070,FEST100,Festive season offer,flat,100,35.64,2023-12-17,2024-01-15
CPN0006210,RID0041075,RAINY10,Monsoon special,percentage,10,2.75,2025-04-18,2025-05-15
CPN0006211,RID0041079,RAINY10,Monsoon special,percentage,10,7.1,2024-08-19,2024-09-18
CPN0006212,RID0041089,WEEKEND15,Weekend ride offer,percentage,15,20.15,2026-01-10,2026-02-04
CPN0006213,RID0041090,FEST100,Festive season offer,flat,100,74.27,2025-02-21,2025-03-25
CPN0006214,RID0041098,FIRST20,First ride discount,percentage,20,26.3,2024-01-05,2024-01-20
CPN0006215,RID0041099,WEEKEND15,Weekend ride offer,percentage,15,15.58,2024-01-08,2024-01-27
CPN0006216,RID0041100,FIRST20,First ride discount,percentage,20,11.09,2025-01-20,2025-02-16
CPN0006217,RID0041104,RAINY10,Monsoon special,percentage,10,6.78,2025-07-05,2025-08-06
CPN0006218,RID0041107,RAINY10,Monsoon special,percentage,10,16.41,2024-02-16,2024-03-22
CPN0006219,RID0041109,WEEKEND15,Weekend ride offer,percentage,15,18.52,2025-10-02,2025-10-29
CPN0006220,RID0041116,LOYAL30,Loyalty reward,flat,30,30.0,2025-05-22,2025-06-18
CPN0006221,RID0041130,WEEKEND15,Weekend ride offer,percentage,15,6.13,2026-05-02,2026-06-04
CPN0006222,RID0041132,FEST100,Festive season offer,flat,100,22.32,2025-07-30,2025-08-20
CPN0006223,RID0041133,RAINY10,Monsoon special,percentage,10,2.2,2025-04-28,2025-05-13
CPN0006224,RID0041138,WEEKEND15,Weekend ride offer,percentage,15,5.61,2025-02-20,2025-03-24
CPN0006225,RID0041141,LOYAL30,Loyalty reward,flat,30,30.0,2026-02-27,2026-03-21
CPN0006226,RID0041159,LOYAL30,Loyalty reward,flat,30,30.0,2025-05-07,2025-05-29
CPN0006227,RID0041168,FIRST20,First ride discount,percentage,20,12.63,2025-02-14,2025-03-19
CPN0006228,RID0041171,FIRST20,First ride discount,percentage,20,9.4,2026-04-07,2026-05-15
CPN0006229,RID0041177,LOYAL30,Loyalty reward,flat,30,30.0,2024-11-23,2024-12-15
CPN0006230,RID0041184,LOYAL30,Loyalty reward,flat,30,30.0,2024-11-04,2024-12-01
CPN0006231,RID0041188,WEEKEND15,Weekend ride offer,percentage,15,10.82,2024-10-26,2024-11-17
CPN0006232,RID0041198,LOYAL30,Loyalty reward,flat,30,30.0,2026-01-16,2026-02-14
CPN0006233,RID0041200,FEST100,Festive season offer,flat,100,30.78,2024-01-05,2024-02-12
CPN0006234,RID0041206,FEST100,Festive season offer,flat,100,90.84,2025-03-02,2025-04-01
CPN0006235,RID0041211,FEST100,Festive season offer,flat,100,81.99,2024-04-19,2024-05-20
CPN0006236,RID0041219,WELCOME50,New user welcome offer,flat,50,50.0,2024-03-13,2024-04-01
CPN0006237,RID0041223,LOYAL30,Loyalty reward,flat,30,29.77,2024-05-24,2024-06-22
CPN0006238,RID0041227,FEST100,Festive season offer,flat,100,40.83,2024-10-10,2024-11-06
CPN0006239,RID0041229,RAINY10,Monsoon special,percentage,10,5.24,2024-08-01,2024-08-29
CPN0006240,RID0041234,FIRST20,First ride discount,percentage,20,50.9,2025-09-21,2025-10-28
CPN0006241,RID0041243,WEEKEND15,Weekend ride offer,percentage,15,13.74,2024-07-20,2024-08-13
CPN0006242,RID0041244,FIRST20,First ride discount,percentage,20,7.69,2024-01-19,2024-02-08
CPN0006243,RID0041245,RAINY10,Monsoon special,percentage,10,18.29,2026-07-10,2026-07-26
CPN0006244,RID0041251,WEEKEND15,Weekend ride offer,percentage,15,20.41,2026-06-24,2026-07-07
CPN0006245,RID0041254,RAINY10,Monsoon special,percentage,10,4.57,2025-04-10,2025-05-09
CPN0006246,RID0041255,FEST100,Festive season offer,flat,100,100.0,2026-04-12,2026-05-13
CPN0006247,RID0041263,LOYAL30,Loyalty reward,flat,30,30.0,2025-05-06,2025-05-28
CPN0006248,RID0041269,LOYAL30,Loyalty reward,flat,30,29.34,2025-06-06,2025-07-08
CPN0006249,RID0041272,RAINY10,Monsoon special,percentage,10,14.02,2025-09-10,2025-10-18
CPN0006250,RID0041278,RAINY10,Monsoon special,percentage,10,7.13,2025-08-17,2025-09-02
CPN0006251,RID0041285,FIRST20,First ride discount,percentage,20,18.86,2025-01-25,2025-02-23
CPN0006252,RID0041286,WEEKEND15,Weekend ride offer,percentage,15,21.51,2025-04-13,2025-05-12
CPN0006253,RID0041298,WEEKEND15,Weekend ride offer,percentage,15,12.17,2024-08-05,2024-08-29
CPN0006254,RID0041300,FIRST20,First ride discount,percentage,20,8.4,2025-10-17,2025-11-16
CPN0006255,RID0041306,LOYAL30,Loyalty reward,flat,30,30.0,2026-03-08,2026-03-31
CPN0006256,RID0041315,FIRST20,First ride discount,percentage,20,8.38,2024-10-22,2024-11-24
CPN0006257,RID0041316,FIRST20,First ride discount,percentage,20,14.93,2024-08-27,2024-09-16
CPN0006258,RID0041320,FEST100,Festive season offer,flat,100,27.39,2026-03-04,2026-04-02
CPN0006259,RID0041332,FEST100,Festive season offer,flat,100,100.0,2026-02-21,2026-03-20
CPN0006260,RID0041333,WEEKEND15,Weekend ride offer,percentage,15,22.27,2024-06-27,2024-07-17
CPN0006261,RID0041347,WEEKEND15,Weekend ride offer,percentage,15,6.86,2026-04-24,2026-05-07
CPN0006262,RID0041350,RAINY10,Monsoon special,percentage,10,8.21,2026-03-11,2026-03-30
CPN0006263,RID0041351,FIRST20,First ride discount,percentage,20,9.58,2025-07-13,2025-08-08
CPN0006264,RID0041356,LOYAL30,Loyalty reward,flat,30,21.27,2024-08-29,2024-09-24
CPN0006265,RID0041365,FEST100,Festive season offer,flat,100,37.08,2024-03-23,2024-04-10
CPN0006266,RID0041366,WEEKEND15,Weekend ride offer,percentage,15,7.38,2024-05-31,2024-06-26
CPN0006267,RID0041369,FEST100,Festive season offer,flat,100,45.45,2026-04-10,2026-05-12
CPN0006268,RID0041371,WELCOME50,New user welcome offer,flat,50,18.16,2025-09-29,2025-10-19
CPN0006269,RID0041379,RAINY10,Monsoon special,percentage,10,12.56,2024-04-18,2024-05-21
CPN0006270,RID0041380,WELCOME50,New user welcome offer,flat,50,50.0,2025-04-20,2025-05-17
CPN0006271,RID0041385,RAINY10,Monsoon special,percentage,10,4.74,2026-01-07,2026-01-29
CPN0006272,RID0041388,FEST100,Festive season offer,flat,100,54.35,2024-04-19,2024-05-19
CPN0006273,RID0041390,RAINY10,Monsoon special,percentage,10,3.96,2025-04-28,2025-05-25
CPN0006274,RID0041392,FEST100,Festive season offer,flat,100,41.81,2026-02-02,2026-02-23
CPN0006275,RID0041393,LOYAL30,Loyalty reward,flat,30,30.0,2024-08-17,2024-09-01
CPN0006276,RID0041401,FIRST20,First ride discount,percentage,20,12.62,2026-02-20,2026-03-05
CPN0006277,RID0041403,WELCOME50,New user welcome offer,flat,50,43.56,2026-04-26,2026-05-23
CPN0006278,RID0041404,LOYAL30,Loyalty reward,flat,30,24.76,2026-06-26,2026-08-02
CPN0006279,RID0041413,LOYAL30,Loyalty reward,flat,30,30.0,2023-12-21,2024-01-16
CPN0006280,RID0041419,FEST100,Festive season offer,flat,100,54.72,2024-07-22,2024-08-24
CPN0006281,RID0041420,LOYAL30,Loyalty reward,flat,30,30.0,2025-11-24,2025-12-13
CPN0006282,RID0041427,FIRST20,First ride discount,percentage,20,18.63,2024-10-04,2024-10-24
CPN0006283,RID0041433,WEEKEND15,Weekend ride offer,percentage,15,29.76,2024-03-13,2024-04-03
CPN0006284,RID0041437,FIRST20,First ride discount,percentage,20,8.33,2025-05-19,2025-06-09
CPN0006285,RID0041460,FIRST20,First ride discount,percentage,20,7.58,2026-03-25,2026-04-28
CPN0006286,RID0041467,RAINY10,Monsoon special,percentage,10,3.43,2024-09-25,2024-10-22
CPN0006287,RID0041468,FIRST20,First ride discount,percentage,20,9.89,2024-10-08,2024-11-05
CPN0006288,RID0041469,WELCOME50,New user welcome offer,flat,50,39.18,2026-06-22,2026-07-24
CPN0006289,RID0041495,WEEKEND15,Weekend ride offer,percentage,15,12.57,2024-07-30,2024-08-21
CPN0006290,RID0041496,WELCOME50,New user welcome offer,flat,50,50.0,2026-06-15,2026-07-11
CPN0006291,RID0041500,FIRST20,First ride discount,percentage,20,10.71,2026-04-29,2026-05-28
CPN0006292,RID0041511,FEST100,Festive season offer,flat,100,46.02,2025-03-03,2025-04-04
CPN0006293,RID0041551,WEEKEND15,Weekend ride offer,percentage,15,10.91,2024-11-24,2024-12-06
CPN0006294,RID0041552,FIRST20,First ride discount,percentage,20,21.95,2024-03-12,2024-04-03
CPN0006295,RID0041554,FEST100,Festive season offer,flat,100,28.02,2024-11-16,2024-12-21
CPN0006296,RID0041566,FEST100,Festive season offer,flat,100,100.0,2024-12-04,2024-12-20
CPN0006297,RID0041570,RAINY10,Monsoon special,percentage,10,12.7,2024-09-13,2024-10-23
CPN0006298,RID0041571,FEST100,Festive season offer,flat,100,16.35,2025-08-17,2025-09-22
CPN0006299,RID0041575,FIRST20,First ride discount,percentage,20,36.0,2025-12-04,2025-12-26
CPN0006300,RID0041583,WELCOME50,New user welcome offer,flat,50,50.0,2025-02-08,2025-02-26
CPN0006301,RID0041585,RAINY10,Monsoon special,percentage,10,6.17,2024-01-12,2024-01-27
CPN0006302,RID0041588,FEST100,Festive season offer,flat,100,14.07,2025-10-22,2025-11-10
CPN0006303,RID0041598,WELCOME50,New user welcome offer,flat,50,18.06,2024-05-29,2024-06-27
CPN0006304,RID0041606,WEEKEND15,Weekend ride offer,percentage,15,19.46,2024-11-15,2024-12-12
CPN0006305,RID0041616,LOYAL30,Loyalty reward,flat,30,30.0,2025-03-24,2025-04-15
CPN0006306,RID0041619,FIRST20,First ride discount,percentage,20,15.98,2025-08-15,2025-09-03
CPN0006307,RID0041622,FEST100,Festive season offer,flat,100,12.18,2024-08-23,2024-09-14
CPN0006308,RID0041624,WELCOME50,New user welcome offer,flat,50,34.9,2024-12-30,2025-01-20
CPN0006309,RID0041632,FEST100,Festive season offer,flat,100,14.85,2026-05-29,2026-06-13
CPN0006310,RID0041646,LOYAL30,Loyalty reward,flat,30,30.0,2026-05-30,2026-06-19
CPN0006311,RID0041657,FIRST20,First ride discount,percentage,20,27.47,2025-09-14,2025-09-29
CPN0006312,RID0041673,WELCOME50,New user welcome offer,flat,50,34.56,2024-01-21,2024-02-10
CPN0006313,RID0041684,RAINY10,Monsoon special,percentage,10,10.63,2025-02-21,2025-03-20
CPN0006314,RID0041712,LOYAL30,Loyalty reward,flat,30,30.0,2024-05-27,2024-06-15
CPN0006315,RID0041714,LOYAL30,Loyalty reward,flat,30,30.0,2025-10-27,2025-11-11
CPN0006316,RID0041719,FEST100,Festive season offer,flat,100,90.12,2026-03-26,2026-04-29
CPN0006317,RID0041720,FIRST20,First ride discount,percentage,20,27.88,2026-05-14,2026-06-13
CPN0006318,RID0041726,WEEKEND15,Weekend ride offer,percentage,15,36.93,2024-05-09,2024-06-08
CPN0006319,RID0041731,FIRST20,First ride discount,percentage,20,14.21,2026-05-13,2026-06-09
CPN0006320,RID0041747,WEEKEND15,Weekend ride offer,percentage,15,42.81,2024-01-01,2024-01-22
CPN0006321,RID0041748,RAINY10,Monsoon special,percentage,10,10.17,2024-06-10,2024-07-02
CPN0006322,RID0041754,WEEKEND15,Weekend ride offer,percentage,15,13.83,2025-01-14,2025-02-01
CPN0006323,RID0041765,WEEKEND15,Weekend ride offer,percentage,15,38.05,2024-06-07,2024-07-01
CPN0006324,RID0041766,WELCOME50,New user welcome offer,flat,50,47.81,2025-12-02,2025-12-25
CPN0006325,RID0041778,LOYAL30,Loyalty reward,flat,30,12.49,2025-12-28,2026-01-22
CPN0006326,RID0041782,RAINY10,Monsoon special,percentage,10,28.92,2024-11-17,2024-12-10
CPN0006327,RID0041785,FIRST20,First ride discount,percentage,20,42.02,2025-02-13,2025-03-06
CPN0006328,RID0041795,FEST100,Festive season offer,flat,100,44.56,2025-07-08,2025-08-02
CPN0006329,RID0041806,WEEKEND15,Weekend ride offer,percentage,15,12.15,2025-02-15,2025-03-25
CPN0006330,RID0041809,FEST100,Festive season offer,flat,100,48.48,2026-05-27,2026-06-18
CPN0006331,RID0041815,RAINY10,Monsoon special,percentage,10,9.56,2024-06-16,2024-07-16
CPN0006332,RID0041816,FEST100,Festive season offer,flat,100,44.34,2024-11-25,2024-12-20
CPN0006333,RID0041817,LOYAL30,Loyalty reward,flat,30,30.0,2024-05-19,2024-06-14
CPN0006334,RID0041823,WEEKEND15,Weekend ride offer,percentage,15,10.05,2026-04-26,2026-05-15
CPN0006335,RID0041834,RAINY10,Monsoon special,percentage,10,8.09,2025-08-16,2025-09-05
CPN0006336,RID0041845,WEEKEND15,Weekend ride offer,percentage,15,17.69,2025-06-01,2025-06-21
CPN0006337,RID0041856,WELCOME50,New user welcome offer,flat,50,21.21,2025-09-28,2025-10-23
CPN0006338,RID0041862,WEEKEND15,Weekend ride offer,percentage,15,7.67,2026-06-01,2026-06-21
CPN0006339,RID0041865,FEST100,Festive season offer,flat,100,17.14,2025-12-17,2026-01-23
CPN0006340,RID0041866,FEST100,Festive season offer,flat,100,32.49,2025-01-10,2025-02-08
CPN0006341,RID0041867,LOYAL30,Loyalty reward,flat,30,13.44,2025-10-29,2025-11-27
CPN0006342,RID0041876,RAINY10,Monsoon special,percentage,10,5.74,2024-08-24,2024-09-24
CPN0006343,RID0041889,FIRST20,First ride discount,percentage,20,12.8,2026-05-19,2026-06-10
CPN0006344,RID0041890,WEEKEND15,Weekend ride offer,percentage,15,10.72,2025-10-04,2025-11-06
CPN0006345,RID0041906,RAINY10,Monsoon special,percentage,10,12.08,2025-02-22,2025-03-06
CPN0006346,RID0041911,WEEKEND15,Weekend ride offer,percentage,15,8.41,2024-08-06,2024-08-28
CPN0006347,RID0041923,FIRST20,First ride discount,percentage,20,35.47,2026-05-22,2026-06-27
CPN0006348,RID0041936,FIRST20,First ride discount,percentage,20,12.48,2024-02-03,2024-02-22
CPN0006349,RID0041939,FEST100,Festive season offer,flat,100,70.78,2025-07-09,2025-08-05
CPN0006350,RID0041942,WEEKEND15,Weekend ride offer,percentage,15,12.5,2024-11-23,2024-12-10
CPN0006351,RID0041943,WEEKEND15,Weekend ride offer,percentage,15,10.06,2026-05-01,2026-05-26
CPN0006352,RID0041944,RAINY10,Monsoon special,percentage,10,10.18,2025-08-11,2025-09-09
CPN0006353,RID0041959,RAINY10,Monsoon special,percentage,10,9.51,2026-05-16,2026-06-11
CPN0006354,RID0041964,LOYAL30,Loyalty reward,flat,30,30.0,2024-07-11,2024-08-01
CPN0006355,RID0041968,RAINY10,Monsoon special,percentage,10,7.91,2025-09-23,2025-10-19
CPN0006356,RID0041979,FEST100,Festive season offer,flat,100,33.44,2026-03-20,2026-04-18
CPN0006357,RID0041980,WELCOME50,New user welcome offer,flat,50,50.0,2025-09-10,2025-10-05
CPN0006358,RID0041981,WEEKEND15,Weekend ride offer,percentage,15,42.2,2024-05-07,2024-05-22
CPN0006359,RID0041985,LOYAL30,Loyalty reward,flat,30,30.0,2026-03-30,2026-04-28
CPN0006360,RID0041989,FEST100,Festive season offer,flat,100,32.4,2023-12-28,2024-01-20
CPN0006361,RID0041992,LOYAL30,Loyalty reward,flat,30,30.0,2024-02-16,2024-03-17
CPN0006362,RID0041995,WELCOME50,New user welcome offer,flat,50,50.0,2026-04-15,2026-05-09
CPN0006363,RID0041996,WELCOME50,New user welcome offer,flat,50,24.96,2025-07-28,2025-08-13
CPN0006364,RID0041997,WELCOME50,New user welcome offer,flat,50,31.62,2024-02-09,2024-03-16
CPN0006365,RID0042009,WEEKEND15,Weekend ride offer,percentage,15,26.07,2023-12-31,2024-01-24
CPN0006366,RID0042016,LOYAL30,Loyalty reward,flat,30,30.0,2025-12-21,2026-01-16
CPN0006367,RID0042018,WELCOME50,New user welcome offer,flat,50,50.0,2026-05-11,2026-06-09
CPN0006368,RID0042022,WEEKEND15,Weekend ride offer,percentage,15,11.06,2025-10-19,2025-11-11
CPN0006369,RID0042043,FEST100,Festive season offer,flat,100,18.0,2025-08-29,2025-09-15
CPN0006370,RID0042059,FIRST20,First ride discount,percentage,20,46.75,2024-10-15,2024-11-15
CPN0006371,RID0042063,LOYAL30,Loyalty reward,flat,30,30.0,2024-04-01,2024-04-23
CPN0006372,RID0042066,WELCOME50,New user welcome offer,flat,50,50.0,2025-12-29,2026-01-14
CPN0006373,RID0042080,WEEKEND15,Weekend ride offer,percentage,15,4.59,2026-01-15,2026-02-19
CPN0006374,RID0042081,RAINY10,Monsoon special,percentage,10,5.36,2024-05-05,2024-06-03
CPN0006375,RID0042092,WELCOME50,New user welcome offer,flat,50,23.09,2026-01-16,2026-02-02
CPN0006376,RID0042114,WELCOME50,New user welcome offer,flat,50,34.08,2024-08-28,2024-09-29
CPN0006377,RID0042121,WELCOME50,New user welcome offer,flat,50,50.0,2026-05-21,2026-06-01
CPN0006378,RID0042128,FIRST20,First ride discount,percentage,20,9.16,2025-01-10,2025-02-03
CPN0006379,RID0042132,WELCOME50,New user welcome offer,flat,50,50.0,2024-03-01,2024-03-27
CPN0006380,RID0042139,RAINY10,Monsoon special,percentage,10,2.51,2025-04-25,2025-05-07
CPN0006381,RID0042145,LOYAL30,Loyalty reward,flat,30,17.52,2025-09-06,2025-09-22
CPN0006382,RID0042147,FIRST20,First ride discount,percentage,20,31.75,2026-06-05,2026-06-30
CPN0006383,RID0042152,FIRST20,First ride discount,percentage,20,12.29,2026-02-21,2026-03-13
CPN0006384,RID0042154,WEEKEND15,Weekend ride offer,percentage,15,15.33,2025-09-23,2025-10-25
CPN0006385,RID0042164,FEST100,Festive season offer,flat,100,53.02,2026-01-20,2026-02-08
CPN0006386,RID0042165,WEEKEND15,Weekend ride offer,percentage,15,15.32,2024-10-14,2024-10-31
CPN0006387,RID0042166,WEEKEND15,Weekend ride offer,percentage,15,26.95,2025-06-19,2025-07-15
CPN0006388,RID0042168,WELCOME50,New user welcome offer,flat,50,25.92,2025-11-26,2025-12-28
CPN0006389,RID0042187,RAINY10,Monsoon special,percentage,10,11.42,2026-01-13,2026-02-21
CPN0006390,RID0042199,WEEKEND15,Weekend ride offer,percentage,15,46.16,2025-05-03,2025-05-18
CPN0006391,RID0042201,LOYAL30,Loyalty reward,flat,30,27.5,2024-04-04,2024-05-04
CPN0006392,RID0042211,FEST100,Festive season offer,flat,100,61.17,2024-09-06,2024-10-07
CPN0006393,RID0042218,WELCOME50,New user welcome offer,flat,50,20.97,2024-09-30,2024-10-28
CPN0006394,RID0042220,FIRST20,First ride discount,percentage,20,19.01,2025-01-11,2025-01-31
CPN0006395,RID0042222,FEST100,Festive season offer,flat,100,15.22,2025-02-20,2025-03-25
CPN0006396,RID0042223,WEEKEND15,Weekend ride offer,percentage,15,13.88,2024-12-25,2025-01-15
CPN0006397,RID0042228,WELCOME50,New user welcome offer,flat,50,27.39,2024-01-23,2024-02-10
CPN0006398,RID0042233,RAINY10,Monsoon special,percentage,10,9.77,2025-03-27,2025-04-16
CPN0006399,RID0042236,WELCOME50,New user welcome offer,flat,50,50.0,2025-11-19,2025-12-24
CPN0006400,RID0042246,FIRST20,First ride discount,percentage,20,13.72,2025-04-13,2025-05-04
CPN0006401,RID0042250,FIRST20,First ride discount,percentage,20,14.23,2024-08-11,2024-08-26
CPN0006402,RID0042256,FIRST20,First ride discount,percentage,20,7.6,2024-07-04,2024-07-29
CPN0006403,RID0042259,FIRST20,First ride discount,percentage,20,18.25,2024-06-01,2024-06-22
CPN0006404,RID0042263,WELCOME50,New user welcome offer,flat,50,41.28,2026-07-06,2026-07-19
CPN0006405,RID0042268,WEEKEND15,Weekend ride offer,percentage,15,7.3,2025-06-14,2025-07-05
CPN0006406,RID0042269,FIRST20,First ride discount,percentage,20,12.59,2025-11-07,2025-11-25
CPN0006407,RID0042275,LOYAL30,Loyalty reward,flat,30,30.0,2025-10-07,2025-11-08
CPN0006408,RID0042299,WELCOME50,New user welcome offer,flat,50,50.0,2026-04-24,2026-05-16
CPN0006409,RID0042322,LOYAL30,Loyalty reward,flat,30,9.9,2025-06-07,2025-07-08
CPN0006410,RID0042333,LOYAL30,Loyalty reward,flat,30,30.0,2024-07-12,2024-08-05
CPN0006411,RID0042336,WEEKEND15,Weekend ride offer,percentage,15,6.96,2024-01-03,2024-02-01
CPN0006412,RID0042337,WELCOME50,New user welcome offer,flat,50,24.05,2025-07-17,2025-08-05
CPN0006413,RID0042347,FIRST20,First ride discount,percentage,20,54.28,2025-07-29,2025-08-24
CPN0006414,RID0042360,WELCOME50,New user welcome offer,flat,50,16.71,2024-09-21,2024-10-18
CPN0006415,RID0042361,WELCOME50,New user welcome offer,flat,50,50.0,2024-10-11,2024-10-26
CPN0006416,RID0042362,FIRST20,First ride discount,percentage,20,5.34,2025-12-14,2026-01-14
CPN0006417,RID0042368,WEEKEND15,Weekend ride offer,percentage,15,64.67,2024-08-03,2024-08-30
CPN0006418,RID0042370,LOYAL30,Loyalty reward,flat,30,30.0,2025-09-04,2025-09-29
CPN0006419,RID0042379,FIRST20,First ride discount,percentage,20,27.04,2025-08-29,2025-09-22
CPN0006420,RID0042380,LOYAL30,Loyalty reward,flat,30,30.0,2024-08-11,2024-09-07
CPN0006421,RID0042389,WEEKEND15,Weekend ride offer,percentage,15,5.1,2026-04-25,2026-05-16
CPN0006422,RID0042395,LOYAL30,Loyalty reward,flat,30,30.0,2024-01-28,2024-02-09
CPN0006423,RID0042403,WEEKEND15,Weekend ride offer,percentage,15,9.64,2024-12-21,2025-01-19
CPN0006424,RID0042406,WEEKEND15,Weekend ride offer,percentage,15,18.21,2025-09-21,2025-10-08
CPN0006425,RID0042407,FEST100,Festive season offer,flat,100,30.67,2024-04-09,2024-05-04
CPN0006426,RID0042417,FIRST20,First ride discount,percentage,20,14.51,2024-03-16,2024-04-06
CPN0006427,RID0042423,LOYAL30,Loyalty reward,flat,30,27.43,2026-02-21,2026-03-22
CPN0006428,RID0042430,WELCOME50,New user welcome offer,flat,50,50.0,2025-07-25,2025-08-20
CPN0006429,RID0042434,FIRST20,First ride discount,percentage,20,13.61,2024-08-09,2024-09-10
CPN0006430,RID0042443,LOYAL30,Loyalty reward,flat,30,30.0,2024-09-14,2024-10-14
CPN0006431,RID0042444,LOYAL30,Loyalty reward,flat,30,30.0,2024-12-16,2025-01-09
CPN0006432,RID0042446,WEEKEND15,Weekend ride offer,percentage,15,8.95,2025-08-31,2025-09-17
CPN0006433,RID0042460,RAINY10,Monsoon special,percentage,10,8.3,2024-12-04,2025-01-01
CPN0006434,RID0042462,WELCOME50,New user welcome offer,flat,50,50.0,2024-09-22,2024-10-26
CPN0006435,RID0042475,FIRST20,First ride discount,percentage,20,5.76,2025-11-05,2025-12-02
CPN0006436,RID0042486,FIRST20,First ride discount,percentage,20,12.78,2025-08-05,2025-08-18
CPN0006437,RID0042495,WEEKEND15,Weekend ride offer,percentage,15,16.74,2025-11-10,2025-12-11
CPN0006438,RID0042497,WEEKEND15,Weekend ride offer,percentage,15,14.24,2025-02-18,2025-03-28
CPN0006439,RID0042498,RAINY10,Monsoon special,percentage,10,10.18,2025-12-18,2026-01-13
CPN0006440,RID0042501,FEST100,Festive season offer,flat,100,67.62,2025-09-04,2025-10-06
CPN0006441,RID0042505,WEEKEND15,Weekend ride offer,percentage,15,5.67,2024-08-28,2024-09-15
CPN0006442,RID0042516,FEST100,Festive season offer,flat,100,45.09,2025-02-18,2025-03-17
CPN0006443,RID0042519,WEEKEND15,Weekend ride offer,percentage,15,7.29,2024-01-24,2024-02-22
CPN0006444,RID0042525,FEST100,Festive season offer,flat,100,29.88,2025-12-09,2026-01-01
CPN0006445,RID0042532,FIRST20,First ride discount,percentage,20,17.8,2025-02-24,2025-03-22
CPN0006446,RID0042543,WELCOME50,New user welcome offer,flat,50,49.92,2025-12-10,2026-01-05
CPN0006447,RID0042555,RAINY10,Monsoon special,percentage,10,11.79,2026-04-23,2026-05-14
CPN0006448,RID0042582,FEST100,Festive season offer,flat,100,100.0,2026-04-14,2026-05-18
CPN0006449,RID0042586,RAINY10,Monsoon special,percentage,10,13.93,2024-03-20,2024-04-15
CPN0006450,RID0042590,WELCOME50,New user welcome offer,flat,50,13.17,2026-02-17,2026-03-18
CPN0006451,RID0042593,FIRST20,First ride discount,percentage,20,5.99,2026-04-21,2026-05-16
CPN0006452,RID0042594,FIRST20,First ride discount,percentage,20,13.34,2024-01-31,2024-03-05
CPN0006453,RID0042602,FIRST20,First ride discount,percentage,20,25.66,2026-05-20,2026-06-21
CPN0006454,RID0042605,WEEKEND15,Weekend ride offer,percentage,15,15.93,2025-08-24,2025-09-14
CPN0006455,RID0042609,LOYAL30,Loyalty reward,flat,30,30.0,2024-02-20,2024-03-13
CPN0006456,RID0042616,FIRST20,First ride discount,percentage,20,25.24,2026-02-17,2026-03-16
CPN0006457,RID0042618,LOYAL30,Loyalty reward,flat,30,30.0,2025-07-21,2025-08-24
CPN0006458,RID0042622,FEST100,Festive season offer,flat,100,100.0,2024-10-27,2024-11-29
CPN0006459,RID0042632,FEST100,Festive season offer,flat,100,28.62,2026-03-29,2026-04-27
CPN0006460,RID0042638,FEST100,Festive season offer,flat,100,65.64,2024-04-15,2024-05-12
CPN0006461,RID0042639,LOYAL30,Loyalty reward,flat,30,30.0,2026-03-16,2026-03-29
CPN0006462,RID0042686,WELCOME50,New user welcome offer,flat,50,50.0,2024-08-01,2024-08-31
CPN0006463,RID0042690,LOYAL30,Loyalty reward,flat,30,23.59,2025-12-24,2026-01-15
CPN0006464,RID0042691,LOYAL30,Loyalty reward,flat,30,27.3,2026-05-28,2026-06-17
CPN0006465,RID0042693,LOYAL30,Loyalty reward,flat,30,27.24,2024-11-19,2024-12-15
CPN0006466,RID0042694,FEST100,Festive season offer,flat,100,79.38,2026-03-02,2026-03-18
CPN0006467,RID0042701,RAINY10,Monsoon special,percentage,10,9.84,2025-07-21,2025-08-29
CPN0006468,RID0042716,LOYAL30,Loyalty reward,flat,30,9.96,2026-07-04,2026-07-21
CPN0006469,RID0042718,WEEKEND15,Weekend ride offer,percentage,15,12.3,2024-01-17,2024-02-17
CPN0006470,RID0042722,FEST100,Festive season offer,flat,100,100.0,2025-02-03,2025-03-02
CPN0006471,RID0042725,LOYAL30,Loyalty reward,flat,30,30.0,2025-05-13,2025-06-08
CPN0006472,RID0042727,LOYAL30,Loyalty reward,flat,30,30.0,2025-12-14,2025-12-30
CPN0006473,RID0042728,FIRST20,First ride discount,percentage,20,41.33,2024-05-06,2024-05-24
CPN0006474,RID0042731,RAINY10,Monsoon special,percentage,10,23.37,2024-01-03,2024-02-02
CPN0006475,RID0042761,FIRST20,First ride discount,percentage,20,46.72,2026-01-02,2026-01-28
CPN0006476,RID0042770,LOYAL30,Loyalty reward,flat,30,30.0,2024-12-13,2025-01-10
CPN0006477,RID0042775,LOYAL30,Loyalty reward,flat,30,30.0,2025-06-06,2025-06-25
CPN0006478,RID0042778,FEST100,Festive season offer,flat,100,28.04,2024-05-02,2024-06-04
CPN0006479,RID0042782,WEEKEND15,Weekend ride offer,percentage,15,30.02,2025-06-06,2025-07-09
CPN0006480,RID0042786,FIRST20,First ride discount,percentage,20,13.41,2024-08-24,2024-09-13
CPN0006481,RID0042791,RAINY10,Monsoon special,percentage,10,2.44,2025-06-28,2025-07-23
CPN0006482,RID0042793,WEEKEND15,Weekend ride offer,percentage,15,14.27,2025-09-03,2025-10-06
CPN0006483,RID0042801,LOYAL30,Loyalty reward,flat,30,30.0,2024-03-11,2024-04-16
CPN0006484,RID0042813,WELCOME50,New user welcome offer,flat,50,24.13,2026-01-17,2026-02-04
CPN0006485,RID0042814,RAINY10,Monsoon special,percentage,10,5.03,2024-01-29,2024-02-25
CPN0006486,RID0042823,WEEKEND15,Weekend ride offer,percentage,15,15.97,2025-04-11,2025-04-21
CPN0006487,RID0042826,LOYAL30,Loyalty reward,flat,30,28.47,2024-05-23,2024-06-19
CPN0006488,RID0042833,LOYAL30,Loyalty reward,flat,30,30.0,2025-07-21,2025-08-21
CPN0006489,RID0042845,WEEKEND15,Weekend ride offer,percentage,15,26.67,2026-01-22,2026-02-14
CPN0006490,RID0042856,FIRST20,First ride discount,percentage,20,39.14,2024-12-08,2025-01-03
CPN0006491,RID0042859,WELCOME50,New user welcome offer,flat,50,24.04,2024-02-06,2024-02-25
CPN0006492,RID0042870,WELCOME50,New user welcome offer,flat,50,50.0,2026-04-29,2026-05-22
CPN0006493,RID0042882,LOYAL30,Loyalty reward,flat,30,30.0,2024-06-24,2024-07-17
CPN0006494,RID0042887,WEEKEND15,Weekend ride offer,percentage,15,5.38,2025-10-17,2025-11-22
CPN0006495,RID0042890,WELCOME50,New user welcome offer,flat,50,50.0,2026-07-09,2026-08-05
CPN0006496,RID0042893,WELCOME50,New user welcome offer,flat,50,45.42,2025-03-06,2025-04-07
CPN0006497,RID0042903,WELCOME50,New user welcome offer,flat,50,23.64,2024-04-09,2024-05-04
CPN0006498,RID0042904,WELCOME50,New user welcome offer,flat,50,39.96,2025-11-04,2025-12-01
CPN0006499,RID0042907,FIRST20,First ride discount,percentage,20,30.37,2025-08-04,2025-09-06
CPN0006500,RID0042909,FIRST20,First ride discount,percentage,20,8.11,2025-08-30,2025-09-15
CPN0006501,RID0042924,RAINY10,Monsoon special,percentage,10,4.59,2024-01-13,2024-02-13
CPN0006502,RID0042925,FIRST20,First ride discount,percentage,20,6.25,2025-08-18,2025-09-21
CPN0006503,RID0042930,RAINY10,Monsoon special,percentage,10,17.34,2026-05-11,2026-06-06
CPN0006504,RID0042935,FIRST20,First ride discount,percentage,20,8.5,2025-11-17,2025-12-11
CPN0006505,RID0042937,FIRST20,First ride discount,percentage,20,36.6,2025-08-31,2025-09-17
CPN0006506,RID0042953,LOYAL30,Loyalty reward,flat,30,30.0,2024-04-08,2024-05-02
CPN0006507,RID0042958,FIRST20,First ride discount,percentage,20,8.98,2026-03-26,2026-04-20
CPN0006508,RID0042964,WEEKEND15,Weekend ride offer,percentage,15,29.49,2024-01-08,2024-01-22
CPN0006509,RID0042972,WEEKEND15,Weekend ride offer,percentage,15,28.88,2024-02-25,2024-03-25
CPN0006510,RID0042974,WEEKEND15,Weekend ride offer,percentage,15,7.55,2024-01-17,2024-02-15
CPN0006511,RID0042977,LOYAL30,Loyalty reward,flat,30,30.0,2025-02-17,2025-03-19
CPN0006512,RID0042988,LOYAL30,Loyalty reward,flat,30,13.65,2024-10-17,2024-11-14
CPN0006513,RID0043000,FIRST20,First ride discount,percentage,20,9.47,2025-12-29,2026-01-17
CPN0006514,RID0043002,WELCOME50,New user welcome offer,flat,50,50.0,2024-08-15,2024-09-14
CPN0006515,RID0043015,FIRST20,First ride discount,percentage,20,29.31,2025-06-22,2025-07-11
CPN0006516,RID0043023,WELCOME50,New user welcome offer,flat,50,50.0,2026-01-21,2026-02-03
CPN0006517,RID0043031,RAINY10,Monsoon special,percentage,10,3.48,2024-08-15,2024-09-11
CPN0006518,RID0043033,WEEKEND15,Weekend ride offer,percentage,15,4.3,2024-02-03,2024-02-22
CPN0006519,RID0043036,FEST100,Festive season offer,flat,100,35.06,2024-07-19,2024-08-13
CPN0006520,RID0043040,WELCOME50,New user welcome offer,flat,50,32.09,2025-05-13,2025-06-11
CPN0006521,RID0043042,LOYAL30,Loyalty reward,flat,30,30.0,2024-07-13,2024-08-12
CPN0006522,RID0043052,WELCOME50,New user welcome offer,flat,50,50.0,2023-12-28,2024-02-01
CPN0006523,RID0043069,FEST100,Festive season offer,flat,100,59.11,2025-05-29,2025-06-26
CPN0006524,RID0043072,FIRST20,First ride discount,percentage,20,22.73,2025-02-28,2025-03-14
CPN0006525,RID0043074,FIRST20,First ride discount,percentage,20,8.8,2024-04-17,2024-05-12
CPN0006526,RID0043089,FEST100,Festive season offer,flat,100,47.04,2024-10-10,2024-11-10
CPN0006527,RID0043094,FEST100,Festive season offer,flat,100,42.9,2024-09-25,2024-10-19
CPN0006528,RID0043106,RAINY10,Monsoon special,percentage,10,13.25,2024-01-06,2024-02-03
CPN0006529,RID0043108,LOYAL30,Loyalty reward,flat,30,20.4,2024-10-06,2024-11-01
CPN0006530,RID0043119,WEEKEND15,Weekend ride offer,percentage,15,4.82,2026-02-22,2026-03-20
CPN0006531,RID0043124,LOYAL30,Loyalty reward,flat,30,30.0,2025-11-29,2026-01-07
CPN0006532,RID0043132,WELCOME50,New user welcome offer,flat,50,50.0,2025-04-11,2025-05-01
CPN0006533,RID0043152,LOYAL30,Loyalty reward,flat,30,24.66,2024-10-29,2024-11-25
CPN0006534,RID0043157,FEST100,Festive season offer,flat,100,54.74,2024-01-29,2024-02-17
CPN0006535,RID0043171,RAINY10,Monsoon special,percentage,10,16.97,2026-04-30,2026-05-26
CPN0006536,RID0043179,WELCOME50,New user welcome offer,flat,50,50.0,2025-11-07,2025-12-06
CPN0006537,RID0043180,FEST100,Festive season offer,flat,100,80.91,2026-07-09,2026-07-20
CPN0006538,RID0043199,LOYAL30,Loyalty reward,flat,30,30.0,2025-03-13,2025-03-29
CPN0006539,RID0043200,LOYAL30,Loyalty reward,flat,30,30.0,2024-10-04,2024-11-01
CPN0006540,RID0043202,WELCOME50,New user welcome offer,flat,50,18.45,2024-07-11,2024-08-01
CPN0006541,RID0043215,RAINY10,Monsoon special,percentage,10,4.7,2024-04-24,2024-05-20
CPN0006542,RID0043217,RAINY10,Monsoon special,percentage,10,8.52,2024-02-18,2024-03-26
CPN0006543,RID0043225,LOYAL30,Loyalty reward,flat,30,30.0,2024-01-16,2024-02-13
CPN0006544,RID0043228,WELCOME50,New user welcome offer,flat,50,50.0,2024-11-05,2024-12-11
CPN0006545,RID0043242,WELCOME50,New user welcome offer,flat,50,16.92,2025-11-26,2025-12-22
CPN0006546,RID0043243,RAINY10,Monsoon special,percentage,10,5.46,2025-04-30,2025-05-28
CPN0006547,RID0043259,WEEKEND15,Weekend ride offer,percentage,15,15.53,2026-01-01,2026-01-29
CPN0006548,RID0043267,WELCOME50,New user welcome offer,flat,50,50.0,2026-02-21,2026-03-19
CPN0006549,RID0043269,RAINY10,Monsoon special,percentage,10,10.2,2026-04-13,2026-05-13
CPN0006550,RID0043271,LOYAL30,Loyalty reward,flat,30,30.0,2025-10-08,2025-11-02
CPN0006551,RID0043273,RAINY10,Monsoon special,percentage,10,9.28,2025-02-06,2025-03-08
CPN0006552,RID0043280,FIRST20,First ride discount,percentage,20,20.52,2024-11-04,2024-11-28
CPN0006553,RID0043281,FIRST20,First ride discount,percentage,20,11.56,2025-06-07,2025-06-26
CPN0006554,RID0043284,FEST100,Festive season offer,flat,100,75.36,2025-04-29,2025-05-25
CPN0006555,RID0043285,RAINY10,Monsoon special,percentage,10,3.87,2025-05-22,2025-06-13
CPN0006556,RID0043287,WEEKEND15,Weekend ride offer,percentage,15,33.53,2025-01-17,2025-01-31
CPN0006557,RID0043295,WEEKEND15,Weekend ride offer,percentage,15,8.42,2026-04-25,2026-05-20
CPN0006558,RID0043299,WELCOME50,New user welcome offer,flat,50,50.0,2026-07-04,2026-07-20
CPN0006559,RID0043306,WEEKEND15,Weekend ride offer,percentage,15,7.07,2024-12-04,2024-12-30
CPN0006560,RID0043310,WELCOME50,New user welcome offer,flat,50,50.0,2023-12-27,2024-01-30
CPN0006561,RID0043318,FIRST20,First ride discount,percentage,20,15.59,2024-10-20,2024-11-17
CPN0006562,RID0043323,FIRST20,First ride discount,percentage,20,11.0,2025-01-19,2025-02-03
CPN0006563,RID0043330,WELCOME50,New user welcome offer,flat,50,50.0,2025-12-02,2025-12-26
CPN0006564,RID0043336,FIRST20,First ride discount,percentage,20,16.2,2024-07-29,2024-08-27
CPN0006565,RID0043339,RAINY10,Monsoon special,percentage,10,11.2,2024-06-18,2024-07-19
CPN0006566,RID0043342,WELCOME50,New user welcome offer,flat,50,23.16,2025-03-21,2025-04-03
CPN0006567,RID0043344,LOYAL30,Loyalty reward,flat,30,30.0,2024-07-16,2024-08-10
CPN0006568,RID0043356,FEST100,Festive season offer,flat,100,41.98,2024-12-28,2025-01-29
CPN0006569,RID0043357,LOYAL30,Loyalty reward,flat,30,30.0,2025-07-13,2025-08-06
CPN0006570,RID0043367,FIRST20,First ride discount,percentage,20,14.26,2024-10-03,2024-11-04
CPN0006571,RID0043368,RAINY10,Monsoon special,percentage,10,7.85,2026-03-25,2026-04-16
CPN0006572,RID0043374,WELCOME50,New user welcome offer,flat,50,18.63,2025-12-21,2026-01-10
CPN0006573,RID0043383,WELCOME50,New user welcome offer,flat,50,50.0,2026-02-28,2026-03-26
CPN0006574,RID0043391,WEEKEND15,Weekend ride offer,percentage,15,23.4,2025-06-16,2025-07-10
CPN0006575,RID0043396,FEST100,Festive season offer,flat,100,55.2,2025-02-08,2025-03-09
CPN0006576,RID0043397,WELCOME50,New user welcome offer,flat,50,38.82,2025-04-16,2025-05-07
CPN0006577,RID0043410,LOYAL30,Loyalty reward,flat,30,30.0,2025-03-04,2025-04-12
CPN0006578,RID0043415,RAINY10,Monsoon special,percentage,10,25.13,2023-12-23,2024-01-30
CPN0006579,RID0043422,FEST100,Festive season offer,flat,100,35.64,2025-04-21,2025-05-03
CPN0006580,RID0043440,RAINY10,Monsoon special,percentage,10,4.81,2025-01-14,2025-02-05
CPN0006581,RID0043446,WEEKEND15,Weekend ride offer,percentage,15,6.24,2024-07-11,2024-08-11
CPN0006582,RID0043453,FEST100,Festive season offer,flat,100,22.2,2025-11-06,2025-12-02
CPN0006583,RID0043455,LOYAL30,Loyalty reward,flat,30,17.46,2025-03-28,2025-04-22
CPN0006584,RID0043465,LOYAL30,Loyalty reward,flat,30,19.8,2025-03-21,2025-04-20
CPN0006585,RID0043500,LOYAL30,Loyalty reward,flat,30,30.0,2024-07-19,2024-08-13
CPN0006586,RID0043501,WELCOME50,New user welcome offer,flat,50,49.03,2025-10-18,2025-11-11
CPN0006587,RID0043504,WELCOME50,New user welcome offer,flat,50,17.56,2025-02-15,2025-03-04
CPN0006588,RID0043515,FEST100,Festive season offer,flat,100,90.14,2025-04-07,2025-04-25
CPN0006589,RID0043516,FIRST20,First ride discount,percentage,20,22.0,2023-12-30,2024-01-27
CPN0006590,RID0043530,FIRST20,First ride discount,percentage,20,41.76,2026-03-30,2026-04-26
CPN0006591,RID0043533,WEEKEND15,Weekend ride offer,percentage,15,13.52,2024-08-20,2024-09-06
CPN0006592,RID0043534,WELCOME50,New user welcome offer,flat,50,50.0,2025-05-18,2025-06-08
CPN0006593,RID0043543,LOYAL30,Loyalty reward,flat,30,30.0,2026-07-06,2026-07-21
CPN0006594,RID0043544,RAINY10,Monsoon special,percentage,10,17.24,2024-01-03,2024-01-28
CPN0006595,RID0043550,FEST100,Festive season offer,flat,100,100.0,2024-08-21,2024-09-28
CPN0006596,RID0043561,WELCOME50,New user welcome offer,flat,50,50.0,2024-07-30,2024-08-20
CPN0006597,RID0043575,FEST100,Festive season offer,flat,100,100.0,2025-03-04,2025-04-05
CPN0006598,RID0043581,WELCOME50,New user welcome offer,flat,50,44.7,2024-10-27,2024-11-21
CPN0006599,RID0043584,FEST100,Festive season offer,flat,100,73.17,2026-05-01,2026-05-24
CPN0006600,RID0043596,WEEKEND15,Weekend ride offer,percentage,15,17.96,2024-04-30,2024-05-26
CPN0006601,RID0043597,RAINY10,Monsoon special,percentage,10,20.87,2025-06-16,2025-07-05
CPN0006602,RID0043608,LOYAL30,Loyalty reward,flat,30,25.3,2024-07-26,2024-08-24
CPN0006603,RID0043610,RAINY10,Monsoon special,percentage,10,9.58,2024-08-28,2024-09-13
CPN0006604,RID0043611,FIRST20,First ride discount,percentage,20,27.88,2024-06-05,2024-06-29
CPN0006605,RID0043613,FEST100,Festive season offer,flat,100,27.81,2024-09-08,2024-09-30
CPN0006606,RID0043616,RAINY10,Monsoon special,percentage,10,7.16,2024-05-27,2024-06-19
CPN0006607,RID0043622,WEEKEND15,Weekend ride offer,percentage,15,7.13,2025-03-09,2025-04-11
CPN0006608,RID0043624,FIRST20,First ride discount,percentage,20,5.05,2026-04-26,2026-05-28
CPN0006609,RID0043630,FEST100,Festive season offer,flat,100,34.89,2024-11-15,2024-12-10
CPN0006610,RID0043635,RAINY10,Monsoon special,percentage,10,6.97,2026-02-07,2026-03-01
CPN0006611,RID0043639,WELCOME50,New user welcome offer,flat,50,17.43,2026-04-10,2026-05-03
CPN0006612,RID0043643,WELCOME50,New user welcome offer,flat,50,27.06,2025-09-25,2025-10-11
CPN0006613,RID0043654,WEEKEND15,Weekend ride offer,percentage,15,24.83,2025-03-13,2025-04-02
CPN0006614,RID0043670,WEEKEND15,Weekend ride offer,percentage,15,15.95,2024-03-19,2024-04-23
CPN0006615,RID0043692,WEEKEND15,Weekend ride offer,percentage,15,13.34,2024-01-18,2024-02-12
CPN0006616,RID0043694,LOYAL30,Loyalty reward,flat,30,30.0,2026-06-27,2026-07-19
CPN0006617,RID0043710,FEST100,Festive season offer,flat,100,20.98,2024-10-22,2024-11-15
CPN0006618,RID0043711,WELCOME50,New user welcome offer,flat,50,44.29,2026-06-29,2026-07-17
CPN0006619,RID0043713,LOYAL30,Loyalty reward,flat,30,30.0,2023-12-25,2024-01-07
CPN0006620,RID0043729,FIRST20,First ride discount,percentage,20,21.0,2024-01-20,2024-02-26
CPN0006621,RID0043750,WEEKEND15,Weekend ride offer,percentage,15,14.04,2026-02-12,2026-03-08
CPN0006622,RID0043760,WEEKEND15,Weekend ride offer,percentage,15,14.71,2024-06-07,2024-06-27
CPN0006623,RID0043768,LOYAL30,Loyalty reward,flat,30,21.34,2025-08-10,2025-09-03
CPN0006624,RID0043774,RAINY10,Monsoon special,percentage,10,8.26,2025-12-11,2025-12-22
CPN0006625,RID0043782,FIRST20,First ride discount,percentage,20,50.76,2024-02-14,2024-03-13
CPN0006626,RID0043795,WELCOME50,New user welcome offer,flat,50,40.14,2025-11-27,2025-12-17
CPN0006627,RID0043797,WEEKEND15,Weekend ride offer,percentage,15,20.07,2026-05-04,2026-06-05
CPN0006628,RID0043806,RAINY10,Monsoon special,percentage,10,2.98,2024-12-12,2025-01-03
CPN0006629,RID0043812,LOYAL30,Loyalty reward,flat,30,30.0,2026-03-20,2026-04-25
CPN0006630,RID0043813,FIRST20,First ride discount,percentage,20,15.42,2024-03-16,2024-04-07
CPN0006631,RID0043817,LOYAL30,Loyalty reward,flat,30,28.98,2025-08-07,2025-08-30
CPN0006632,RID0043818,RAINY10,Monsoon special,percentage,10,6.87,2024-09-26,2024-10-14
CPN0006633,RID0043836,FIRST20,First ride discount,percentage,20,15.16,2025-07-09,2025-08-06
CPN0006634,RID0043837,RAINY10,Monsoon special,percentage,10,4.91,2024-01-14,2024-02-10
CPN0006635,RID0043838,RAINY10,Monsoon special,percentage,10,5.18,2024-07-08,2024-08-05
CPN0006636,RID0043851,RAINY10,Monsoon special,percentage,10,19.9,2025-02-05,2025-02-27
CPN0006637,RID0043855,WEEKEND15,Weekend ride offer,percentage,15,13.91,2025-01-23,2025-02-20
CPN0006638,RID0043856,FIRST20,First ride discount,percentage,20,8.81,2024-05-30,2024-06-20
CPN0006639,RID0043864,RAINY10,Monsoon special,percentage,10,5.31,2024-07-27,2024-08-27
CPN0006640,RID0043877,FEST100,Festive season offer,flat,100,9.9,2025-05-07,2025-05-30
CPN0006641,RID0043881,FIRST20,First ride discount,percentage,20,12.67,2024-12-31,2025-02-06
CPN0006642,RID0043887,LOYAL30,Loyalty reward,flat,30,30.0,2025-06-21,2025-07-13
CPN0006643,RID0043892,FIRST20,First ride discount,percentage,20,14.88,2026-03-23,2026-04-23
CPN0006644,RID0043896,WELCOME50,New user welcome offer,flat,50,23.58,2025-07-24,2025-08-14
CPN0006645,RID0043906,FEST100,Festive season offer,flat,100,13.38,2026-01-01,2026-01-23
CPN0006646,RID0043923,WELCOME50,New user welcome offer,flat,50,24.36,2026-05-19,2026-06-20
CPN0006647,RID0043927,WEEKEND15,Weekend ride offer,percentage,15,14.58,2025-05-26,2025-06-17
CPN0006648,RID0043943,WEEKEND15,Weekend ride offer,percentage,15,7.57,2024-07-04,2024-08-08
CPN0006649,RID0043950,FIRST20,First ride discount,percentage,20,19.01,2025-09-13,2025-10-11
CPN0006650,RID0043959,RAINY10,Monsoon special,percentage,10,9.7,2024-04-27,2024-05-19
CPN0006651,RID0043985,FEST100,Festive season offer,flat,100,61.56,2024-04-04,2024-04-23
CPN0006652,RID0043989,RAINY10,Monsoon special,percentage,10,3.96,2025-04-15,2025-05-13
CPN0006653,RID0044027,FEST100,Festive season offer,flat,100,34.2,2024-09-27,2024-10-22
CPN0006654,RID0044039,RAINY10,Monsoon special,percentage,10,7.13,2026-02-02,2026-02-21
CPN0006655,RID0044050,RAINY10,Monsoon special,percentage,10,8.86,2026-01-21,2026-02-24
CPN0006656,RID0044065,WELCOME50,New user welcome offer,flat,50,50.0,2025-03-21,2025-04-17
CPN0006657,RID0044068,WELCOME50,New user welcome offer,flat,50,35.7,2026-04-12,2026-05-03
CPN0006658,RID0044074,FEST100,Festive season offer,flat,100,23.76,2024-08-01,2024-08-13
CPN0006659,RID0044080,FEST100,Festive season offer,flat,100,38.48,2025-01-18,2025-02-22
CPN0006660,RID0044088,LOYAL30,Loyalty reward,flat,30,30.0,2025-01-30,2025-02-17
CPN0006661,RID0044094,LOYAL30,Loyalty reward,flat,30,24.06,2025-12-01,2025-12-23
CPN0006662,RID0044095,RAINY10,Monsoon special,percentage,10,8.93,2025-06-11,2025-07-04
CPN0006663,RID0044103,FIRST20,First ride discount,percentage,20,14.31,2025-03-12,2025-04-04
CPN0006664,RID0044106,FEST100,Festive season offer,flat,100,100.0,2026-04-05,2026-04-29
CPN0006665,RID0044109,LOYAL30,Loyalty reward,flat,30,30.0,2026-02-19,2026-03-23
CPN0006666,RID0044118,WEEKEND15,Weekend ride offer,percentage,15,6.05,2024-11-02,2024-11-26
CPN0006667,RID0044128,WEEKEND15,Weekend ride offer,percentage,15,6.73,2024-02-27,2024-03-10
CPN0006668,RID0044129,LOYAL30,Loyalty reward,flat,30,30.0,2024-08-18,2024-09-09
CPN0006669,RID0044135,WEEKEND15,Weekend ride offer,percentage,15,4.53,2024-04-26,2024-05-24
CPN0006670,RID0044152,WEEKEND15,Weekend ride offer,percentage,15,19.36,2025-11-08,2025-12-06
CPN0006671,RID0044166,FEST100,Festive season offer,flat,100,38.76,2025-11-23,2025-12-13
CPN0006672,RID0044185,WEEKEND15,Weekend ride offer,percentage,15,6.5,2024-09-26,2024-10-20
CPN0006673,RID0044189,FIRST20,First ride discount,percentage,20,23.93,2024-11-15,2024-12-16
CPN0006674,RID0044190,FEST100,Festive season offer,flat,100,19.45,2025-06-28,2025-07-11
CPN0006675,RID0044197,WEEKEND15,Weekend ride offer,percentage,15,17.3,2026-03-23,2026-04-04
CPN0006676,RID0044201,FIRST20,First ride discount,percentage,20,18.92,2024-01-15,2024-02-04
CPN0006677,RID0044204,WEEKEND15,Weekend ride offer,percentage,15,10.71,2025-09-04,2025-10-04
CPN0006678,RID0044206,RAINY10,Monsoon special,percentage,10,8.42,2025-02-27,2025-03-29
CPN0006679,RID0044212,LOYAL30,Loyalty reward,flat,30,26.34,2025-10-06,2025-11-03
CPN0006680,RID0044221,FEST100,Festive season offer,flat,100,45.96,2025-05-26,2025-06-24
CPN0006681,RID0044227,LOYAL30,Loyalty reward,flat,30,30.0,2025-04-09,2025-05-02
CPN0006682,RID0044234,LOYAL30,Loyalty reward,flat,30,30.0,2025-12-30,2026-01-21
CPN0006683,RID0044235,WEEKEND15,Weekend ride offer,percentage,15,14.88,2024-05-16,2024-06-12
CPN0006684,RID0044238,RAINY10,Monsoon special,percentage,10,4.41,2024-04-26,2024-05-22
CPN0006685,RID0044240,FEST100,Festive season offer,flat,100,72.37,2025-08-02,2025-08-26
CPN0006686,RID0044243,WELCOME50,New user welcome offer,flat,50,46.56,2025-09-28,2025-11-04
CPN0006687,RID0044246,WEEKEND15,Weekend ride offer,percentage,15,11.64,2024-03-11,2024-04-08
CPN0006688,RID0044249,WELCOME50,New user welcome offer,flat,50,26.16,2025-09-02,2025-09-20
CPN0006689,RID0044252,RAINY10,Monsoon special,percentage,10,16.51,2024-12-08,2024-12-30
CPN0006690,RID0044255,LOYAL30,Loyalty reward,flat,30,30.0,2024-12-24,2025-01-13
CPN0006691,RID0044258,FIRST20,First ride discount,percentage,20,6.39,2024-03-08,2024-03-26
CPN0006692,RID0044264,LOYAL30,Loyalty reward,flat,30,21.39,2026-04-30,2026-05-23
CPN0006693,RID0044278,FIRST20,First ride discount,percentage,20,12.84,2026-04-15,2026-05-05
CPN0006694,RID0044280,FEST100,Festive season offer,flat,100,31.38,2026-01-05,2026-01-24
CPN0006695,RID0044284,WEEKEND15,Weekend ride offer,percentage,15,12.49,2025-03-11,2025-03-29
CPN0006696,RID0044287,LOYAL30,Loyalty reward,flat,30,30.0,2024-12-25,2025-01-15
CPN0006697,RID0044304,LOYAL30,Loyalty reward,flat,30,30.0,2025-08-26,2025-09-15
CPN0006698,RID0044311,LOYAL30,Loyalty reward,flat,30,25.38,2026-05-31,2026-06-26
CPN0006699,RID0044314,WEEKEND15,Weekend ride offer,percentage,15,19.17,2025-04-29,2025-05-22
CPN0006700,RID0044316,FIRST20,First ride discount,percentage,20,7.45,2025-11-14,2025-12-14
CPN0006701,RID0044319,RAINY10,Monsoon special,percentage,10,7.39,2025-12-04,2025-12-29
CPN0006702,RID0044321,FEST100,Festive season offer,flat,100,37.09,2024-07-06,2024-07-28
CPN0006703,RID0044324,WELCOME50,New user welcome offer,flat,50,36.12,2024-06-01,2024-06-27
CPN0006704,RID0044333,WELCOME50,New user welcome offer,flat,50,50.0,2025-11-04,2025-12-09
CPN0006705,RID0044336,RAINY10,Monsoon special,percentage,10,12.87,2025-04-04,2025-05-06
CPN0006706,RID0044338,LOYAL30,Loyalty reward,flat,30,11.88,2026-03-22,2026-04-12
CPN0006707,RID0044371,WELCOME50,New user welcome offer,flat,50,50.0,2025-01-27,2025-02-17
CPN0006708,RID0044372,RAINY10,Monsoon special,percentage,10,4.91,2024-09-23,2024-10-12
CPN0006709,RID0044377,LOYAL30,Loyalty reward,flat,30,30.0,2026-05-21,2026-06-10
CPN0006710,RID0044378,WEEKEND15,Weekend ride offer,percentage,15,7.02,2025-01-19,2025-02-10
CPN0006711,RID0044389,WEEKEND15,Weekend ride offer,percentage,15,28.49,2025-10-06,2025-11-08
CPN0006712,RID0044399,WELCOME50,New user welcome offer,flat,50,50.0,2025-12-02,2025-12-24
CPN0006713,RID0044402,FIRST20,First ride discount,percentage,20,34.92,2026-01-11,2026-01-28
CPN0006714,RID0044410,WEEKEND15,Weekend ride offer,percentage,15,20.09,2024-10-05,2024-10-29
CPN0006715,RID0044411,FEST100,Festive season offer,flat,100,40.72,2024-04-17,2024-05-16
CPN0006716,RID0044413,RAINY10,Monsoon special,percentage,10,5.09,2026-03-09,2026-04-10
CPN0006717,RID0044420,FEST100,Festive season offer,flat,100,52.5,2024-12-19,2025-01-03
CPN0006718,RID0044421,RAINY10,Monsoon special,percentage,10,3.38,2024-08-21,2024-09-08
CPN0006719,RID0044431,LOYAL30,Loyalty reward,flat,30,30.0,2026-04-18,2026-05-22
CPN0006720,RID0044438,FEST100,Festive season offer,flat,100,100.0,2024-10-18,2024-11-03
CPN0006721,RID0044440,FIRST20,First ride discount,percentage,20,32.33,2024-08-06,2024-08-21
CPN0006722,RID0044449,RAINY10,Monsoon special,percentage,10,15.14,2025-08-11,2025-09-04
CPN0006723,RID0044458,RAINY10,Monsoon special,percentage,10,6.45,2024-03-01,2024-03-19
CPN0006724,RID0044461,WELCOME50,New user welcome offer,flat,50,22.86,2025-10-08,2025-11-02
CPN0006725,RID0044465,FIRST20,First ride discount,percentage,20,24.34,2024-08-06,2024-09-12
CPN0006726,RID0044476,RAINY10,Monsoon special,percentage,10,38.94,2024-11-14,2024-12-10
CPN0006727,RID0044486,RAINY10,Monsoon special,percentage,10,11.51,2025-06-03,2025-07-07
CPN0006728,RID0044489,FEST100,Festive season offer,flat,100,79.48,2025-11-22,2025-12-13
CPN0006729,RID0044497,LOYAL30,Loyalty reward,flat,30,30.0,2025-06-14,2025-07-13
CPN0006730,RID0044506,WELCOME50,New user welcome offer,flat,50,37.44,2024-11-28,2024-12-25
CPN0006731,RID0044509,WEEKEND15,Weekend ride offer,percentage,15,17.86,2025-08-28,2025-09-14
CPN0006732,RID0044515,RAINY10,Monsoon special,percentage,10,12.05,2024-07-28,2024-08-20
CPN0006733,RID0044516,FEST100,Festive season offer,flat,100,52.94,2026-04-03,2026-04-28
CPN0006734,RID0044521,WEEKEND15,Weekend ride offer,percentage,15,6.32,2026-01-11,2026-02-11
CPN0006735,RID0044523,LOYAL30,Loyalty reward,flat,30,30.0,2025-02-28,2025-03-20
CPN0006736,RID0044529,WEEKEND15,Weekend ride offer,percentage,15,13.82,2025-01-22,2025-02-08
CPN0006737,RID0044534,WELCOME50,New user welcome offer,flat,50,48.66,2025-06-28,2025-07-26
CPN0006738,RID0044538,LOYAL30,Loyalty reward,flat,30,30.0,2025-04-02,2025-04-19
CPN0006739,RID0044545,LOYAL30,Loyalty reward,flat,30,30.0,2025-05-02,2025-06-02
CPN0006740,RID0044572,FIRST20,First ride discount,percentage,20,13.42,2025-04-14,2025-05-12
CPN0006741,RID0044574,LOYAL30,Loyalty reward,flat,30,30.0,2025-06-16,2025-07-04
CPN0006742,RID0044581,WELCOME50,New user welcome offer,flat,50,50.0,2024-09-01,2024-09-25
CPN0006743,RID0044584,FEST100,Festive season offer,flat,100,14.76,2025-08-06,2025-08-30
CPN0006744,RID0044585,WEEKEND15,Weekend ride offer,percentage,15,54.79,2024-10-19,2024-11-12
CPN0006745,RID0044587,LOYAL30,Loyalty reward,flat,30,19.8,2024-02-18,2024-03-04
CPN0006746,RID0044594,FEST100,Festive season offer,flat,100,28.2,2024-02-03,2024-02-29
CPN0006747,RID0044595,WELCOME50,New user welcome offer,flat,50,24.84,2026-04-25,2026-05-18
CPN0006748,RID0044597,LOYAL30,Loyalty reward,flat,30,30.0,2025-11-15,2025-12-08
CPN0006749,RID0044598,WELCOME50,New user welcome offer,flat,50,42.93,2026-01-28,2026-02-25
CPN0006750,RID0044604,RAINY10,Monsoon special,percentage,10,4.18,2026-03-25,2026-04-14
CPN0006751,RID0044609,WEEKEND15,Weekend ride offer,percentage,15,9.32,2026-01-02,2026-01-23
CPN0006752,RID0044611,WEEKEND15,Weekend ride offer,percentage,15,12.64,2024-12-29,2025-01-30
CPN0006753,RID0044624,FEST100,Festive season offer,flat,100,93.39,2026-06-05,2026-06-27
CPN0006754,RID0044628,FIRST20,First ride discount,percentage,20,5.48,2025-05-13,2025-06-11
CPN0006755,RID0044636,WELCOME50,New user welcome offer,flat,50,33.9,2024-03-08,2024-03-30
CPN0006756,RID0044645,WEEKEND15,Weekend ride offer,percentage,15,45.04,2025-01-20,2025-02-19
CPN0006757,RID0044653,FIRST20,First ride discount,percentage,20,9.81,2025-11-06,2025-11-29
CPN0006758,RID0044669,WELCOME50,New user welcome offer,flat,50,19.38,2025-04-01,2025-04-28
CPN0006759,RID0044685,FIRST20,First ride discount,percentage,20,18.98,2026-03-21,2026-04-18
CPN0006760,RID0044686,RAINY10,Monsoon special,percentage,10,11.25,2026-07-06,2026-07-31
CPN0006761,RID0044690,LOYAL30,Loyalty reward,flat,30,15.89,2025-12-16,2026-01-09
CPN0006762,RID0044696,WEEKEND15,Weekend ride offer,percentage,15,33.92,2024-08-08,2024-09-09
CPN0006763,RID0044716,LOYAL30,Loyalty reward,flat,30,20.35,2025-04-13,2025-05-18
CPN0006764,RID0044722,RAINY10,Monsoon special,percentage,10,12.9,2024-08-22,2024-09-13
CPN0006765,RID0044732,FEST100,Festive season offer,flat,100,14.28,2024-01-19,2024-02-18
CPN0006766,RID0044757,LOYAL30,Loyalty reward,flat,30,14.16,2026-04-11,2026-05-09
CPN0006767,RID0044777,FIRST20,First ride discount,percentage,20,5.54,2026-04-22,2026-05-27
CPN0006768,RID0044784,RAINY10,Monsoon special,percentage,10,7.24,2026-05-02,2026-05-23
CPN0006769,RID0044789,RAINY10,Monsoon special,percentage,10,8.69,2026-01-27,2026-02-10
CPN0006770,RID0044792,FIRST20,First ride discount,percentage,20,15.58,2025-12-04,2026-01-08
CPN0006771,RID0044797,FEST100,Festive season offer,flat,100,24.36,2024-02-29,2024-03-31
CPN0006772,RID0044800,LOYAL30,Loyalty reward,flat,30,30.0,2025-04-24,2025-05-11
CPN0006773,RID0044811,FEST100,Festive season offer,flat,100,23.28,2024-02-21,2024-03-29
CPN0006774,RID0044819,FIRST20,First ride discount,percentage,20,30.88,2025-03-25,2025-04-15
CPN0006775,RID0044840,WELCOME50,New user welcome offer,flat,50,26.67,2024-05-05,2024-06-08
CPN0006776,RID0044842,WELCOME50,New user welcome offer,flat,50,50.0,2025-04-30,2025-05-18
CPN0006777,RID0044845,FIRST20,First ride discount,percentage,20,15.41,2024-10-05,2024-11-10
CPN0006778,RID0044848,LOYAL30,Loyalty reward,flat,30,30.0,2024-06-12,2024-07-15
CPN0006779,RID0044849,FEST100,Festive season offer,flat,100,54.66,2024-04-11,2024-05-05
CPN0006780,RID0044857,FIRST20,First ride discount,percentage,20,7.15,2025-08-23,2025-09-10
CPN0006781,RID0044883,LOYAL30,Loyalty reward,flat,30,30.0,2024-03-30,2024-05-02
CPN0006782,RID0044884,FEST100,Festive season offer,flat,100,75.2,2025-12-17,2026-01-04
CPN0006783,RID0044885,WEEKEND15,Weekend ride offer,percentage,15,19.55,2026-03-23,2026-04-05
CPN0006784,RID0044893,WELCOME50,New user welcome offer,flat,50,50.0,2024-09-21,2024-10-16
CPN0006785,RID0044904,FEST100,Festive season offer,flat,100,44.21,2026-05-17,2026-06-04
CPN0006786,RID0044926,RAINY10,Monsoon special,percentage,10,6.97,2025-09-07,2025-10-01
CPN0006787,RID0044929,FIRST20,First ride discount,percentage,20,17.95,2024-06-15,2024-07-01
CPN0006788,RID0044931,FIRST20,First ride discount,percentage,20,21.38,2026-01-30,2026-02-26
CPN0006789,RID0044934,LOYAL30,Loyalty reward,flat,30,28.8,2026-06-03,2026-06-21
CPN0006790,RID0044935,LOYAL30,Loyalty reward,flat,30,30.0,2024-09-18,2024-10-18
CPN0006791,RID0044938,WEEKEND15,Weekend ride offer,percentage,15,38.53,2024-07-22,2024-08-03
CPN0006792,RID0044944,FEST100,Festive season offer,flat,100,18.86,2024-06-09,2024-07-13
CPN0006793,RID0044958,RAINY10,Monsoon special,percentage,10,5.36,2025-12-02,2026-01-02
CPN0006794,RID0044962,WEEKEND15,Weekend ride offer,percentage,15,6.83,2025-09-12,2025-10-07
CPN0006795,RID0044965,FEST100,Festive season offer,flat,100,31.59,2024-08-14,2024-09-10
CPN0006796,RID0044975,FIRST20,First ride discount,percentage,20,31.91,2025-02-01,2025-02-26
CPN0006797,RID0044976,RAINY10,Monsoon special,percentage,10,4.31,2026-06-20,2026-07-21
CPN0006798,RID0044980,WEEKEND15,Weekend ride offer,percentage,15,8.86,2025-06-17,2025-07-13
CPN0006799,RID0044987,LOYAL30,Loyalty reward,flat,30,30.0,2025-07-23,2025-08-22
CPN0006800,RID0044989,FEST100,Festive season offer,flat,100,44.02,2026-06-07,2026-07-01
CPN0006801,RID0044992,WEEKEND15,Weekend ride offer,percentage,15,5.94,2025-11-03,2025-11-29
CPN0006802,RID0044997,FIRST20,First ride discount,percentage,20,7.44,2024-08-29,2024-10-06
