user_id,name,email,phone,signup_date,city_id,device_type,preferred_payment_mode,wallet_balance,referral_code,referred_by_user_id,rating,is_active,total_rides,last_ride_date
USR000001,Gagan Sami,gagansami@infosys.com,3890838637,2024-08-02,MUM,Android,Debit Card,191.49,REF1043OI,,4.23,1,6,2025-04-09
USR000002,Arunima Dugal,arunimadugal54@infosys.com,6155940781,2021-03-03,MUM,Android,Credit Card,90.49,REF9402SB,USR000001,4.57,1,6,2024-04-25
USR000003,Rehaan Boase,rehaan_boase14@gmail.com,3164752553,2025-11-16,DEL,Android,Wallet,59.82,REF6184ON,USR000002,3.59,1,6,2026-01-26
USR000004,Nihal Shere,nihal_shere11@wipro.com,5030564139,2022-12-06,LKO,iOS,UPI,80.42,REF4192IU,USR000003,4.15,1,5,2025-07-03
USR000005,Alka Dewan,alka.dewan13@icloud.com,9696532871,2025-10-31,PUNE,Android,UPI,40.71,REF5376PD,USR000001,4.85,1,10,2026-02-24
USR000006,Devansh Rajan,devanshrajan32@rediffmail.com,4801845146,2023-01-18,BLR,iOS,Debit Card,53.91,REF0122YR,USR000003,3.51,1,8,2023-06-13
USR000007,Yashica Cherian,yashica_cherian@yahoo.com,2528809570,2026-03-11,JAI,Android,Debit Card,202.94,REF2704GW,,4.74,1,7,2026-03-25
USR000008,Frederick Sunder,frederick.sunder1997@outlook.com,7824896383,2024-03-07,PUNE,Android,Wallet,48.6,REF1543DP,,3.7,1,11,2025-12-25
USR000009,Yug Kar,yug.kar@wipro.com,8393010310,2023-05-28,LKO,iOS,Debit Card,33.93,REF4657HC,USR000003,4.82,1,7,2026-04-05
USR000010,Tanish Zacharia,tanish.zacharia@wipro.com,3763116566,2021-05-11,KOL,iOS,Cash,251.98,REF5183RQ,,4.46,1,8,2024-04-28
USR000011,Ikbal Kothari,ikbalkothari@tcs.com,2624731781,2025-03-18,CHN,iOS,UPI,166.31,REF7010ZU,USR000003,4.43,0,7,2025-11-05
USR000012,Niharika Sunder,niharikasunder1@icloud.com,,2025-11-18,CHN,Android,Credit Card,57.73,REF0801WP,,5.0,1,6,2025-12-29
USR000013,Madhavi Lanka,madhavi.lanka@gmail.com,7234309805,2026-03-18,PUNE,iOS,Credit Card,76.18,REF7360KY,USR000010,4.3,0,9,2026-07-17
USR000014,Dakshesh Trivedi,daksheshtrivedi2003@yahoo.com,1361939909,2026-04-24,JAI,Android,Debit Card,337.02,REF0097GH,,3.6,1,5,2026-07-10
USR000015,Samarth Murthy,samarthmurthy1987@yahoo.com,,2023-03-29,PUNE,iOS,Cash,398.67,REF1699HU,,4.74,1,8,2024-08-17
USR000016,Tanvi Mutti,tanvimutti1986@gmail.com,9118384251,2024-12-20,DEL,Android,UPI,99.78,REF3462QP,,4.58,0,9,2025-11-23
USR000017,Abhiram Mistry,abhirammistry56@rediffmail.com,1824493534,2025-12-13,LKO,iOS,Credit Card,194.83,REF3542CI,,4.45,1,6,2026-07-07
USR000018,Aradhana Basu,aradhana.basu25@gmail.com,2786801128,2025-02-02,DEL,Android,UPI,165.95,REF8740FO,,3.94,1,9,2026-01-15
USR000019,Benjamin Morar,benjaminmorar@gmail.com,3158692322,2022-07-25,AMD,Android,UPI,182.15,REF0598JB,,4.77,0,9,2025-08-25
USR000020,Amara Dutta,amara_dutta1993@hdfcbank.com,3375433036,2023-09-13,HYD,iOS,UPI,107.82,REF6025YA,USR000001,5.0,1,8,2025-11-20
USR000021,Garima Bala,garima_bala1981@icloud.com,4019655698,2024-02-13,AMD,Android,Credit Card,188.42,REF5414WP,USR000002,4.26,1,10,2025-09-28
USR000022,Aarav Venkatesh,aarav.venkatesh87@gmail.com,5951484656,2025-10-13,JAI,Android,UPI,139.44,REF1693QC,,3.73,1,17,2025-11-23
USR000023,Owen Mitra,owen_mitra2001@hotmail.com,4369957773,2024-03-12,HYD,Android,Cash,151.11,REF4823AQ,USR000022,3.87,1,5,2025-10-30
USR000024,Girik Keer,girikkeer1982@yahoo.com,0037917693,2023-03-22,BLR,iOS,Wallet,90.29,REF8721SG,,4.84,0,5,2023-08-17
USR000025,Hredhaan Sandal,hredhaan_sandal2005@tcs.com,,2021-09-29,PUNE,Android,Credit Card,563.57,REF6763JP,,5.0,1,8,2022-08-18
USR000026,Jairaj Shan,jairajshan71@outlook.com,9579868727,2025-08-01,JAI,iOS,UPI,68.45,REF3287DJ,,5.0,1,10,2025-10-08
USR000027,William Maharaj,william.maharaj82@gmail.com,,2025-01-09,PUNE,Android,Debit Card,71.21,REF7434XX,,3.66,1,2,2025-09-23
USR000028,Faris Devi,faris.devi@tcs.com,3166587603,2025-04-29,BLR,iOS,Credit Card,110.29,REF7143RV,,5.0,1,7,2026-02-05
USR000029,Vansha Ahuja,vansha.ahuja1986@yahoo.com,8893734670,2023-01-27,LKO,Android,Wallet,344.45,REF6690WK,USR000010,3.58,1,5,2025-02-11
USR000030,Meera Bala,meera.bala@hdfcbank.com,2046537556,2022-12-26,JAI,iOS,Cash,211.96,REF6562DI,,4.36,1,9,2024-04-23
USR000031,Inaya Kapur,inaya_kapur29@hotmail.com,3092327193,2025-05-22,KOL,Android,Debit Card,164.51,REF4641EB,USR000023,3.99,1,5,2025-07-16
USR000032,Nihal Mukhopadhyay,nihal_mukhopadhyay2000@rediffmail.com,9663193149,2025-06-17,HYD,Android,UPI,257.81,REF7452MM,,5.0,1,13,2026-01-07
USR000033,Ekapad Toor,ekapad.toor14@hotmail.com,1657262849,2025-09-24,JAI,iOS,UPI,238.04,REF1905IB,USR000017,4.71,1,8,2025-12-24
USR000034,Ekantika Korpal,ekantika.korpal2005@wipro.com,7996507527,2022-10-05,KOL,Android,Wallet,169.69,REF8776UL,,4.23,1,10,2023-10-29
USR000035,Advaith Varughese,advaithvarughese39@wipro.com,7837770143,2025-02-28,HYD,iOS,Wallet,141.32,REF3545RM,USR000022,3.96,1,6,2026-01-13
USR000036,Pavani Narayanan,pavaninarayanan73@tcs.com,4313518233,2023-04-05,CHN,Android,Credit Card,160.27,REF6349XE,,4.05,1,10,2025-05-20
USR000037,Rishi Minhas,rishi_minhas1986@icloud.com,0824008427,2022-09-15,CHN,Android,Wallet,72.05,REF7498MS,,4.19,1,5,2026-02-08
USR000038,Harini Gour,harini.gour@yahoo.com,1671902294,2026-05-20,BLR,Android,Debit Card,74.55,REF1094EE,,4.28,1,10,2026-06-29
USR000039,Lajita Seshadri,lajitaseshadri2002@rediffmail.com,4990913341,2021-04-05,HYD,iOS,Cash,140.66,REF1318WA,,4.79,1,10,2021-09-01
USR000040,Nilima Seshadri,nilimaseshadri1981@yahoo.com,4471349361,2022-05-15,BLR,Android,UPI,122.2,REF2328EK,,4.79,1,8,2023-08-06
USR000041,Noah Mohanty,noah_mohanty2003@rediffmail.com,4648877190,2021-09-06,AMD,Android,Wallet,17.29,REF8324JE,,4.48,1,11,2024-10-24
USR000042,Ansh Luthra,anshluthra@outlook.com,7429671756,2024-01-28,AMD,Android,Wallet,296.01,REF6594BF,,4.07,1,9,2026-03-07
USR000043,Bhavya Rattan,bhavya_rattan1984@yahoo.com,4516808760,2025-01-01,CHN,Android,Debit Card,161.96,REF5512VA,,4.45,0,12,2026-07-08
USR000044,Charan Jani,charanjani2004@rediffmail.com,7710932480,2023-04-15,PUNE,iOS,Wallet,64.8,REF3859WF,USR000027,4.15,1,9,2025-06-20
USR000045,Mitesh Tara,miteshtara@outlook.com,7737826398,2026-04-15,PUNE,iOS,Wallet,211.71,REF8613HD,,4.98,1,3,2026-06-07
USR000046,Aarnav Mandal,aarnavmandal69@infosys.com,2787558867,2021-03-01,KOL,iOS,Wallet,22.56,REF2146VY,,5.0,1,12,2025-11-16
USR000047,Caleb Nadkarni,caleb.nadkarni59@rediffmail.com,7028951718,2021-02-25,MUM,iOS,Credit Card,132.69,REF5339YO,,4.5,0,4,2022-03-04
USR000048,Upasna Lanka,upasna.lanka1982@gmail.com,5865780913,2026-05-03,KOL,iOS,UPI,48.87,REF7026PJ,,4.54,0,6,2026-07-11
USR000049,Sachi Ganesan,sachiganesan1994@outlook.com,0455623869,2026-04-29,HYD,Android,UPI,65.6,REF4316GW,,4.02,1,6,2026-05-29
USR000050,Widisha Dhar,widishadhar87@hdfcbank.com,4074821759,2021-12-10,LKO,Android,Credit Card,193.85,REF2221NY,,4.9,1,7,2022-07-19
USR000051,Vasudha Chhabra,vasudhachhabra1991@rediffmail.com,9440640909,2024-04-27,HYD,Android,Debit Card,106.9,REF4647TM,,3.15,1,8,2026-01-01
USR000052,Ranveer Krishna,ranveer_krishna1994@gmail.com,7095214562,2021-05-22,JAI,iOS,UPI,120.55,REF7439ZW,,3.82,1,4,2025-12-31
USR000053,Nitesh Kurian,niteshkurian@gmail.com,7123685160,2025-02-11,JAI,iOS,Cash,77.08,REF3285HG,,3.76,1,10,2026-06-21
USR000054,Lakshmi Prabhu,lakshmi_prabhu@hotmail.com,9859317461,2023-07-13,HYD,iOS,Cash,61.8,REF4817XR,,3.61,1,7,2025-08-27
USR000055,Wahab Yogi,wahabyogi1987@icloud.com,8692617964,2022-11-29,CHN,iOS,Cash,97.65,REF2004FH,USR000013,4.09,1,6,2023-05-23
USR000056,Hardik Pillai,hardik_pillai1997@hotmail.com,3171390053,2023-10-03,AMD,Android,UPI,177.84,REF0537CP,USR000026,4.26,1,9,2025-09-10
USR000057,Tarak Kaul,tarakkaul@hdfcbank.com,4228421020,2025-03-08,JAI,iOS,Debit Card,69.02,REF2931WJ,,3.4,1,6,2025-07-24
USR000058,Charles Date,charlesdate@yahoo.com,7758917839,2025-04-10,BLR,Android,Credit Card,76.71,REF5395BL,,4.32,1,7,2025-08-29
USR000059,Varenya Ratti,varenyaratti@wipro.com,1159212499,2023-01-10,BLR,iOS,UPI,71.71,REF0847PB,,5.0,1,8,2023-09-26
USR000060,Yashasvi Sani,yashasvi_sani@rediffmail.com,6736576615,2023-10-03,MUM,Android,Cash,190.36,REF8569HS,USR000031,5.0,1,6,2024-12-27
USR000061,Ekalinga Chand,ekalingachand1993@infosys.com,5280988516,2024-03-27,DEL,Android,Credit Card,174.17,REF6545JR,,4.42,0,10,2025-02-01
USR000062,Hemang Tripathi,hemang_tripathi@infosys.com,1585149368,2022-04-08,JAI,iOS,Wallet,229.85,REF5604MT,,4.72,1,10,2023-12-07
USR000063,Ayush Gole,ayush.gole1@hdfcbank.com,0229612018,2021-07-23,HYD,Android,Debit Card,63.02,REF9980MQ,,4.68,1,10,2022-06-09
USR000064,Devika Nair,devika_nair1998@yahoo.com,9014767976,2022-08-20,DEL,Android,Debit Card,58.97,REF3667VK,,4.39,0,11,2025-03-06
USR000065,Bhanumati Sur,bhanumatisur96@icloud.com,9003432445,2024-01-21,HYD,Android,Debit Card,635.12,REF4381WB,,3.63,0,8,2024-04-03
USR000066,Victor Tella,victor_tella1990@outlook.com,6071596966,2024-11-11,CHN,iOS,Debit Card,438.56,REF1076LI,,4.84,1,12,2026-03-31
USR000067,Janaki Chakrabarti,janaki_chakrabarti1985@rediffmail.com,9681645352,2022-04-14,LKO,Android,Debit Card,81.75,REF4160UK,,4.18,1,9,2026-07-10
USR000068,Indali Divan,indali_divan53@outlook.com,3292127799,2023-10-05,MUM,iOS,Debit Card,107.1,REF1818GM,,3.9,1,7,2024-08-28
USR000069,Ria Bir,riabir2001@icloud.com,9058147700,2023-04-01,JAI,Android,Wallet,117.05,REF7995OU,USR000033,4.28,0,7,2025-01-22
USR000070,Turvi Barman,turvi_barman71@icloud.com,9782071518,2022-01-20,JAI,iOS,Cash,84.72,REF5411NM,,4.44,1,7,2025-07-23
USR000071,Januja Pradhan,,9051518644,2023-09-20,MUM,Android,Cash,108.71,REF2037CH,,4.77,1,5,2024-08-09
USR000072,Inaya Mukherjee,inayamukherjee91@icloud.com,4865281685,2022-04-06,MUM,iOS,UPI,312.49,REF9251LQ,,4.04,1,4,2023-02-15
USR000073,Rehaan Kara,rehaan_kara2005@outlook.com,1888059296,2022-05-15,AMD,Android,Wallet,190.53,REF0542NV,USR000066,4.6,1,8,2023-02-18
USR000074,Caleb Roy,calebroy49@yahoo.com,4738347359,2022-08-03,CHN,iOS,Credit Card,103.85,REF2229ZK,,3.47,1,3,2025-04-20
USR000075,Neel Iyengar,neeliyengar1992@wipro.com,5818141247,2022-05-05,LKO,iOS,Credit Card,411.25,REF7746GH,,4.41,0,9,2024-08-23
USR000076,Avi Sachdeva,avi_sachdeva13@gmail.com,3615305152,2023-10-12,DEL,Android,Cash,123.59,REF8261OC,,5.0,1,7,2024-09-15
USR000077,Saumya Ahluwalia,saumyaahluwalia1990@tcs.com,2898614341,2023-04-20,BLR,Android,Wallet,215.51,REF2047SI,,3.49,1,6,2024-10-13
USR000078,Xalak Wason,xalak.wason2000@gmail.com,2460953962,2022-10-11,AMD,Android,Cash,198.84,REF0369DE,USR000037,5.0,1,4,2024-01-19
USR000079,Madhavi Singhal,madhavi.singhal32@infosys.com,0515319520,2024-11-22,CHN,Android,UPI,370.2,REF1851HI,,4.13,1,6,2025-01-18
USR000080,Varenya Gopal,varenyagopal19@wipro.com,4303054868,2022-01-04,BLR,Android,UPI,154.91,REF5852XR,,4.6,1,10,2024-02-26
USR000081,Garima Mahajan,garimamahajan39@hdfcbank.com,7652775841,2022-06-07,DEL,iOS,Debit Card,29.93,REF7403SW,,3.99,0,7,2023-04-26
USR000082,Ekani Chauhan,ekanichauhan38@gmail.com,7962757059,2025-09-28,CHN,Android,Wallet,421.79,REF6169LI,,4.26,1,8,2025-11-21
USR000083,Januja Varghese,januja_varghese30@yahoo.com,7021355690,2024-09-10,KOL,iOS,UPI,208.26,REF6401QO,,4.51,1,12,2024-10-30
USR000084,Laksh Wagle,laksh.wagle1991@gmail.com,3102786814,2024-06-25,CHN,Android,UPI,155.95,REF9275XC,,4.35,0,12,2026-04-17
USR000085,Ryan Das,ryan.das33@hdfcbank.com,7155188442,2022-08-28,PUNE,iOS,Credit Card,91.06,REF4739SS,USR000070,4.51,1,5,2024-09-15
USR000086,Warjas Tak,warjastak47@gmail.com,5782911467,2025-07-06,MUM,iOS,UPI,16.84,REF2583HM,USR000029,4.34,1,7,2026-06-17
USR000087,Ethan Sengupta,ethansengupta@infosys.com,8922680182,2021-09-11,AMD,iOS,Debit Card,276.43,REF8669EI,,3.63,1,14,2026-04-22
USR000088,Zilmil Mander,zilmil_mander@gmail.com,4249818299,2024-02-24,PUNE,Android,UPI,59.18,REF4225TO,,4.28,1,2,2025-06-13
USR000089,Ayush Bumb,ayushbumb90@infosys.com,9690784473,2023-10-06,MUM,Android,Credit Card,159.02,REF2299VK,,4.38,1,10,2024-02-21
USR000090,Ria Sagar,ria_sagar57@gmail.com,9255562588,2021-11-13,KOL,Android,Wallet,190.93,REF6471SD,,5.0,0,6,2023-06-08
USR000091,Yug Dhaliwal,yug_dhaliwal@wipro.com,9632595327,2023-01-23,JAI,iOS,UPI,82.65,REF1537HR,,4.12,1,7,2024-02-15
USR000092,Maya Tiwari,mayatiwari@yahoo.com,5004797480,2026-06-12,DEL,Android,Debit Card,203.17,REF8774FB,USR000017,4.04,1,11,2026-07-18
USR000093,Jasmit Bath,jasmit.bath@gmail.com,,2021-10-30,LKO,Android,Debit Card,157.81,REF1624UX,,3.98,1,17,2022-08-22
USR000094,Ethan Raju,ethanraju9@hotmail.com,9121655852,2025-06-06,HYD,iOS,UPI,189.38,REF6098MX,USR000007,4.51,1,6,2025-08-09
USR000095,Balvan Devan,balvan.devan8@rediffmail.com,2982595269,2021-08-12,AMD,Android,Cash,179.11,REF3986GC,USR000085,4.62,1,5,2024-07-14
USR000096,Chandani Soman,chandanisoman1997@hotmail.com,6940974993,2023-10-02,AMD,Android,UPI,504.78,REF4958GI,,4.84,0,10,2024-03-01
USR000097,Manbir Kibe,manbirkibe2004@hdfcbank.com,0756263689,2024-05-08,JAI,iOS,Wallet,52.93,REF0972HO,,5.0,0,10,2025-07-22
USR000098,Vanya Vora,vanya_vora1990@outlook.com,8585497334,2023-05-31,AMD,Android,Wallet,126.66,REF7028NJ,,4.86,1,9,2025-12-14
USR000099,Vrinda Nadig,vrinda_nadig@infosys.com,4198665240,2021-11-09,AMD,Android,UPI,319.65,REF8434XS,,3.67,1,11,2022-05-18
USR000100,Tanish Jaggi,tanishjaggi1989@outlook.com,1993308330,2024-02-25,PUNE,Android,Wallet,344.94,REF4157PQ,,4.4,1,10,2026-01-06
USR000101,Abdul Dugar,abduldugar48@infosys.com,4540193802,2024-03-29,JAI,Android,Credit Card,220.78,REF1657GR,,4.36,1,6,2024-11-13
USR000102,Bimala Barad,bimala_barad@gmail.com,1547887287,2023-05-29,JAI,Android,Cash,74.64,REF6206YF,,4.07,0,4,2024-11-26
USR000103,Aarini Grewal,aarini_grewal54@gmail.com,3296685161,2024-03-05,KOL,Android,Credit Card,6.98,REF4315KU,,4.3,0,6,2024-04-05
USR000104,Leela Keer,leelakeer1995@icloud.com,9904530174,2025-01-17,PUNE,Android,UPI,45.91,REF2275PA,USR000097,4.17,1,5,2025-03-08
USR000105,Jhalak Kant,jhalakkant@yahoo.com,7956878339,2022-03-18,JAI,Android,Debit Card,124.63,REF2684SH,,5.0,1,7,2023-10-19
USR000106,Isaac Bhatia,isaac_bhatia@icloud.com,2587139718,2024-05-12,DEL,Android,Credit Card,253.44,REF1878TX,,4.36,1,9,2024-12-14
USR000107,Dalbir Shere,dalbir_shere1992@gmail.com,0391065180,2021-12-26,BLR,iOS,Cash,257.51,REF7072GA,,3.78,1,6,2024-10-15
USR000108,Osha Prasad,osha.prasad52@gmail.com,1825128682,2023-07-31,MUM,iOS,Cash,85.8,REF1704AL,,4.85,1,10,2025-11-05
USR000109,Ladli Karpe,ladlikarpe11@hdfcbank.com,4310690331,2024-06-19,AMD,iOS,UPI,122.22,REF3004DR,,4.84,1,9,2024-10-05
USR000110,Yash Basu,yash_basu2003@gmail.com,3028439599,2022-11-14,BLR,Android,Cash,129.4,REF1907MR,,4.02,1,10,2025-11-04
USR000111,Odika Mital,odikamital1994@infosys.com,2687056856,2021-10-27,CHN,Android,Credit Card,75.3,REF5342QH,,4.49,1,9,2026-01-30
USR000112,Wridesh Kar,wridesh_kar76@tcs.com,8668826343,2026-03-08,LKO,iOS,Debit Card,124.56,REF6246LW,USR000009,4.34,1,7,2026-07-06
USR000113,Charan Loyal,charan.loyal1999@rediffmail.com,1398373540,2023-08-04,AMD,Android,UPI,39.87,REF5175FI,,4.72,0,7,2025-03-13
USR000114,Mekhala Khatri,mekhala.khatri58@hdfcbank.com,8544587717,2024-02-10,DEL,iOS,Cash,303.64,REF3317PS,,4.66,1,7,2025-01-04
USR000115,Madhav Babu,madhav_babu48@rediffmail.com,6423536937,2024-08-16,BLR,Android,Credit Card,138.77,REF5355AC,,4.76,1,6,2025-11-08
USR000116,Triveni Ganguly,triveniganguly@hotmail.com,7280801006,2024-10-22,LKO,Android,Debit Card,172.42,REF8547UP,USR000013,3.83,1,5,2026-05-16
USR000117,Kashvi Bhasin,kashvi.bhasin40@wipro.com,8860084840,2024-09-21,BLR,iOS,Debit Card,211.56,REF2312AN,,4.85,1,13,2025-10-27
USR000118,Wridesh Handa,wridesh.handa44@yahoo.com,1567933410,2025-07-24,BLR,Android,Wallet,297.34,REF8621GH,,4.46,1,8,2025-08-02
USR000119,Aditya Garg,adityagarg1981@hotmail.com,9180339740,2021-10-09,BLR,Android,Debit Card,181.83,REF1666JE,,3.75,1,12,2022-05-04
USR000120,Divya Babu,divya.babu@rediffmail.com,1429396856,2024-06-19,BLR,iOS,Credit Card,33.05,REF1489QC,USR000107,5.0,1,6,2026-05-29
USR000121,Vincent Borra,vincent_borra1991@infosys.com,6504773586,2025-01-13,HYD,iOS,Cash,267.18,REF2185DG,USR000096,3.61,1,6,2026-04-17
USR000122,Yatin Borah,yatin.borah1981@icloud.com,2655110475,2023-08-04,CHN,iOS,Cash,25.37,REF6296FX,,4.68,1,8,2024-06-30
USR000123,Yauvani Reddy,yauvani_reddy12@hotmail.com,8199560466,2024-02-10,MUM,Android,Debit Card,164.53,REF4121LB,USR000021,3.81,1,6,2024-11-15
USR000124,Omkaar Dewan,omkaar.dewan1983@wipro.com,2126464715,2023-04-30,DEL,iOS,Cash,48.75,REF1839HK,,3.82,1,7,2025-06-28
USR000125,Hredhaan Deshmukh,hredhaandeshmukh1994@gmail.com,9657569245,2021-10-27,BLR,Android,Debit Card,198.73,REF4379NM,,4.54,1,8,2024-06-20
USR000126,Bishakha Swaminathan,bishakha_swaminathan@gmail.com,6519398280,2021-02-08,CHN,Android,Credit Card,148.23,REF9375LZ,,4.15,1,11,2025-03-08
USR000127,Xalak Dewan,,6617979688,2024-08-01,LKO,iOS,UPI,308.17,REF7374SE,USR000116,4.32,1,8,2025-12-25
USR000128,Ikbal Kothari,ikbalkothari11@gmail.com,9656101438,2022-05-11,BLR,iOS,Wallet,118.72,REF6805SZ,USR000046,4.79,1,9,2023-09-15
USR000129,Mahika Sheth,mahika_sheth96@gmail.com,1461125457,2024-01-20,JAI,Android,Wallet,282.95,REF8899OC,,4.01,1,5,2024-03-04
USR000130,Sneha Nagar,snehanagar@gmail.com,0512382825,2025-02-10,MUM,iOS,Credit Card,53.59,REF3875EG,USR000087,4.82,1,5,2025-08-08
USR000131,Quincy Sankaran,quincy_sankaran70@gmail.com,7966033419,2025-05-09,AMD,Android,Debit Card,144.86,REF8673ZZ,USR000052,4.58,1,9,2025-05-30
USR000132,Ishaan Lala,ishaan_lala52@rediffmail.com,6969155792,2022-01-27,CHN,iOS,UPI,141.34,REF1825UM,,3.75,1,10,2023-12-07
USR000133,Jacob Khare,jacob_khare1993@gmail.com,2866929662,2022-01-18,AMD,iOS,Debit Card,103.25,REF4991RI,,3.76,1,11,2024-12-16
USR000134,Logan Grover,logan.grover89@icloud.com,5072368876,2022-10-20,MUM,Android,Debit Card,60.93,REF7828KF,,4.34,1,11,2024-07-08
USR000135,Thomas Master,thomasmaster1991@hdfcbank.com,4279788191,2025-11-17,PUNE,iOS,Debit Card,123.38,REF7677KF,,4.33,1,9,2026-06-07
USR000136,Tejas Sandal,tejassandal47@infosys.com,7451713395,2026-05-06,DEL,Android,Cash,151.73,REF4858WC,,4.0,0,9,2026-07-01
USR000137,Samuel Bhargava,samuel_bhargava41@yahoo.com,8254494812,2021-11-11,AMD,iOS,Debit Card,114.94,REF9629IY,,3.7,1,8,2022-04-17
USR000138,Madhav Nagy,madhavnagy1986@outlook.com,9466711684,2021-02-23,BLR,iOS,Cash,205.39,REF6042SI,,4.02,0,5,2024-04-18
USR000139,Tara Parmar,tara.parmar1990@hotmail.com,6374545892,2023-10-03,HYD,Android,Credit Card,95.24,REF5775LA,,4.55,1,8,2025-01-07
USR000140,Amol Dash,amol.dash@gmail.com,6324241541,2024-02-01,JAI,iOS,Debit Card,536.9,REF9750CG,,4.01,1,9,2026-01-29
USR000141,Pushti Chand,pushtichand12@rediffmail.com,1293870051,2025-06-11,BLR,Android,Wallet,4.84,REF5206OT,USR000095,3.8,1,5,2026-02-05
USR000142,Harsh Chauhan,harsh.chauhan1994@tcs.com,6221890927,2025-01-12,AMD,iOS,Wallet,130.16,REF6271OY,,3.61,1,7,2025-03-28
USR000143,Teerth Chadha,teerth.chadha@hotmail.com,6565234138,2025-12-04,JAI,Android,Credit Card,26.47,REF5326NR,,5.0,0,11,2026-07-14
USR000144,Charvi Jha,charvijha1996@gmail.com,3761379180,2022-04-07,PUNE,iOS,UPI,302.21,REF9994XS,USR000142,4.42,1,8,2023-10-21
USR000145,Orinder Sinha,orinder.sinha@wipro.com,0430068486,2024-04-04,BLR,Android,Cash,91.66,REF5526KA,,3.81,1,4,2025-12-14
USR000146,Arunima Chacko,arunimachacko@wipro.com,2856914630,2022-06-27,HYD,iOS,Cash,37.84,REF6618IN,,4.6,1,6,2025-04-11
USR000147,Dayamai Gill,dayamai.gill41@hdfcbank.com,2758842524,2023-07-18,MUM,Android,Credit Card,319.77,REF3161DN,,5.0,1,6,2026-04-04
USR000148,Adya Bose,adya_bose@gmail.com,0792524191,2022-12-09,KOL,Android,Debit Card,418.86,REF1056RH,,4.19,1,9,2023-07-14
USR000149,Urmi Patla,urmipatla@icloud.com,8635365419,2026-04-21,KOL,iOS,Credit Card,106.74,REF3800AP,,4.5,1,14,2026-05-11
USR000150,Nandini Biswas,nandinibiswas@outlook.com,1870534949,2023-08-15,AMD,iOS,Wallet,76.74,REF5180LO,USR000101,4.17,1,13,2026-06-15
USR000151,Yatan Dora,yatan_dora98@gmail.com,8505064138,2025-12-13,AMD,iOS,Cash,131.32,REF3759FX,USR000028,4.9,1,9,2026-04-02
USR000152,Girik Bassi,girikbassi1999@infosys.com,7191826199,2024-03-13,JAI,Android,Debit Card,79.75,REF3670JT,,3.91,1,2,2024-05-27
USR000153,Maya Narain,maya.narain1999@rediffmail.com,1329121277,2026-06-20,MUM,iOS,Debit Card,212.12,REF0623SQ,,3.59,1,10,2026-06-30
USR000154,Siya Morar,siyamorar1990@hotmail.com,2490352135,2021-04-03,DEL,Android,Debit Card,21.63,REF5618WX,,4.02,1,4,2024-03-01
USR000155,Nidhi Sethi,nidhi_sethi3@wipro.com,2100323651,2024-06-16,CHN,iOS,Cash,610.48,REF6804QL,,4.21,1,10,2025-12-13
USR000156,Sachi Dave,sachidave1987@gmail.com,7029667066,2023-05-04,LKO,iOS,UPI,91.79,REF9941BE,,4.54,1,7,2024-10-28
USR000157,Manthan Banerjee,manthan.banerjee25@hotmail.com,8701462638,2021-12-16,JAI,iOS,Credit Card,36.19,REF2532RR,,3.59,0,12,2023-04-26
USR000158,Varsha Sundaram,varsha.sundaram1984@yahoo.com,6420593040,2023-04-26,HYD,iOS,Cash,45.1,REF3806YT,,4.82,1,6,2025-12-16
USR000159,Yug Khosla,yug_khosla2004@wipro.com,9652239559,2024-09-18,AMD,iOS,Debit Card,114.2,REF7859OK,,2.86,1,6,2026-01-01
USR000160,Waida More,waida_more1989@yahoo.com,0393087059,2024-11-20,CHN,iOS,Credit Card,117.4,REF0599JK,,4.25,1,7,2025-09-01
USR000161,Anthony Divan,anthonydivan49@gmail.com,1569154522,2023-09-29,PUNE,iOS,Debit Card,113.38,REF3252ZU,,4.04,1,7,2025-04-11
USR000162,Udant Gill,udant_gill72@gmail.com,2096902959,2022-08-13,MUM,iOS,Wallet,131.89,REF6752TJ,,4.42,1,6,2025-04-20
USR000163,Wazir Palan,wazir_palan43@gmail.com,7043315410,2025-02-26,LKO,Android,Credit Card,142.56,REF3917JV,USR000136,3.63,1,8,2025-06-21
USR000164,Kritika Panchal,kritika_panchal1989@gmail.com,3271040541,2021-10-09,DEL,Android,Wallet,26.42,REF0676KA,,4.88,1,6,2024-06-09
USR000165,Girik Nigam,girik.nigam@rediffmail.com,9620153368,2021-07-03,LKO,Android,Cash,182.71,REF1526KU,,4.65,1,9,2026-04-09
USR000166,Maya Swaminathan,maya_swaminathan1997@icloud.com,6149731032,2022-01-17,CHN,Android,UPI,412.38,REF8444PG,USR000155,3.78,1,6,2022-08-24
USR000167,Urishilla Suresh,urishilla_suresh@hdfcbank.com,2565270477,2021-10-02,JAI,iOS,Debit Card,72.69,REF4171TY,USR000029,4.04,1,10,2023-08-10
USR000168,Frederick Padmanabhan,frederickpadmanabhan42@wipro.com,0686879374,2022-08-28,LKO,Android,Credit Card,127.13,REF4349DJ,,3.93,1,10,2026-03-28
USR000169,Jai Sen,jai_sen1989@hdfcbank.com,2061632945,2026-07-04,BLR,iOS,Debit Card,174.39,REF1608KH,,4.98,1,12,2026-07-04
USR000170,Anya Venkatesh,anyavenkatesh91@hdfcbank.com,8616229991,2022-06-20,PUNE,Android,UPI,84.48,REF1168ZJ,,4.04,1,9,2025-01-28
USR000171,Aishani Rajagopal,aishanirajagopal1993@tcs.com,0246299606,2026-02-20,CHN,iOS,Cash,50.96,REF1914IW,USR000035,4.51,1,4,2026-06-22
USR000172,Geetika Mitter,geetika_mitter68@gmail.com,3247546913,2025-04-01,JAI,Android,Credit Card,202.6,REF5307RX,,4.46,1,12,2026-01-31
USR000173,Daksh Varma,daksh.varma1986@infosys.com,6289023303,2021-08-18,DEL,Android,Cash,54.47,REF7367WH,,4.05,1,6,2022-07-20
USR000174,Jyoti Shetty,jyotishetty60@hdfcbank.com,,2026-01-15,JAI,iOS,UPI,302.69,REF0705TM,,5.0,1,8,2026-05-26
USR000175,Sanaya Goel,sanaya.goel@outlook.com,5241406029,2022-06-06,DEL,Android,Cash,164.78,REF8610PX,USR000109,4.17,1,7,2024-05-11
USR000176,Yochana Bahri,yochana_bahri1982@wipro.com,9034944665,2025-04-24,BLR,iOS,Debit Card,270.29,REF3333RP,,3.64,1,12,2025-11-05
USR000177,Harsh Amble,harsh.amble@outlook.com,4417154544,2021-09-30,PUNE,Android,Credit Card,161.2,REF7437TR,,4.27,1,10,2023-12-13
USR000178,Netra Nagarajan,netra_nagarajan@gmail.com,4666099353,2025-01-12,JAI,iOS,Cash,247.78,REF4328WP,,4.04,1,6,2025-09-04
USR000179,Chaaya Chatterjee,chaaya.chatterjee@rediffmail.com,2513534655,2023-05-09,LKO,Android,Credit Card,18.03,REF8758TK,USR000026,4.15,1,9,2023-07-16
USR000180,Ekavir Sodhi,ekavirsodhi1998@wipro.com,8460223569,2024-01-11,HYD,Android,Credit Card,122.83,REF4947HE,,4.22,1,7,2024-11-02
USR000181,Gaurangi Goel,gaurangigoel2000@rediffmail.com,4329271296,2022-05-01,CHN,Android,Cash,162.64,REF7252XF,USR000077,4.62,0,14,2023-11-15
USR000182,Ryan Prakash,ryan.prakash97@yahoo.com,0033542168,2021-04-07,PUNE,iOS,Cash,56.41,REF6667YA,,4.32,1,9,2023-08-07
USR000183,Tamanna Venkatesh,tamanna.venkatesh33@wipro.com,7532603323,2022-09-08,BLR,iOS,UPI,79.6,REF9421CT,,4.28,1,7,2025-01-08
USR000184,Keya Kumer,keyakumer@yahoo.com,0016761847,2023-07-11,PUNE,Android,Cash,113.27,REF0982HX,,4.3,0,3,2024-08-04
USR000185,Zinal Madan,,9141173934,2024-04-18,JAI,Android,Wallet,169.09,REF2304AQ,USR000086,4.97,1,6,2025-02-22
USR000186,Watika Johal,watikajohal42@rediffmail.com,0119721811,2026-05-25,MUM,iOS,Credit Card,278.2,REF8356SK,,4.31,1,10,2026-07-09
USR000187,Harish Ghosh,harishghosh61@yahoo.com,6110022557,2024-08-21,PUNE,iOS,Debit Card,89.41,REF4374QD,,4.37,1,6,2026-01-12
USR000188,Nandini Ratta,nandini.ratta@icloud.com,6212021697,2023-04-28,DEL,Android,Credit Card,112.69,REF9415VL,USR000142,3.81,1,6,2025-08-30
USR000189,Ayush De,ayushde@hdfcbank.com,7014508993,2026-04-17,PUNE,iOS,Wallet,123.41,REF9729YX,,4.31,1,8,2026-07-08
USR000190,Vasatika Pal,,0028772175,2022-01-12,JAI,Android,Cash,129.93,REF5889GB,USR000020,4.2,0,5,2025-10-11
USR000191,Neha Keer,nehakeer1995@icloud.com,,2024-07-15,HYD,Android,Credit Card,242.64,REF3540GO,USR000130,4.94,1,13,2025-10-24
USR000192,Sanya Mutti,sanyamutti90@gmail.com,6608801994,2023-12-26,JAI,iOS,UPI,318.51,REF1779CF,USR000185,3.47,1,7,2024-10-02
USR000193,Udant Sha,udant_sha11@icloud.com,7571130554,2021-07-17,JAI,Android,Credit Card,138.52,REF8837VX,USR000135,4.22,1,7,2022-12-15
USR000194,Logan Rout,loganrout1981@gmail.com,3163735160,2024-11-28,HYD,iOS,UPI,130.62,REF8851CK,,4.44,0,6,2024-12-30
USR000195,Wishi Agrawal,wishi.agrawal1986@infosys.com,7829221699,2021-06-19,AMD,iOS,Debit Card,124.41,REF9177QL,,4.11,1,5,2026-04-11
USR000196,Anusha Rao,anusha.rao@hdfcbank.com,2698485833,2021-04-06,MUM,iOS,Cash,123.91,REF5866MS,,4.41,1,10,2021-06-12
USR000197,Yahvi Naidu,yahvinaidu1992@gmail.com,9968460810,2026-03-18,MUM,iOS,Credit Card,370.67,REF3945RI,,4.43,1,5,2026-05-29
USR000198,Bhavini Krishna,bhavinikrishna51@gmail.com,8057198386,2024-11-12,MUM,iOS,UPI,15.59,REF6200MR,USR000060,4.67,1,10,2025-01-28
USR000199,Dhriti Bhagat,dhritibhagat1982@outlook.com,7359893347,2025-05-24,AMD,iOS,Credit Card,90.82,REF3840YY,,4.25,1,11,2025-12-02
USR000200,Krishna Baria,krishna.baria12@icloud.com,2294057202,2024-12-31,MUM,Android,Debit Card,120.87,REF2122VG,USR000183,3.71,1,10,2025-06-06
USR000201,Ishita Bora,ishita.bora1991@gmail.com,8182688615,2022-07-07,MUM,Android,UPI,298.57,REF5909QT,USR000115,4.13,1,8,2025-08-20
USR000202,Vaishnavi Andra,vaishnavi.andra@wipro.com,9930561648,2025-05-26,PUNE,iOS,UPI,119.85,REF3355XS,USR000100,4.8,0,7,2026-06-28
USR000203,Vidhi Bassi,vidhi_bassi@hotmail.com,1128801336,2021-10-12,CHN,iOS,Debit Card,56.05,REF4085GZ,,3.61,1,6,2022-02-18
USR000204,Arjun Sharaf,arjunsharaf49@icloud.com,0248193466,2022-05-21,AMD,Android,Wallet,223.12,REF1386PE,USR000078,4.56,1,9,2022-06-03
USR000205,Abeer Bhatnagar,abeer_bhatnagar1989@hdfcbank.com,1449147660,2025-07-29,LKO,Android,Debit Card,25.54,REF7665BY,,3.48,1,7,2026-07-19
USR000206,Chakrika Dhawan,chakrika.dhawan@wipro.com,8210099688,2026-06-05,LKO,Android,Debit Card,133.46,REF7283IV,,3.89,1,4,2026-06-30
USR000207,Naveen Gour,naveen_gour@wipro.com,1290878141,2021-02-25,AMD,Android,Wallet,68.63,REF1435NA,,3.83,1,11,2025-10-24
USR000208,Kabir Keer,kabirkeer@hotmail.com,3577594929,2022-06-02,BLR,iOS,Wallet,134.16,REF4139FV,USR000154,4.8,1,10,2025-02-07
USR000209,Yatin Kant,yatinkant1998@wipro.com,5777547812,2025-07-22,JAI,Android,UPI,70.66,REF9556KA,,4.74,1,5,2026-06-23
USR000210,Faraj Borra,farajborra@icloud.com,9693084887,2026-06-04,PUNE,iOS,UPI,133.35,REF9142IM,USR000067,4.3,1,4,2026-06-18
USR000211,Krish Shetty,krish.shetty@hotmail.com,0392827229,2023-08-07,LKO,Android,Debit Card,237.99,REF2563XL,,3.87,0,9,2026-04-21
USR000212,Vincent Bhatnagar,vincent.bhatnagar1981@gmail.com,,2023-07-22,HYD,iOS,Debit Card,126.68,REF9275CO,,5.0,1,3,2026-01-04
USR000213,Lipika Singh,lipika_singh30@wipro.com,1844989266,2022-12-04,MUM,Android,Credit Card,259.96,REF4530QN,,4.92,1,8,2026-01-07
USR000214,Zaitra Ravi,zaitra.ravi@outlook.com,9082723184,2024-08-04,KOL,iOS,UPI,133.39,REF5918QY,,4.6,1,6,2025-02-22
USR000215,Victor Sachdeva,victor_sachdeva68@infosys.com,7392603029,2025-07-15,MUM,Android,Cash,170.01,REF3222XM,USR000084,4.45,1,10,2025-10-23
USR000216,Daksh Ganesan,dakshganesan1999@gmail.com,9904137977,2023-03-15,LKO,Android,Debit Card,44.35,REF9228CK,,5.0,1,5,2025-10-07
USR000217,Yasti Lalla,yasti.lalla74@gmail.com,9136621038,2022-10-04,MUM,Android,Debit Card,22.15,REF2369JY,USR000096,4.36,1,3,2023-07-20
USR000218,Balvan Wali,balvan_wali@yahoo.com,9806865086,2024-01-06,BLR,Android,Wallet,111.09,REF8629GL,USR000048,3.8,1,6,2024-11-23
USR000219,Pavani Desai,pavani.desai@yahoo.com,4986430098,2026-05-28,JAI,iOS,Wallet,44.78,REF3765LZ,,4.86,1,7,2026-06-23
USR000220,Nilima Pathak,nilimapathak1983@gmail.com,4486959463,2022-07-17,HYD,iOS,Credit Card,262.46,REF1806PN,,3.93,1,2,2025-09-17
USR000221,Zehaan Mohanty,zehaan.mohanty39@outlook.com,3721386589,2024-01-18,PUNE,Android,Wallet,263.73,REF6887LX,,3.62,0,8,2025-03-28
USR000222,Urishilla Saran,urishillasaran2002@wipro.com,5190669849,2025-07-31,MUM,iOS,UPI,70.37,REF0260ZF,,3.9,1,10,2025-11-29
USR000223,Robert Bandi,robertbandi1990@outlook.com,5302146566,2024-06-15,BLR,Android,Credit Card,75.97,REF0277AM,,4.0,1,11,2026-01-19
USR000224,Gautam Mane,gautammane@yahoo.com,9376904268,2022-07-02,JAI,Android,Credit Card,263.51,REF9380VT,,4.26,1,2,2024-10-21
USR000225,Yochana Kurian,yochana.kurian@rediffmail.com,7357790714,2022-10-22,HYD,iOS,Wallet,64.34,REF1818SV,USR000162,5.0,1,8,2024-04-24
USR000226,Ira Varty,ira.varty1994@wipro.com,1651827553,2022-07-24,PUNE,iOS,Wallet,10.52,REF1633ZU,,5.0,1,8,2022-07-29
USR000227,Wahab Khurana,wahab_khurana1997@gmail.com,3952111790,2025-10-08,MUM,iOS,Credit Card,27.02,REF9423FV,,4.53,1,12,2026-01-24
USR000228,Anvi Swaminathan,anvi.swaminathan@rediffmail.com,3920867808,2023-09-21,PUNE,Android,UPI,419.99,REF8075NU,USR000201,4.2,0,6,2026-04-19
USR000229,Diya Anand,diya.anand2001@gmail.com,1559428434,2024-11-11,BLR,iOS,Credit Card,41.4,REF5627HS,,4.6,0,6,2025-08-18
USR000230,Shivansh Saini,shivansh.saini@tcs.com,7292931438,2024-07-05,CHN,Android,Wallet,99.64,REF7955LF,,3.98,0,12,2026-06-25
USR000231,Urvashi Andra,urvashi.andra1982@gmail.com,8857448906,2021-01-20,DEL,iOS,UPI,15.81,REF6632ZV,,4.75,1,6,2023-06-03
USR000232,Shivani Natt,shivani.natt@infosys.com,8450615939,2023-01-23,CHN,Android,Wallet,95.56,REF1203QE,,4.64,1,14,2023-10-22
USR000233,Sanya Brar,sanya.brar@infosys.com,2256996112,2023-06-21,PUNE,Android,Credit Card,41.3,REF9824WU,,4.48,1,6,2025-12-13
USR000234,Megha Madan,meghamadan1989@gmail.com,7622023413,2022-12-21,KOL,iOS,Credit Card,183.72,REF5355PS,USR000166,4.5,1,8,2023-06-11
USR000235,Atharv Ranganathan,atharv.ranganathan31@gmail.com,2164334722,2024-09-10,CHN,Android,Cash,172.56,REF2611EE,,4.06,1,6,2025-03-22
USR000236,Vamakshi Sibal,vamakshi.sibal50@hotmail.com,8299796884,2024-07-30,LKO,Android,Cash,216.53,REF8200QW,,3.73,1,12,2024-08-11
USR000237,Darika Pau,darika.pau51@wipro.com,0082547807,2021-12-20,AMD,Android,UPI,405.63,REF5783ZF,,4.79,1,7,2022-01-17
USR000238,Abhimanyu Prakash,abhimanyu_prakash@gmail.com,6326634163,2025-04-21,KOL,iOS,Wallet,27.36,REF7406ZS,USR000138,4.7,1,14,2026-01-21
USR000239,Nitara Guha,nitara_guha1994@infosys.com,1797497350,2023-03-12,LKO,Android,Debit Card,85.29,REF8944PV,,4.57,0,13,2024-07-12
USR000240,Amruta Dass,amrutadass2005@outlook.com,2073564757,2024-09-26,BLR,Android,UPI,29.98,REF2080LG,,4.12,1,10,2024-10-07
USR000241,Ekbal Singhal,ekbalsinghal@icloud.com,0136730371,2021-09-17,CHN,Android,UPI,89.74,REF0512DR,,3.87,1,9,2024-02-13
USR000242,Nathan Basak,nathanbasak@hdfcbank.com,3503136502,2023-01-08,DEL,iOS,Cash,140.67,REF8376RT,USR000041,3.98,1,8,2024-06-13
USR000243,Brijesh Soman,brijesh.soman2005@hdfcbank.com,2719500528,2021-04-01,DEL,Android,UPI,421.99,REF4916YP,,3.97,1,9,2023-05-25
USR000244,Reva Hans,reva_hans1996@gmail.com,4077848739,2022-04-05,PUNE,Android,Wallet,56.51,REF1273UJ,,3.82,1,6,2024-01-20
USR000245,Naveen Biswas,naveen.biswas@hotmail.com,8570862095,2025-07-06,JAI,Android,Wallet,248.02,REF2855UD,USR000120,4.82,1,6,2025-11-27
USR000246,Ranveer Viswanathan,ranveerviswanathan@gmail.com,,2024-02-29,CHN,Android,Wallet,155.91,REF9351QI,,4.33,1,4,2025-07-18
USR000247,Ekanta Choudhry,,2203173109,2023-04-20,DEL,Android,Cash,391.6,REF7829SU,,4.97,1,6,2023-05-09
USR000248,Chandran Peri,chandran.peri@gmail.com,3717058650,2025-10-05,CHN,Android,Credit Card,47.75,REF6789SL,,3.84,1,11,2026-02-03
USR000249,Faras Kalita,faraskalita1982@infosys.com,6338392886,2026-01-12,JAI,iOS,Debit Card,137.91,REF9480UE,,4.17,1,8,2026-02-02
USR000250,Hemang Ganesan,hemang_ganesan@gmail.com,5289755855,2024-09-18,BLR,Android,Debit Card,62.5,REF1957SQ,USR000081,4.23,1,5,2025-10-25
USR000251,Keya Kumar,keya_kumar99@outlook.com,0049082404,2021-10-06,LKO,Android,Credit Card,407.95,REF6659PK,USR000116,4.99,1,6,2024-05-17
USR000252,Yasti Dubey,yasti.dubey@gmail.com,2245933441,2025-10-12,MUM,Android,Credit Card,67.66,REF3350XS,,3.95,1,6,2026-03-16
USR000253,Vasudha Ghose,vasudha_ghose1997@tcs.com,4096105566,2026-06-07,PUNE,iOS,Cash,191.89,REF9693UE,USR000077,4.54,1,9,2026-06-23
USR000254,Chatura Mody,chatura_mody2000@gmail.com,2583206799,2023-08-05,MUM,Android,UPI,22.98,REF1390OX,USR000213,4.44,1,11,2024-11-02
USR000255,Manbir Deo,manbir_deo16@gmail.com,0864168622,2022-06-15,MUM,Android,UPI,84.25,REF8136SY,USR000166,4.73,1,3,2024-12-09
USR000256,Yatin Kibe,yatin.kibe36@gmail.com,9116655355,2024-03-21,KOL,iOS,Wallet,233.17,REF7837ZP,USR000175,4.29,1,6,2025-05-31
USR000257,Madhav Sastry,madhav_sastry@wipro.com,2110392405,2024-06-22,LKO,Android,Debit Card,197.6,REF9042WN,,3.78,1,8,2026-01-06
USR000258,Siddharth Jani,siddharth_jani73@rediffmail.com,2069804204,2023-12-13,HYD,Android,Wallet,273.66,REF1477BV,,4.07,1,10,2024-12-14
USR000259,Ekalinga Rama,ekalinga_rama1991@yahoo.com,4636815798,2021-02-23,PUNE,Android,UPI,34.68,REF3940DP,,4.31,1,10,2025-07-06
USR000260,Balveer Kota,balveer.kota74@hotmail.com,2055543840,2021-07-25,HYD,Android,Debit Card,145.25,REF1238DJ,,5.0,1,2,2025-12-31
USR000261,Harita Ramaswamy,,9363926495,2025-09-28,BLR,Android,Credit Card,106.36,REF4608RO,,4.51,1,5,2026-03-30
USR000262,Lakshit More,lakshit.more@infosys.com,2518812520,2026-04-25,LKO,Android,Cash,35.66,REF7823PI,,4.02,1,12,2026-06-27
USR000263,Max Guha,max.guha@gmail.com,9949993933,2023-12-15,AMD,Android,Debit Card,53.64,REF5664CV,,4.34,1,5,2024-07-08
USR000264,Kashvi Gour,kashvi_gour76@outlook.com,2330604633,2026-02-22,BLR,Android,Cash,120.15,REF0517IG,,4.39,1,4,2026-03-12
USR000265,Tanvi Koshy,tanvikoshy1987@infosys.com,6569998808,2026-06-22,BLR,iOS,Wallet,471.75,REF3127NF,,4.78,1,7,2026-06-27
USR000266,Balveer Ram,balveerram1985@hotmail.com,6447264908,2023-02-14,CHN,iOS,Credit Card,281.66,REF1770PH,USR000001,3.99,1,8,2026-05-02
USR000267,Pranit Deshmukh,pranit_deshmukh1985@gmail.com,0279371452,2026-06-05,LKO,Android,Cash,241.56,REF2771UG,USR000255,3.18,1,7,2026-06-14
USR000268,Leena Vaidya,leenavaidya1@icloud.com,0259222206,2024-10-04,PUNE,iOS,UPI,50.12,REF1117OX,USR000128,3.96,1,7,2024-12-12
USR000269,Karan Jain,karan_jain2000@yahoo.com,7778097339,2026-06-08,BLR,iOS,Wallet,212.58,REF4474OL,,3.73,1,4,2026-06-30
USR000270,Yash Mall,yash_mall@tcs.com,0502099451,2021-05-31,DEL,iOS,UPI,186.36,REF7767FM,,5.0,0,10,2021-12-31
USR000271,Peter Shah,petershah22@gmail.com,5561681472,2026-06-27,MUM,iOS,Cash,154.77,REF0162KR,,4.46,1,9,2026-07-12
USR000272,Shaurya Bhardwaj,shaurya.bhardwaj13@infosys.com,7946954899,2022-11-10,HYD,Android,Wallet,69.36,REF1458AH,,3.96,1,9,2025-11-20
USR000273,Waida Gole,waida_gole@yahoo.com,1071396605,2023-10-03,BLR,Android,Debit Card,49.37,REF5299FH,USR000045,4.75,1,7,2024-07-30
USR000274,Aachal Bir,aachal_bir2000@rediffmail.com,5015569902,2022-08-21,MUM,iOS,UPI,272.92,REF5830OM,,4.57,1,6,2024-11-12
USR000275,Laban Subramaniam,laban_subramaniam@hdfcbank.com,7608495880,2025-12-19,KOL,iOS,Credit Card,101.84,REF3557EZ,,4.55,1,11,2026-02-24
USR000276,Azaan Nori,azaannori1995@yahoo.com,9629145046,2021-06-25,PUNE,iOS,Cash,227.76,REF3955EJ,USR000032,4.61,1,5,2026-03-12
USR000277,Chasmum Gill,chasmumgill19@gmail.com,1780782357,2021-06-11,KOL,Android,Cash,302.26,REF1735CT,,4.0,1,5,2024-05-04
USR000278,Samesh Bansal,sameshbansal19@hotmail.com,0409157018,2021-12-09,HYD,Android,Credit Card,177.41,REF8452XG,USR000041,4.85,1,15,2025-10-08
USR000279,Sai Hans,sai_hans2005@infosys.com,7142241098,2026-02-16,MUM,Android,Wallet,285.42,REF4094ON,,4.57,1,8,2026-07-07
USR000280,Anika Dhaliwal,anika_dhaliwal69@outlook.com,1495870207,2025-05-20,KOL,Android,Wallet,284.47,REF8138WJ,USR000052,4.84,1,9,2025-07-13
USR000281,Praneel Sehgal,praneel_sehgal5@hdfcbank.com,8179217174,2023-09-22,LKO,iOS,UPI,366.87,REF0160FB,USR000207,4.73,1,11,2024-07-12
USR000282,Januja Ramanathan,janujaramanathan@gmail.com,7017157724,2025-03-08,AMD,iOS,Debit Card,66.12,REF7733JN,USR000156,4.23,1,11,2025-08-14
USR000283,Hredhaan Nanda,hredhaan.nanda53@tcs.com,6963938276,2025-03-04,AMD,iOS,Debit Card,161.23,REF5992GG,,4.71,1,9,2026-01-07
USR000284,Hema Keer,hemakeer@yahoo.com,1997581724,2025-08-09,DEL,Android,UPI,75.68,REF1539BY,,4.21,1,5,2026-04-25
USR000285,Falak Talwar,falak_talwar1992@gmail.com,9022784699,2022-02-16,DEL,Android,UPI,127.06,REF6191RM,,4.54,1,6,2024-02-24
USR000286,Radhika Padmanabhan,radhika.padmanabhan2003@gmail.com,8624058008,2022-05-11,PUNE,iOS,Cash,91.56,REF7335TK,,4.39,1,6,2025-01-06
USR000287,Eesha Raja,eesharaja1988@rediffmail.com,3272386562,2023-03-03,DEL,Android,Cash,201.72,REF5140PB,,3.41,1,7,2024-05-14
USR000288,Maanas Sur,maanas_sur2002@outlook.com,6796927868,2025-11-06,DEL,iOS,Credit Card,18.01,REF4220EP,,4.1,1,10,2025-11-10
USR000289,Wishi Khalsa,wishi.khalsa1996@hotmail.com,5009751971,2023-02-11,PUNE,iOS,Debit Card,44.61,REF7653LB,USR000155,4.05,1,10,2026-01-12
USR000290,Yatan Sodhi,yatansodhi42@wipro.com,9058077879,2024-05-01,LKO,iOS,Debit Card,162.26,REF2847HF,,3.67,0,8,2025-09-06
USR000291,Daksha Lad,dakshalad52@wipro.com,9049047128,2026-01-02,CHN,Android,Credit Card,59.78,REF5654SK,,3.94,1,9,2026-03-04
USR000292,Aarini Atwal,aariniatwal74@hdfcbank.com,2752437280,2021-02-22,AMD,iOS,Debit Card,296.06,REF1442NR,,4.4,1,6,2023-05-31
USR000293,Leela Khanna,leela.khanna38@gmail.com,5041027674,2024-11-06,JAI,iOS,Debit Card,196.55,REF5129JF,,4.91,1,6,2025-04-29
USR000294,Urvi Lala,urvi_lala54@hotmail.com,4765801856,2025-01-25,JAI,Android,Debit Card,58.11,REF7836RT,,3.97,1,12,2025-09-09
USR000295,Aadhya Raman,aadhyaraman49@rediffmail.com,8525800106,2022-08-26,AMD,Android,Wallet,148.46,REF9454RZ,USR000037,3.23,1,5,2025-04-19
USR000296,Zayan Hans,zayan.hans11@wipro.com,0939111926,2025-10-16,BLR,Android,Credit Card,299.57,REF1817WO,,4.19,1,3,2026-06-07
USR000297,Faqid Setty,faqid.setty17@wipro.com,2140665044,2022-10-04,DEL,Android,Wallet,82.72,REF9212QS,USR000087,4.46,1,8,2025-12-27
USR000298,Pranav Swamy,pranavswamy1980@gmail.com,3917410119,2023-05-29,AMD,iOS,UPI,217.4,REF2717MN,USR000103,5.0,1,4,2025-07-01
USR000299,Baljiwan Ramakrishnan,baljiwan.ramakrishnan39@hdfcbank.com,9087766183,2022-05-25,HYD,iOS,Debit Card,72.02,REF4707JP,USR000197,4.67,1,11,2025-03-20
USR000300,Gauri Mitter,gauri.mitter@yahoo.com,8517432806,2023-12-10,PUNE,iOS,Credit Card,56.57,REF0671KI,,3.81,1,7,2026-06-20
USR000301,Vidhi Chad,vidhi.chad49@tcs.com,3093761847,2021-09-26,HYD,Android,Cash,25.57,REF3461OS,,4.1,1,6,2022-06-05
USR000302,Brijesh Ravi,brijesh_ravi@yahoo.com,8293102707,2024-05-01,DEL,Android,UPI,169.68,REF8700VD,USR000060,3.73,1,12,2025-07-01
USR000303,Damyanti Chatterjee,damyantichatterjee@tcs.com,1117993136,2024-07-14,DEL,iOS,Wallet,57.38,REF9032AL,,5.0,1,9,2026-05-23
USR000304,Ekanta Kala,ekantakala1991@rediffmail.com,1142625827,2021-08-30,CHN,Android,UPI,158.45,REF5651RK,,5.0,1,8,2025-01-28
USR000305,Nakul Babu,,2194672324,2021-03-22,JAI,iOS,Credit Card,242.13,REF3902GY,,4.93,1,7,2023-12-01
USR000306,Pranit Tata,pranit_tata83@outlook.com,0833181958,2026-02-01,MUM,iOS,Credit Card,121.06,REF8763LN,,4.35,0,7,2026-06-11
USR000307,Isaiah Dixit,isaiahdixit@gmail.com,0054364597,2021-04-13,MUM,Android,UPI,182.01,REF8373RD,,5.0,1,10,2023-04-20
USR000308,Vedhika Varma,vedhika_varma@rediffmail.com,9956353153,2024-09-20,BLR,iOS,Debit Card,147.16,REF0108LK,,4.15,1,9,2026-06-18
USR000309,Urishilla Sundaram,urishilla.sundaram21@infosys.com,9726527354,2023-07-24,CHN,iOS,Wallet,81.69,REF1363YO,,4.82,0,9,2024-06-29
USR000310,Avni Deshpande,avnideshpande17@gmail.com,2534929298,2024-03-11,AMD,Android,Cash,180.42,REF3520SK,,4.21,1,7,2025-03-13
USR000311,Turvi Mallick,turvimallick2003@yahoo.com,5693929060,2023-06-22,DEL,Android,Debit Card,139.52,REF3168FN,,4.52,1,6,2023-07-17
USR000312,Varenya Chaudhari,varenyachaudhari1984@infosys.com,8063254310,2024-10-03,PUNE,Android,Wallet,221.59,REF0780BH,,3.28,1,9,2025-06-14
USR000313,Suhani Sheth,suhani_sheth1981@yahoo.com,7016580464,2024-08-10,BLR,iOS,Wallet,116.96,REF7427KV,,3.96,1,6,2024-10-25
USR000314,Gautami Bhakta,gautami_bhakta41@hdfcbank.com,5790552818,2023-02-15,KOL,Android,UPI,134.81,REF9893YR,,3.51,1,14,2026-05-03
USR000315,Shaurya Kar,shauryakar1989@tcs.com,6401557788,2021-07-30,KOL,iOS,UPI,149.64,REF3253IH,,4.93,1,10,2021-07-30
USR000316,Dominic Guha,dominicguha1995@wipro.com,2411241272,2024-10-07,AMD,iOS,Debit Card,357.52,REF1788SC,,3.95,1,10,2025-05-23
USR000317,Urvi Palan,urvi.palan6@gmail.com,3103856955,2023-07-16,MUM,Android,Credit Card,184.58,REF3804AR,USR000182,3.72,1,8,2025-03-04
USR000318,Kevin Mohan,kevin.mohan@hdfcbank.com,5402547292,2025-03-01,KOL,Android,Debit Card,64.0,REF7988CD,,4.19,1,5,2025-06-05
USR000319,Neel Khanna,neel.khanna1980@hdfcbank.com,2745238055,2025-03-31,KOL,Android,Cash,190.77,REF8422TS,USR000231,4.12,1,4,2025-11-20
USR000320,Jairaj Bakshi,jairaj.bakshi1992@infosys.com,5208854749,2026-03-31,KOL,iOS,Cash,140.98,REF2578KI,,4.09,1,7,2026-04-22
USR000321,Banjeet Dewan,banjeet_dewan@gmail.com,9375150939,2022-10-22,JAI,iOS,Wallet,53.32,REF2975SH,,4.77,1,7,2024-03-13
USR000322,Gagan Vala,gaganvala1989@hotmail.com,9980562656,2024-12-04,JAI,iOS,Cash,122.23,REF8343BF,,3.85,1,5,2026-06-23
USR000323,Gagan Kale,gagankale1993@hdfcbank.com,2662991234,2021-09-29,BLR,iOS,UPI,16.78,REF5045WT,,3.96,1,7,2024-11-23
USR000324,Gaurang Ahuja,gaurang.ahuja@outlook.com,8792326487,2023-12-30,CHN,iOS,UPI,46.12,REF7851LW,,3.42,1,4,2024-01-24
USR000325,Udarsh Bala,udarshbala2003@yahoo.com,7146273014,2021-10-27,DEL,iOS,Credit Card,38.32,REF0494FJ,,4.69,1,10,2022-01-01
USR000326,Aarna Soni,aarna.soni49@wipro.com,0429025725,2024-02-24,KOL,Android,Cash,67.9,REF7195LE,,4.97,1,10,2026-05-21
USR000327,Chanakya Mann,chanakyamann1991@tcs.com,3219285544,2024-02-05,DEL,Android,Debit Card,535.07,REF2045AO,USR000227,3.99,1,10,2026-06-03
USR000328,Laksh Vasa,laksh.vasa49@outlook.com,5213283389,2022-02-07,HYD,iOS,Wallet,57.18,REF5189WJ,USR000039,3.96,1,9,2023-02-24
USR000329,Jackson Deep,jackson_deep1981@infosys.com,5279852401,2021-09-24,BLR,iOS,UPI,381.07,REF8881AD,,4.76,1,9,2025-09-16
USR000330,Kalpit Brar,kalpitbrar2005@gmail.com,7603108907,2022-09-09,AMD,iOS,UPI,164.84,REF3223TI,,3.81,1,7,2024-06-20
USR000331,Gopal Dasgupta,gopal.dasgupta1999@icloud.com,5012495528,2024-01-05,KOL,Android,Debit Card,115.07,REF1401TQ,USR000110,4.14,1,7,2025-11-14
USR000332,Teerth Handa,teerth.handa88@gmail.com,1387592712,2025-08-14,DEL,Android,Debit Card,153.33,REF9389EG,,4.77,1,6,2026-07-08
USR000333,Isaiah Murthy,isaiah_murthy1989@yahoo.com,2754801571,2024-01-12,CHN,Android,Cash,184.3,REF5663GO,,3.93,1,8,2025-01-29
USR000334,Upkaar Reddy,upkaar.reddy@yahoo.com,7520716781,2021-06-18,MUM,Android,Cash,61.47,REF6479VT,,3.94,0,7,2024-12-22
USR000335,Om Bhattacharyya,om_bhattacharyya1982@yahoo.com,9613674994,2024-12-10,KOL,Android,Credit Card,69.22,REF1266SL,USR000170,4.44,0,3,2025-01-17
USR000336,Manan Sha,manan.sha2003@gmail.com,7320101702,2023-04-15,KOL,iOS,Wallet,59.32,REF6579ZF,,4.98,1,6,2023-05-19
USR000337,Faraj Venkatesh,farajvenkatesh12@rediffmail.com,7784858800,2024-04-14,DEL,Android,Debit Card,11.69,REF6952TN,,4.74,1,4,2024-07-31
USR000338,Tripti Banik,triptibanik@outlook.com,2762467197,2024-09-15,DEL,iOS,Credit Card,340.05,REF6167UY,,3.06,1,10,2025-02-01
USR000339,Yashawini Bhalla,,6954500902,2026-02-16,PUNE,Android,Cash,156.98,REF8897EJ,,3.79,1,8,2026-03-24
USR000340,Lajita Chatterjee,lajitachatterjee@yahoo.com,5033349114,2024-01-06,JAI,Android,Debit Card,485.66,REF5590WO,USR000177,3.79,1,7,2024-08-09
USR000341,Triveni Sami,trivenisami2000@gmail.com,9056965917,2022-06-02,HYD,Android,Credit Card,296.19,REF1520IU,,5.0,1,8,2025-08-06
USR000342,Ojas Mistry,ojasmistry@outlook.com,1834404963,2021-05-18,CHN,Android,Credit Card,172.24,REF1357GZ,,4.94,1,8,2024-02-09
USR000343,Ekalinga Wali,ekalinga.wali73@hotmail.com,1484685366,2026-01-18,HYD,iOS,Wallet,98.3,REF9191LV,,4.22,1,9,2026-06-24
USR000344,Anirudh Varty,anirudh_varty2001@hotmail.com,7489690835,2021-12-12,DEL,iOS,Credit Card,182.64,REF4987QW,,4.34,1,7,2025-12-09
USR000345,Radhika Roy,radhika_roy@outlook.com,4424936312,2023-08-06,AMD,iOS,Debit Card,58.63,REF7232VR,,4.18,1,10,2024-03-15
USR000346,Pahal Bansal,pahal_bansal@gmail.com,0448207001,2024-07-07,MUM,Android,UPI,578.7,REF3034DF,,4.03,0,6,2026-04-14
USR000347,Mekhala Dey,mekhala_dey1994@tcs.com,1898471391,2024-01-19,JAI,iOS,Credit Card,141.85,REF5941AX,,3.96,1,10,2024-09-03
USR000348,Pallavi Kamdar,pallavi.kamdar@infosys.com,4764907851,2023-01-16,JAI,Android,Credit Card,111.72,REF5596ZV,,3.73,1,10,2026-06-26
USR000349,Maanav Patil,maanav.patil1986@hotmail.com,9003486451,2024-09-12,BLR,iOS,Debit Card,199.88,REF5867RP,USR000250,3.89,0,10,2025-05-07
USR000350,Charvi Chana,charvichana36@infosys.com,7560417765,2026-02-23,AMD,Android,UPI,81.22,REF8376AZ,,4.72,0,7,2026-05-16
USR000351,Osha Narain,osha.narain67@hotmail.com,7206345911,2021-12-23,KOL,iOS,Debit Card,79.93,REF6124GE,,4.26,1,14,2022-05-31
USR000352,Ekaja Seth,ekajaseth@gmail.com,9543165266,2023-09-15,LKO,Android,Cash,39.63,REF2382MR,,4.45,1,7,2026-03-03
USR000353,Gaurav Shere,gaurav_shere@wipro.com,6969421529,2024-05-17,MUM,Android,Wallet,86.73,REF9300JP,,4.03,0,6,2026-05-24
USR000354,Jagat Kapur,jagatkapur@outlook.com,7626393436,2021-02-15,HYD,Android,Credit Card,71.42,REF1086XD,,4.3,1,7,2022-01-10
USR000355,Shravya Kothari,shravya_kothari22@infosys.com,0725636694,2023-11-25,KOL,Android,Debit Card,152.27,REF2620SQ,,3.63,1,5,2024-07-03
USR000356,Urishilla Pandya,urishilla.pandya30@gmail.com,9646528092,2024-04-08,BLR,iOS,Credit Card,25.64,REF1180DV,,4.36,1,7,2025-03-24
USR000357,Gaurav Nadig,gaurav.nadig@gmail.com,5027456449,2022-02-19,JAI,iOS,Credit Card,291.49,REF4287VD,,4.99,1,4,2023-02-17
USR000358,Matthew Sarraf,matthew_sarraf30@rediffmail.com,3207427617,2021-09-24,LKO,Android,Wallet,362.03,REF4856KU,,4.63,1,7,2023-10-22
USR000359,Isaiah Divan,isaiahdivan70@yahoo.com,,2025-07-06,LKO,Android,Wallet,60.46,REF0758FD,USR000245,3.64,1,10,2025-11-02
USR000360,Yashoda Mahajan,yashoda_mahajan14@wipro.com,9261371504,2025-03-03,DEL,Android,Cash,83.91,REF1513SL,USR000336,5.0,1,8,2025-06-16
USR000361,Ayush Bumb,ayush.bumb1997@icloud.com,9050975923,2022-06-20,JAI,iOS,Cash,150.24,REF1659GU,,4.3,1,9,2024-01-05
USR000362,George Rastogi,georgerastogi@hdfcbank.com,1032664214,2024-02-20,JAI,iOS,Debit Card,113.92,REF0450VE,,5.0,1,9,2025-10-03
USR000363,Jhalak Vala,jhalakvala@gmail.com,7499616592,2025-05-23,BLR,Android,Credit Card,300.46,REF7649IW,,3.99,1,9,2026-06-29
USR000364,Udarsh Dubey,udarsh.dubey1982@gmail.com,4761742243,2024-07-26,DEL,Android,Credit Card,172.44,REF6610GV,,5.0,1,4,2026-04-01
USR000365,Chakradev Varghese,,1794549180,2026-03-22,KOL,iOS,Cash,211.03,REF8649DJ,USR000090,4.36,1,8,2026-06-11
USR000366,Omaja Mishra,omaja.mishra87@yahoo.com,9452321941,2026-03-22,JAI,iOS,Credit Card,158.42,REF1722ZC,USR000307,4.84,1,9,2026-05-26
USR000367,Onveer Sood,onveer.sood1980@hdfcbank.com,4995641220,2026-06-22,BLR,Android,Debit Card,194.91,REF6800ZH,,3.38,1,4,2026-07-03
USR000368,Maanav Khurana,maanav.khurana78@rediffmail.com,4727601227,2021-07-04,JAI,iOS,Cash,31.09,REF3103BN,,4.35,1,7,2023-06-16
USR000369,Chaitaly Ramanathan,chaitalyramanathan1997@outlook.com,6679984076,2022-06-19,BLR,iOS,Cash,540.82,REF7707LP,USR000038,3.56,1,9,2025-04-14
USR000370,Darsh Wable,darsh.wable62@gmail.com,8146717957,2026-06-02,KOL,iOS,Credit Card,90.14,REF7899RF,,4.12,1,11,2026-07-01
USR000371,Hemangini Sarma,,5972466572,2025-06-04,HYD,Android,Debit Card,218.46,REF6024UM,,4.67,1,9,2025-12-01
USR000372,Oscar Iyengar,oscar_iyengar@infosys.com,6743380054,2022-05-24,CHN,Android,Wallet,315.91,REF9341QE,,4.68,0,11,2024-04-23
USR000373,Geetika Sani,geetika.sani@gmail.com,8374550842,2026-04-24,HYD,iOS,Credit Card,88.31,REF5228CZ,USR000124,4.21,1,9,2026-05-27
USR000374,Indrajit Cherian,indrajit_cherian74@gmail.com,1213524787,2021-06-10,AMD,Android,Cash,170.58,REF8910CZ,,4.37,1,8,2026-03-12
USR000375,Reva Sagar,reva_sagar1981@hotmail.com,4821456532,2026-02-19,JAI,iOS,Wallet,120.46,REF1255IH,USR000296,4.47,0,11,2026-03-23
USR000376,Nimrat Shanker,,0811556260,2024-11-06,BLR,iOS,UPI,141.04,REF8632ZB,,4.22,1,12,2026-02-20
USR000377,Oni Ratti,oni_ratti61@hotmail.com,4892673899,2023-02-17,LKO,Android,Debit Card,302.87,REF6029DO,,4.83,1,9,2024-08-01
USR000378,Gaurika Ramakrishnan,gaurika.ramakrishnan@gmail.com,3188485200,2023-05-19,HYD,iOS,Debit Card,265.01,REF7563TF,,3.94,1,4,2025-08-16
USR000379,Yashasvi Choudhry,yashasvi_choudhry2000@tcs.com,5101749075,2025-07-05,HYD,iOS,Wallet,36.06,REF8943XT,USR000077,3.67,1,7,2026-03-04
USR000380,Chandani Mane,chandani.mane8@icloud.com,1589357126,2025-05-28,AMD,iOS,Debit Card,264.85,REF3998MO,,5.0,0,10,2026-03-14
USR000381,Tanish Sehgal,tanish_sehgal@hotmail.com,9886497677,2021-07-17,AMD,iOS,Debit Card,233.17,REF6110BI,,4.24,1,4,2024-09-06
USR000382,Kai Varghese,kai_varghese1990@tcs.com,0285196115,2026-05-27,LKO,Android,Cash,72.3,REF6228IF,,4.56,1,7,2026-07-07
USR000383,Dalaja Prasad,dalaja.prasad82@rediffmail.com,2296044327,2025-02-17,AMD,Android,Wallet,347.24,REF9408JH,,4.7,1,4,2026-06-06
USR000384,Vasana Mukherjee,vasana_mukherjee78@outlook.com,9228777251,2024-03-16,KOL,Android,UPI,122.63,REF0185EC,USR000117,4.07,1,7,2025-01-31
USR000385,Chakradev Savant,chakradevsavant@yahoo.com,9481813989,2025-05-19,PUNE,iOS,Wallet,164.08,REF9966OZ,USR000012,4.29,1,9,2025-07-22
USR000386,Jai Wali,jai.wali1988@gmail.com,3971895690,2021-07-30,MUM,Android,Wallet,33.83,REF0983WE,,4.04,1,2,2021-09-21
USR000387,Edhitha Raja,edhitha.raja1981@hotmail.com,8242241246,2026-03-23,KOL,iOS,Credit Card,50.88,REF7056LA,USR000146,3.91,1,5,2026-05-18
USR000388,Chanchal Ramakrishnan,chanchalramakrishnan1985@infosys.com,5461033993,2022-10-29,AMD,iOS,Cash,13.33,REF2095LB,,4.26,1,5,2025-11-25
USR000389,Eesha Shetty,eeshashetty@icloud.com,6304891382,2025-03-14,LKO,iOS,Cash,97.41,REF7886HR,,4.44,1,6,2025-12-12
USR000390,Lucky Prakash,lucky.prakash89@outlook.com,,2023-04-25,CHN,Android,Debit Card,113.45,REF4967FO,USR000268,4.41,1,8,2024-01-29
USR000391,Benjamin Agarwal,benjamin_agarwal1985@hdfcbank.com,0074946539,2023-06-01,CHN,Android,UPI,63.26,REF8238BJ,,3.57,1,9,2024-06-21
USR000392,Charita Chakraborty,charitachakraborty89@outlook.com,4639855474,2025-08-24,KOL,Android,Debit Card,62.99,REF8402VI,USR000321,4.35,1,6,2025-12-24
USR000393,Amol Deol,amol_deol80@hdfcbank.com,0268768118,2023-12-26,CHN,iOS,Credit Card,96.33,REF3553DM,,3.71,1,8,2024-06-29
USR000394,Lila Goel,lila_goel17@hdfcbank.com,,2022-01-20,PUNE,Android,Credit Card,296.44,REF0715YM,USR000274,4.54,1,8,2022-03-06
USR000395,Timothy Bahri,timothy_bahri@hotmail.com,9433750479,2021-07-04,BLR,Android,Wallet,79.42,REF0175MC,USR000216,3.95,1,9,2023-04-03
USR000396,Onkar Hari,onkar_hari@hdfcbank.com,1249384308,2025-03-18,BLR,Android,Debit Card,102.25,REF3036HR,,4.7,1,3,2025-04-23
USR000397,Ekantika Sankaran,ekantika.sankaran1992@outlook.com,7758030468,2025-04-29,AMD,Android,UPI,34.89,REF9487AB,USR000377,4.6,0,3,2026-05-28
USR000398,Aryan Kara,aryankara@wipro.com,2541107609,2021-11-21,DEL,Android,Debit Card,51.02,REF7506MV,,4.28,1,10,2023-07-25
USR000399,Chatura Nath,chaturanath2002@gmail.com,7179110065,2021-01-31,BLR,iOS,Cash,109.48,REF5431EP,USR000125,4.6,1,9,2021-02-18
USR000400,Dominic Chaudry,dominicchaudry8@wipro.com,6619639907,2021-07-03,HYD,Android,Wallet,166.98,REF1207DT,USR000317,4.39,1,13,2023-05-27
USR000401,Atharv Setty,atharv_setty@hdfcbank.com,1091939284,2024-01-04,MUM,Android,Wallet,150.51,REF6769NG,USR000286,4.59,1,9,2026-03-21
USR000402,Laksh Basu,laksh_basu@tcs.com,6854982274,2025-01-23,BLR,iOS,UPI,203.46,REF5679CL,,3.93,1,11,2026-04-16
USR000403,Dakshesh Khanna,dakshesh_khanna34@icloud.com,,2025-02-08,AMD,iOS,Cash,53.64,REF9545AH,,4.72,0,2,2025-07-22
USR000404,Saksham Biswas,saksham.biswas@wipro.com,9599594652,2024-07-30,JAI,iOS,Credit Card,227.16,REF8806WM,,3.71,1,10,2026-04-25
USR000405,Victor Shukla,victor_shukla@gmail.com,6362050150,2025-08-05,KOL,Android,Cash,266.89,REF1707OA,,4.03,1,9,2026-05-14
USR000406,Caleb Balan,caleb.balan74@wipro.com,3425832302,2021-05-17,DEL,Android,Credit Card,193.95,REF8124CM,,3.88,0,5,2022-07-04
USR000407,Hamsini Kade,,5289611223,2024-07-01,LKO,iOS,UPI,180.39,REF4102YP,,4.74,1,8,2026-03-13
USR000408,Yash Batra,yash_batra2005@gmail.com,5304289731,2024-09-04,AMD,Android,Wallet,589.87,REF3865UM,,4.93,1,12,2024-11-05
USR000409,Wishi Venkataraman,wishi.venkataraman@tcs.com,8777496903,2022-06-29,JAI,Android,UPI,13.72,REF7912GY,,4.48,1,6,2022-12-05
USR000410,Pavani Purohit,pavanipurohit2004@infosys.com,1214785390,2022-01-31,JAI,Android,Cash,184.59,REF3373ZN,,3.45,1,9,2023-02-01
USR000411,Rachana Rege,rachanarege77@hotmail.com,6027341514,2023-07-29,KOL,Android,Credit Card,385.27,REF7895BC,,4.48,1,7,2025-10-28
USR000412,Guneet Dani,guneet.dani2004@hdfcbank.com,3535444392,2022-10-27,PUNE,iOS,Wallet,72.28,REF8881YR,,4.0,1,4,2024-08-19
USR000413,Nidra Arora,nidra_arora@yahoo.com,3337389877,2026-05-24,AMD,iOS,Wallet,295.67,REF8404SW,USR000018,4.19,1,6,2026-06-11
USR000414,Shaurya Sarna,shauryasarna32@outlook.com,2924075536,2021-02-14,CHN,Android,UPI,106.78,REF5153BX,USR000183,3.89,1,14,2021-12-30
USR000415,Azad Dewan,azaddewan@infosys.com,9966361863,2023-03-30,LKO,Android,UPI,245.44,REF6684UL,,4.28,1,7,2025-12-12
USR000416,Girik Garg,girik_garg@hdfcbank.com,9702316433,2021-03-18,LKO,iOS,UPI,122.84,REF7159CO,,4.5,1,11,2026-05-18
USR000417,Onveer Narain,onveer_narain@gmail.com,2867163234,2024-05-18,DEL,iOS,UPI,96.46,REF4817DX,,3.92,1,9,2024-06-29
USR000418,Yadavi Shanker,yadavi_shanker19@gmail.com,7169385977,2025-02-07,KOL,iOS,Cash,99.24,REF6729KT,,3.3,1,7,2025-05-10
USR000419,Idika Mishra,idika.mishra@icloud.com,3296762916,2025-03-07,DEL,iOS,Debit Card,127.36,REF7901SP,USR000257,4.05,1,11,2025-10-15
USR000420,Ekalinga Kalla,ekalinga.kalla15@rediffmail.com,5118567243,2024-03-16,HYD,Android,Credit Card,121.95,REF0324OI,USR000398,4.41,1,9,2025-05-30
USR000421,Lakshmi Oza,lakshmioza@icloud.com,0412577711,2022-01-26,PUNE,iOS,Cash,301.79,REF8070EO,,4.05,1,10,2026-05-21
USR000422,Onkar Badami,onkarbadami@hotmail.com,8621042752,2025-08-03,HYD,Android,Debit Card,118.89,REF8372ER,USR000373,4.14,0,6,2025-09-15
USR000423,Harshil Ramakrishnan,harshilramakrishnan1988@icloud.com,0063353310,2021-08-16,CHN,iOS,Wallet,393.91,REF3083CS,USR000108,4.8,1,6,2025-10-09
USR000424,Thomas Char,thomas_char2005@infosys.com,8155839386,2021-10-17,DEL,iOS,Cash,149.88,REF6005MR,,4.28,0,13,2024-09-29
USR000425,Oscar Aurora,,3731495013,2023-08-11,DEL,Android,Wallet,142.43,REF6133GW,,3.93,1,8,2025-08-17
USR000426,Zayan Chandran,zayanchandran@yahoo.com,2571509976,2024-08-22,KOL,Android,Wallet,93.45,REF6497GT,,4.7,1,6,2024-12-01
USR000427,Ansh Dash,ansh.dash1991@hotmail.com,9102574326,2023-07-27,JAI,Android,UPI,116.03,REF8389TA,USR000272,4.55,1,7,2025-04-11
USR000428,Krish Mall,krish.mall@gmail.com,4035533803,2022-09-12,HYD,iOS,UPI,56.02,REF3039CV,,4.79,1,3,2024-11-12
USR000429,Abeer Bhattacharyya,abeer_bhattacharyya40@icloud.com,2321298338,2023-03-16,BLR,Android,Wallet,552.85,REF3968UL,,3.94,1,2,2024-06-23
USR000430,Yash Samra,yash_samra1984@infosys.com,4973471566,2022-02-28,BLR,Android,Credit Card,178.53,REF1674KU,,4.43,1,13,2026-02-11
USR000431,Nachiket Subramaniam,nachiket_subramaniam53@hdfcbank.com,4982824674,2022-10-13,MUM,Android,Credit Card,25.32,REF2776GN,,4.6,1,5,2023-08-07
USR000432,Gauri Deshpande,gauri_deshpande1998@yahoo.com,0085766656,2026-01-06,CHN,Android,Credit Card,191.15,REF7468ME,USR000095,2.87,1,8,2026-01-12
USR000433,Lekha Gaba,lekha_gaba92@gmail.com,8750663370,2022-04-18,DEL,iOS,UPI,138.09,REF7491AC,,4.58,1,9,2024-12-19
USR000434,Aachal Kota,,6691836264,2023-10-04,AMD,Android,Credit Card,597.29,REF5024MD,USR000017,4.28,1,10,2024-11-25
USR000435,Gaurav Chopra,gaurav.chopra@infosys.com,6402701168,2023-04-26,HYD,Android,Credit Card,124.76,REF4886LT,USR000225,5.0,1,7,2026-01-23
USR000436,Krish Hora,krishhora@icloud.com,7932302346,2023-02-19,PUNE,iOS,Cash,151.03,REF6462LX,,5.0,1,10,2026-05-05
USR000437,Krishna Dash,krishnadash7@icloud.com,9377100409,2025-12-03,DEL,Android,Cash,265.19,REF7912FS,,4.16,0,12,2026-06-09
USR000438,Zinal Lata,zinal.lata60@gmail.com,6555535669,2022-09-16,CHN,iOS,Credit Card,120.15,REF0138YA,,4.04,1,8,2026-02-22
USR000439,Liam Bal,liambal@outlook.com,5797863050,2021-08-20,BLR,Android,Wallet,292.49,REF0551AD,,4.79,0,6,2024-02-29
USR000440,Mugdha Bumb,mugdha_bumb2005@infosys.com,6493289802,2024-08-21,BLR,Android,UPI,31.29,REF5057OM,USR000231,4.2,1,6,2026-06-01
USR000441,Jack Subramaniam,jack.subramaniam@hdfcbank.com,1160256434,2023-02-15,JAI,iOS,UPI,55.3,REF7148DK,,3.9,1,9,2025-01-01
USR000442,Gautam Natarajan,gautam.natarajan80@gmail.com,5668633414,2022-09-23,CHN,iOS,Debit Card,47.0,REF7128OU,,3.85,1,8,2023-05-21
USR000443,Jack Pillai,jack_pillai@infosys.com,0409836655,2025-10-18,AMD,Android,Cash,22.87,REF1115VL,,3.84,1,12,2026-02-16
USR000444,Aditya Yohannan,adityayohannan@gmail.com,3772942095,2022-05-17,JAI,iOS,Cash,181.85,REF2899OG,,5.0,0,8,2023-07-16
USR000445,Tanveer Talwar,tanveer.talwar1989@wipro.com,2330276420,2025-09-13,LKO,iOS,Debit Card,15.92,REF4814TK,,4.26,0,8,2025-10-08
USR000446,Mahika Raman,mahika_raman42@gmail.com,3861259047,2024-05-03,LKO,Android,Wallet,212.28,REF8656RE,,4.59,1,7,2025-05-06
USR000447,Maanav Kadakia,maanavkadakia@hdfcbank.com,9126620157,2025-09-24,JAI,Android,Debit Card,75.24,REF2927SE,,4.41,1,6,2025-11-25
USR000448,Manthan Raval,manthan_raval55@outlook.com,6749261764,2021-04-30,MUM,Android,Wallet,7.77,REF2018PV,,5.0,1,6,2024-09-19
USR000449,Vrinda Upadhyay,vrinda.upadhyay1987@outlook.com,9741926764,2024-06-30,PUNE,Android,Cash,79.92,REF7501HF,,4.1,1,11,2025-12-14
USR000450,Nidra Bahri,nidrabahri@hotmail.com,7189813129,2021-01-04,MUM,Android,Wallet,169.29,REF9215ET,,4.22,1,13,2021-09-02
USR000451,Balveer Dave,balveerdave@gmail.com,4011845826,2025-07-09,HYD,Android,Credit Card,121.78,REF2087ZU,,4.11,1,9,2025-11-16
USR000452,Sai Dey,sai_dey@icloud.com,9883103032,2022-12-01,KOL,Android,Credit Card,126.42,REF0340HY,USR000427,4.42,1,8,2024-10-23
USR000453,Arunima Dave,arunimadave1998@wipro.com,4626714628,2023-08-02,JAI,iOS,Wallet,265.8,REF4329JN,,4.43,1,9,2025-11-26
USR000454,Oni Dube,oni.dube@hotmail.com,9314181861,2024-01-03,DEL,Android,Cash,36.56,REF3143TX,,4.41,1,8,2026-03-31
USR000455,Upkaar Mahal,upkaar_mahal1990@gmail.com,6112849718,2024-07-07,JAI,Android,Cash,189.4,REF5155XR,,5.0,1,5,2025-01-14
USR000456,Chanakya Garde,chanakya.garde@yahoo.com,8896792408,2021-06-27,AMD,Android,Debit Card,143.47,REF5948RM,,4.0,1,6,2023-03-08
USR000457,Chatresh Prabhakar,chatreshprabhakar68@gmail.com,2757844683,2023-06-28,JAI,Android,Wallet,367.53,REF2226KV,,4.56,1,8,2024-05-08
USR000458,Fariq Bose,fariq.bose@wipro.com,0148706827,2021-07-21,JAI,Android,Credit Card,434.09,REF4146XU,,4.92,1,9,2024-02-16
USR000459,Abhimanyu Sandal,abhimanyu_sandal3@wipro.com,0972832152,2025-11-21,MUM,iOS,Wallet,44.1,REF7881ZA,,4.44,1,7,2025-12-17
USR000460,Kashvi Chowdhury,kashvi.chowdhury@infosys.com,4474430963,2022-10-20,HYD,Android,Debit Card,42.06,REF8506FY,USR000164,4.64,1,10,2025-04-10
USR000461,Ishani Ahuja,ishaniahuja@outlook.com,1052650167,2021-07-29,HYD,iOS,Cash,168.5,REF4807NF,,4.21,1,10,2022-05-14
USR000462,Vinaya Amble,vinaya_amble1985@infosys.com,6545628417,2022-11-25,JAI,iOS,UPI,82.45,REF3188JA,USR000242,4.16,0,6,2023-03-08
USR000463,Jagrati Issac,jagratiissac11@infosys.com,2665023741,2024-07-13,AMD,iOS,Debit Card,326.38,REF7225VB,,3.67,1,10,2025-01-31
USR000464,Ekta Ratta,ekta.ratta1984@outlook.com,0225803056,2025-07-23,AMD,Android,Wallet,280.65,REF6787ZR,,4.9,1,11,2026-06-17
USR000465,Fitan Sanghvi,fitan_sanghvi60@hotmail.com,2341436371,2023-03-14,BLR,iOS,Debit Card,175.34,REF9067SS,,4.59,0,7,2023-05-14
USR000466,Veer Dara,veer.dara39@rediffmail.com,3260931066,2021-09-18,JAI,Android,Wallet,346.12,REF8923LO,,3.59,0,6,2026-03-07
USR000467,Darsh Uppal,darshuppal76@infosys.com,4545635020,2022-05-04,LKO,Android,Cash,109.66,REF8433VB,USR000247,4.52,0,11,2024-06-28
USR000468,Harrison Sankar,harrisonsankar77@tcs.com,5411082555,2024-01-21,HYD,Android,UPI,80.73,REF0053SE,,4.15,1,9,2026-01-18
USR000469,Shivansh Rajagopalan,shivansh.rajagopalan@infosys.com,1093371189,2023-07-01,BLR,iOS,Wallet,101.32,REF9895PP,USR000056,4.21,1,10,2025-08-15
USR000470,Caleb Datta,caleb.datta27@outlook.com,8557161768,2024-07-26,DEL,Android,Credit Card,114.01,REF5473IU,,3.99,1,12,2025-05-20
USR000471,Bimala Bath,bimala_bath@hotmail.com,8812786866,2026-02-14,CHN,iOS,Debit Card,71.04,REF8029RS,,3.97,0,9,2026-07-13
USR000472,Aditya Varghese,aditya.varghese1993@infosys.com,4344812308,2026-06-06,DEL,Android,Cash,139.19,REF9432AK,,4.15,0,6,2026-06-28
USR000473,Charan Kothari,charan.kothari72@rediffmail.com,5955184269,2022-10-14,KOL,iOS,Wallet,173.62,REF3402RI,,4.93,1,10,2023-12-20
USR000474,Patrick Kunda,patrick_kunda@wipro.com,6498373543,2025-11-23,BLR,Android,UPI,14.67,REF4500WO,USR000009,2.88,1,12,2025-12-29
USR000475,Jyoti Divan,jyoti_divan29@infosys.com,,2025-10-28,AMD,iOS,Cash,219.98,REF9627OU,USR000261,5.0,1,6,2026-06-02
USR000476,Ranbir Swaminathan,ranbirswaminathan62@gmail.com,2269312163,2023-10-18,HYD,iOS,Wallet,222.15,REF7172DL,,4.22,1,7,2025-05-30
USR000477,Harish Purohit,harish.purohit@yahoo.com,0231429001,2026-05-24,MUM,Android,Cash,41.04,REF7618IU,,4.67,1,11,2026-07-11
USR000478,Nihal Mohanty,nihalmohanty1998@hotmail.com,0848100184,2025-02-27,MUM,iOS,Cash,66.85,REF8513IE,USR000176,3.82,1,6,2025-11-27
USR000479,Utkarsh Sane,utkarshsane1981@icloud.com,3617213145,2026-05-22,CHN,iOS,Credit Card,257.69,REF1862AO,USR000473,4.56,1,6,2026-06-29
USR000480,Matthew Gokhale,matthew_gokhale1984@outlook.com,2624945147,2024-03-19,DEL,iOS,Cash,214.66,REF1951XF,USR000249,4.59,1,13,2024-06-11
USR000481,Ekaja Divan,ekaja.divan2005@yahoo.com,1964215226,2022-06-11,DEL,Android,Cash,146.82,REF5410JX,USR000303,3.71,1,4,2023-04-16
USR000482,Gauri Devi,gauri_devi97@yahoo.com,7887883619,2025-06-26,JAI,Android,Debit Card,137.26,REF5576ES,,4.16,1,6,2025-09-08
USR000483,Janaki Agate,janaki.agate7@rediffmail.com,7210552472,2025-01-26,BLR,Android,Cash,136.97,REF6893SF,,5.0,0,9,2026-01-14
USR000484,Jacob Dhar,jacob_dhar2@rediffmail.com,0191792025,2023-09-03,JAI,Android,Wallet,36.2,REF8633OD,,4.65,1,9,2025-11-09
USR000485,Mason Gopal,masongopal84@outlook.com,7657041200,2026-05-24,JAI,Android,UPI,203.29,REF2131AK,,4.11,1,8,2026-07-03
USR000486,Suhani Kuruvilla,suhani.kuruvilla1990@hdfcbank.com,4186236903,2021-07-21,CHN,iOS,Wallet,162.17,REF9282AZ,,4.81,1,11,2025-10-02
USR000487,Vansha Munshi,vanshamunshi@hdfcbank.com,5634111595,2022-10-04,JAI,Android,UPI,130.85,REF6289ES,,4.9,1,11,2022-10-28
USR000488,Siddharth Apte,siddharthapte1983@gmail.com,0341990970,2022-01-31,DEL,Android,Cash,61.26,REF0342IG,USR000481,4.04,1,6,2025-05-31
USR000489,Mitali Tella,mitali_tella1994@gmail.com,2156818209,2024-05-23,BLR,iOS,Cash,123.35,REF0514AW,,4.49,1,5,2024-11-28
USR000490,Ubika Brar,ubika_brar43@outlook.com,2889857254,2026-03-05,CHN,iOS,Debit Card,341.74,REF6790SK,USR000400,4.09,1,7,2026-03-23
USR000491,William Joshi,william_joshi1999@gmail.com,1024817175,2021-05-23,AMD,Android,Cash,57.92,REF5960TX,,4.88,1,4,2025-01-03
USR000492,Ira Chakraborty,,7472197054,2025-01-05,CHN,Android,UPI,216.65,REF2421RK,USR000293,4.2,1,7,2025-09-18
USR000493,Kashvi Chacko,kashvichacko91@icloud.com,0903802146,2024-08-30,DEL,Android,Wallet,203.73,REF6692CX,USR000359,4.61,1,6,2025-08-02
USR000494,Girik Palla,girik_palla43@rediffmail.com,1121663651,2025-09-25,MUM,Android,UPI,217.41,REF2961OY,,4.23,1,9,2026-05-29
USR000495,Ishwar Mallick,ishwar_mallick@tcs.com,7235909605,2026-05-18,MUM,iOS,Cash,145.05,REF5597NS,,4.61,0,3,2026-06-30
USR000496,Anamika Krishnan,anamika_krishnan@gmail.com,4614768342,2023-02-26,HYD,iOS,Wallet,245.0,REF6730NB,,4.77,1,7,2025-03-02
USR000497,Rushil Palla,rushil_palla3@gmail.com,2659608931,2025-01-14,LKO,Android,Wallet,85.42,REF0165WT,,4.38,1,7,2025-11-25
USR000498,Akshay Dora,akshaydora2003@yahoo.com,1648072791,2025-01-16,DEL,iOS,UPI,74.62,REF9925QU,USR000335,4.78,1,9,2026-07-05
USR000499,Krishna Kalita,krishnakalita@wipro.com,0550448177,2021-03-17,BLR,iOS,UPI,155.19,REF0336SI,,4.09,1,7,2026-05-10
USR000500,Ishaan Goda,ishaan_goda2005@yahoo.com,8928664649,2022-09-22,MUM,iOS,Cash,50.86,REF6655IB,USR000303,4.3,1,9,2023-01-30
USR000501,Hemang Taneja,hemang.taneja1981@gmail.com,0463378613,2022-02-20,KOL,iOS,Wallet,65.83,REF1111PB,,4.16,1,11,2025-12-22
USR000502,Abhimanyu Prasad,abhimanyuprasad@wipro.com,4463060002,2021-09-05,CHN,Android,Wallet,389.55,REF7157AP,USR000190,4.45,1,7,2024-10-12
USR000503,Wyatt Raman,wyattraman1993@icloud.com,9626265826,2025-05-12,BLR,Android,Wallet,128.13,REF5895VK,USR000004,4.18,1,11,2025-08-11
USR000504,Abha Dutt,abha.dutt1985@icloud.com,0609209819,2022-02-27,BLR,iOS,Cash,262.75,REF3128HO,,3.6,1,8,2023-07-01
USR000505,Rachit Khatri,rachit.khatri1991@tcs.com,3640412091,2021-06-30,CHN,iOS,Wallet,159.71,REF6027OO,USR000121,4.93,0,10,2022-07-28
USR000506,Adweta Gole,adweta_gole@wipro.com,3617061713,2025-04-27,HYD,iOS,UPI,76.43,REF1791GJ,USR000408,4.18,1,11,2025-07-12
USR000507,Chanchal Anne,chanchal_anne1983@gmail.com,1557998028,2021-04-21,PUNE,iOS,Credit Card,475.21,REF6657ZK,,4.45,1,9,2023-03-06
USR000508,Zarna Vala,zarnavala75@yahoo.com,3052312447,2021-12-27,BLR,Android,Wallet,121.82,REF4139BI,,4.58,1,5,2022-05-21
USR000509,Warhi Sarin,warhi.sarin@icloud.com,3461994237,2026-01-14,PUNE,Android,UPI,72.84,REF3158PS,,4.56,1,8,2026-02-08
USR000510,Hritik Rajagopal,hritik_rajagopal1986@hotmail.com,5172084964,2021-04-22,KOL,Android,Credit Card,139.32,REF6769VR,,4.44,1,2,2023-11-09
USR000511,Ekantika Sanghvi,ekantika_sanghvi@hotmail.com,3552510505,2022-02-19,PUNE,Android,UPI,232.3,REF9856BH,,4.36,1,8,2022-06-21
USR000512,Lekha Mander,lekha.mander53@yahoo.com,8491966553,2022-08-28,LKO,Android,Cash,19.68,REF3795OJ,,4.82,1,12,2025-11-23
USR000513,Jagdish Dash,jagdish.dash1984@gmail.com,9639040907,2025-09-11,AMD,iOS,UPI,90.5,REF3077CR,,4.31,1,11,2026-01-15
USR000514,Geetika Babu,geetika.babu@gmail.com,4455618579,2021-04-01,DEL,iOS,Cash,13.35,REF4260IH,USR000404,4.29,1,9,2023-12-08
USR000515,Kashvi Chauhan,kashvi_chauhan@hdfcbank.com,2156321358,2021-01-26,KOL,Android,Credit Card,255.88,REF0647FP,,4.11,1,8,2022-05-30
USR000516,Falan Lalla,falan_lalla1994@wipro.com,,2024-03-14,LKO,Android,Wallet,93.08,REF0040HD,,3.49,1,12,2024-08-02
USR000517,Triveni Dar,trivenidar@wipro.com,6718839774,2024-07-08,MUM,iOS,Debit Card,22.48,REF5964SK,,4.41,1,6,2025-05-07
USR000518,Fitan Pandit,fitan_pandit1994@gmail.com,7030376371,2025-12-09,PUNE,Android,Cash,153.09,REF5731QX,,4.74,1,6,2026-05-30
USR000519,Sudiksha Dube,sudikshadube15@hdfcbank.com,6798363146,2021-12-25,JAI,Android,Cash,47.8,REF5398GU,,4.81,1,6,2023-02-17
USR000520,Imaran Khosla,imaran.khosla9@icloud.com,0787541815,2024-04-03,HYD,Android,Debit Card,192.15,REF2491JD,,4.28,1,10,2025-01-01
USR000521,Chatresh Sastry,chatresh_sastry@yahoo.com,6634362948,2023-12-15,MUM,iOS,Cash,34.53,REF6326GB,,4.17,1,8,2025-06-12
USR000522,Yuvraj Choudhry,yuvraj.choudhry1983@gmail.com,9431814396,2023-07-27,MUM,Android,Wallet,126.27,REF9786GR,,4.37,1,4,2025-03-08
USR000523,Warhi Jha,warhi_jha1994@wipro.com,,2025-11-27,HYD,Android,Debit Card,143.69,REF6613US,,3.95,1,10,2026-05-20
USR000524,Aarush Chandra,aarush_chandra84@icloud.com,4325122572,2022-01-23,MUM,Android,Credit Card,76.19,REF2354TM,,4.09,1,3,2024-12-22
USR000525,Faraj Garde,faraj_garde30@outlook.com,9073710094,2024-11-28,JAI,iOS,Wallet,275.17,REF0765BL,,4.7,1,4,2025-04-12
USR000526,Harish Modi,harishmodi@hdfcbank.com,8474570545,2021-04-07,BLR,iOS,Debit Card,44.99,REF3882WJ,,3.72,1,8,2022-03-13
USR000527,Manbir Roy,manbir.roy1997@gmail.com,0396531361,2024-09-26,BLR,Android,Credit Card,134.28,REF8971RR,USR000325,3.8,1,6,2026-05-07
USR000528,Garima Raman,garima.raman@icloud.com,0985916795,2026-06-26,PUNE,Android,Debit Card,83.93,REF4878LQ,,4.41,1,7,2026-07-01
USR000529,Mason Virk,masonvirk1984@hdfcbank.com,4741407034,2021-11-16,DEL,iOS,Debit Card,92.35,REF4107RJ,,4.58,1,10,2023-07-02
USR000530,Indira Acharya,indira.acharya@icloud.com,4882142369,2023-06-25,PUNE,Android,Wallet,81.11,REF9107TA,,5.0,1,8,2024-04-05
USR000531,Libni Sami,libni_sami@tcs.com,9429659234,2022-10-31,DEL,Android,Cash,238.32,REF1430EW,,3.88,1,9,2024-05-22
USR000532,Chameli Shenoy,chameli_shenoy2@hotmail.com,2875857567,2023-10-02,PUNE,Android,Debit Card,211.29,REF2683TT,,3.93,1,10,2025-10-04
USR000533,Gaurang Dey,gaurang_dey1985@rediffmail.com,5298940626,2023-07-02,JAI,Android,Credit Card,390.24,REF6670JB,,4.74,1,12,2025-12-27
USR000534,Anamika Chhabra,anamikachhabra@gmail.com,9750198038,2023-04-29,BLR,Android,Credit Card,114.03,REF0787DF,USR000487,3.89,1,7,2026-04-08
USR000535,Charvi Mukhopadhyay,charvi.mukhopadhyay1989@icloud.com,1102918133,2026-02-16,CHN,iOS,Credit Card,47.17,REF2872OR,,4.85,1,10,2026-07-11
USR000536,Jairaj Mital,jairaj.mital1989@wipro.com,8497916202,2025-08-20,CHN,iOS,Wallet,84.37,REF1708CZ,,4.56,1,7,2026-04-14
USR000537,Vamakshi Srinivasan,vamakshi_srinivasan1982@hdfcbank.com,7546617662,2024-09-01,CHN,iOS,Credit Card,98.08,REF2328VS,,3.98,1,5,2026-06-23
USR000538,Chavvi Bandi,chavvi_bandi2003@gmail.com,7740258835,2023-09-12,LKO,iOS,Debit Card,213.64,REF0471KY,,5.0,1,13,2026-05-13
USR000539,Indira Nori,indira_nori1993@hotmail.com,6176792988,2021-11-30,LKO,Android,Credit Card,200.24,REF8681LP,,3.92,1,7,2025-10-19
USR000540,Ekansh Bath,ekansh_bath41@outlook.com,1775331266,2022-08-21,JAI,Android,Cash,55.64,REF4259LW,USR000188,3.54,1,6,2023-03-02
USR000541,Riya Prasad,riya_prasad63@gmail.com,7629833477,2024-11-10,PUNE,Android,Cash,111.83,REF1094HC,,4.84,0,4,2025-04-06
USR000542,Gabriel Bajwa,gabrielbajwa2002@hdfcbank.com,0569815287,2021-11-13,JAI,Android,Credit Card,156.25,REF4332BH,,4.43,1,8,2024-12-31
USR000543,Lakshit Bhavsar,lakshit_bhavsar1994@tcs.com,9128411730,2021-08-22,KOL,iOS,UPI,54.11,REF3397GW,USR000135,3.81,1,8,2021-09-26
USR000544,Madhavi Parmar,madhavi.parmar89@gmail.com,8938984690,2022-12-02,BLR,iOS,UPI,171.2,REF9850OS,,4.76,1,8,2023-08-01
USR000545,Bachittar Nigam,bachittarnigam@icloud.com,0238503719,2026-07-03,MUM,iOS,UPI,288.52,REF8197QP,USR000496,3.84,0,12,2026-07-16
USR000546,Varenya Dayal,varenya.dayal@wipro.com,7835674300,2022-06-03,DEL,Android,Debit Card,74.02,REF9051AM,,4.32,1,9,2022-12-17
USR000547,Vasatika Ben,vasatikaben1996@gmail.com,6821719553,2021-07-05,BLR,iOS,Cash,49.14,REF0389YR,,4.27,1,12,2022-05-29
USR000548,Utkarsh Sachar,utkarshsachar1986@hdfcbank.com,1027240559,2024-03-30,DEL,Android,Credit Card,240.62,REF5603OF,,4.31,1,7,2024-09-21
USR000549,Faraj Bose,faraj_bose1986@yahoo.com,5374584384,2024-11-30,LKO,Android,Wallet,99.92,REF3429ZE,,3.65,1,6,2025-03-19
USR000550,Vedika Mammen,vedikamammen@hotmail.com,3483152037,2025-04-09,PUNE,Android,Wallet,280.92,REF5881DW,USR000140,3.56,1,8,2025-12-18
USR000551,Leena Mital,leena_mital25@wipro.com,6706670336,2023-02-28,CHN,iOS,Cash,167.45,REF7107CR,,3.67,1,7,2025-08-25
USR000552,Ijaya Bal,ijaya_bal2002@gmail.com,0596601864,2021-01-27,AMD,Android,Wallet,68.96,REF2680QT,,4.74,1,7,2024-10-06
USR000553,Nicholas Raj,nicholas_raj16@hdfcbank.com,4413845960,2026-01-02,BLR,Android,Debit Card,230.9,REF8769UK,,3.57,1,5,2026-03-29
USR000554,Jeet Mohanty,jeet_mohanty@icloud.com,7070705783,2025-04-16,LKO,iOS,Wallet,94.36,REF9454QQ,,4.64,1,3,2026-03-23
USR000555,Devansh Sastry,devansh.sastry@gmail.com,7232290310,2022-05-29,AMD,iOS,Credit Card,79.52,REF6091RN,,4.41,0,7,2023-02-28
USR000556,Darsh Lad,darshlad99@yahoo.com,0935118718,2024-10-23,PUNE,Android,Debit Card,229.21,REF2879UC,,5.0,1,5,2025-01-29
USR000557,Ekbal Sandhu,,9556574902,2023-10-17,AMD,iOS,Cash,48.51,REF1335KX,,4.29,1,7,2026-03-15
USR000558,Siddharth Munshi,siddharth.munshi72@hdfcbank.com,0261139898,2023-06-01,MUM,iOS,Wallet,373.64,REF5042LB,,4.22,1,7,2025-07-10
USR000559,Zinal Sastry,zinalsastry1997@icloud.com,4353537513,2023-06-02,BLR,iOS,Wallet,383.88,REF6818ZD,,4.56,1,7,2024-01-12
USR000560,Janaki Sule,janaki.sule@gmail.com,9283692944,2025-10-16,BLR,Android,Wallet,121.62,REF7651WJ,USR000387,4.9,1,8,2026-04-14
USR000561,Warda Hora,warda_hora@yahoo.com,1648712060,2022-12-16,LKO,Android,Debit Card,9.89,REF5511AA,,3.69,1,10,2025-05-10
USR000562,Irya Datta,,1559991015,2022-10-02,LKO,Android,UPI,122.85,REF2128HY,,4.55,1,9,2023-05-24
USR000563,Krish Goswami,krish_goswami@icloud.com,9576572894,2023-08-02,KOL,iOS,Debit Card,209.07,REF7676SW,USR000481,3.93,1,2,2023-09-16
USR000564,Bhavika Naidu,bhavika_naidu1995@gmail.com,0368499515,2024-10-14,HYD,iOS,Wallet,76.02,REF1347VD,,4.47,1,7,2025-09-26
USR000565,Udarsh Gara,udarsh.gara@infosys.com,3421388209,2024-01-03,HYD,iOS,Debit Card,380.01,REF4214RF,USR000412,5.0,1,9,2026-04-05
USR000566,Kala Jani,kala_jani2001@hotmail.com,8274117674,2021-05-18,LKO,iOS,Wallet,390.85,REF0883AF,USR000079,4.83,1,11,2025-01-11
USR000567,Tristan Borde,tristan.borde85@outlook.com,4781506185,2023-04-04,CHN,iOS,Cash,129.65,REF1241WZ,USR000020,4.09,1,12,2026-02-24
USR000568,Thomas Hayre,thomas.hayre1984@wipro.com,2742318306,2023-12-28,LKO,iOS,Cash,143.16,REF3800PI,,3.63,1,5,2024-02-27
USR000569,Balvan Sahota,balvan_sahota@outlook.com,3578243477,2025-09-25,KOL,iOS,Debit Card,134.96,REF1789NT,,4.89,1,8,2025-10-27
USR000570,Theodore Chowdhury,theodore_chowdhury72@wipro.com,3612751562,2022-04-29,KOL,Android,UPI,364.07,REF6958ES,USR000029,4.88,1,5,2023-09-13
USR000571,Bina Loyal,bina.loyal@gmail.com,5456676640,2022-02-18,BLR,iOS,Credit Card,169.16,REF7796RP,USR000285,4.21,1,5,2025-10-28
USR000572,Sara Rout,sara.rout@yahoo.com,3199529800,2021-06-21,PUNE,iOS,UPI,122.92,REF4735OC,,4.63,1,10,2023-10-02
USR000573,Chandran Venkataraman,chandranvenkataraman16@hotmail.com,2863425563,2025-02-13,JAI,Android,Cash,411.64,REF6155XX,,4.5,1,6,2025-10-28
USR000574,Yachana Rao,yachana_rao@icloud.com,4033041662,2025-02-18,KOL,Android,Wallet,118.06,REF8300BW,USR000110,3.93,1,10,2025-08-16
USR000575,Anmol Aurora,anmol.aurora1995@hotmail.com,3945680447,2024-12-03,MUM,iOS,Cash,244.08,REF4111GU,,3.34,1,11,2025-08-12
USR000576,Pushti Chander,pushti_chander2000@hotmail.com,7488360765,2021-02-13,LKO,Android,UPI,96.37,REF3149EY,,4.81,1,9,2025-07-17
USR000577,Vincent Sekhon,vincent_sekhon@outlook.com,4521182379,2024-11-04,MUM,Android,Wallet,128.8,REF8173KB,,4.65,1,8,2025-12-11
USR000578,Daniel Tak,daniel_tak11@icloud.com,2059960438,2025-12-29,BLR,iOS,Debit Card,221.88,REF3126NE,,4.23,1,11,2026-07-13
USR000579,Triya Subramanian,triyasubramanian1997@hotmail.com,6202812371,2026-03-13,PUNE,iOS,UPI,193.07,REF7875PP,,3.67,1,7,2026-05-18
USR000580,Logan Sahota,logan_sahota@gmail.com,6448595922,2021-02-26,DEL,Android,Wallet,116.7,REF0672OZ,,4.25,0,10,2021-12-01
USR000581,Urmi Shere,urmishere76@yahoo.com,8705622710,2023-11-24,BLR,iOS,Debit Card,207.16,REF4839TX,,4.34,1,8,2026-05-06
USR000582,Girindra Bhat,girindrabhat1999@yahoo.com,5835034469,2023-01-23,BLR,iOS,Wallet,52.4,REF4331ID,,3.99,1,9,2026-04-05
USR000583,Faras Dua,farasdua@hotmail.com,4912896599,2026-06-19,AMD,Android,Debit Card,141.02,REF4596QJ,,4.08,0,5,2026-06-29
USR000584,Vincent Kalita,vincent.kalita@outlook.com,2705102876,2024-03-07,MUM,Android,Cash,43.11,REF9497NK,,4.41,1,7,2025-06-14
USR000585,Maya Purohit,mayapurohit87@gmail.com,8581932426,2023-10-10,KOL,Android,Wallet,101.73,REF7548WH,,3.42,1,5,2025-06-15
USR000586,Ijaya Gokhale,ijaya_gokhale11@gmail.com,6398365203,2021-10-26,DEL,iOS,Debit Card,174.91,REF8774RH,USR000462,3.17,1,7,2023-03-18
USR000587,Falguni Chandra,falguni.chandra43@hotmail.com,9404760440,2026-06-19,KOL,Android,Wallet,112.86,REF7583AL,,4.31,0,7,2026-07-05
USR000588,Oscar Solanki,oscar.solanki1981@gmail.com,9222161070,2026-04-08,LKO,Android,UPI,194.13,REF9079OD,USR000391,3.52,1,5,2026-05-16
USR000589,Gaurangi Nadig,gaurangi.nadig@icloud.com,0660138241,2023-10-29,AMD,iOS,Wallet,692.29,REF5184MP,USR000325,4.53,1,5,2025-10-25
USR000590,Oscar Aggarwal,oscaraggarwal@hotmail.com,1579197111,2025-09-06,CHN,iOS,Wallet,99.84,REF2704MM,USR000270,4.23,1,6,2026-07-16
USR000591,Omkaar Anne,omkaar.anne91@gmail.com,3432406424,2023-10-04,BLR,iOS,UPI,204.18,REF2125LO,USR000056,5.0,1,8,2024-05-26
USR000592,Ryan Goel,ryangoel19@gmail.com,1759558720,2026-03-14,AMD,Android,Wallet,108.41,REF2956OM,,4.45,1,13,2026-07-16
USR000593,Idika Mani,idikamani1996@gmail.com,4183437401,2022-08-05,BLR,Android,Cash,215.55,REF9628KN,,5.0,1,4,2025-10-01
USR000594,Kashish Purohit,kashish.purohit1991@gmail.com,0267551254,2021-06-07,HYD,iOS,UPI,23.37,REF8272DL,,5.0,1,8,2021-07-30
USR000595,Tanmayi Saran,tanmayi_saran@hotmail.com,5957640381,2021-11-11,DEL,Android,Wallet,57.54,REF2782WB,,4.39,1,7,2025-07-23
USR000596,Nihal Vala,nihalvala@hdfcbank.com,3922501425,2024-09-05,LKO,iOS,Debit Card,94.49,REF6649ZL,,4.27,1,9,2026-04-10
USR000597,Sai Gera,sai_gera@gmail.com,3361328507,2026-05-04,LKO,iOS,UPI,319.39,REF7627AQ,,3.85,1,6,2026-05-26
USR000598,Simon Sodhi,simon_sodhi86@tcs.com,6252654696,2023-04-05,CHN,Android,UPI,6.45,REF2517JR,USR000443,3.97,1,7,2024-12-30
USR000599,Tristan Gokhale,tristan_gokhale79@wipro.com,8099613273,2023-07-02,KOL,iOS,Debit Card,73.48,REF8157QV,,4.54,0,5,2025-11-14
USR000600,Pranit Sandal,pranit_sandal2000@tcs.com,7046226817,2021-03-24,JAI,iOS,Wallet,411.86,REF0346FV,,4.23,1,10,2024-11-09
USR000601,Naveen Nagar,naveen.nagar67@infosys.com,7076604641,2023-08-17,KOL,Android,Wallet,23.9,REF1516ZZ,,4.32,1,9,2024-05-04
USR000602,Janya Choudhury,janya_choudhury1988@gmail.com,1205943897,2021-06-06,DEL,Android,Cash,280.87,REF9785XE,,4.21,1,6,2021-12-16
USR000603,Triveni Peri,triveniperi1990@hdfcbank.com,6540842456,2021-02-03,MUM,iOS,Credit Card,67.59,REF6074CH,,5.0,1,7,2025-10-26
USR000604,Ishanvi Bansal,ishanvibansal@rediffmail.com,8122764579,2024-10-04,AMD,iOS,Debit Card,211.78,REF0754OC,,3.75,1,11,2025-04-13
USR000605,Kashish Barad,kashishbarad78@outlook.com,8154660241,2021-01-12,KOL,Android,UPI,161.29,REF3897CE,USR000489,3.85,1,6,2023-08-12
USR000606,Chandran Prasad,,2480962440,2026-06-18,LKO,iOS,Wallet,64.07,REF6139QT,,4.96,1,6,2026-06-23
USR000607,Amara Shere,amarashere@outlook.com,0531949796,2021-02-02,HYD,Android,Credit Card,306.77,REF6306QI,,4.3,1,6,2021-11-26
USR000608,Hemal Oak,hemal_oak1994@yahoo.com,7738264609,2021-10-31,AMD,iOS,UPI,219.92,REF9586EJ,USR000157,4.04,1,12,2025-12-22
USR000609,Daksha Manne,dakshamanne94@gmail.com,2992959660,2024-03-12,KOL,Android,Debit Card,133.59,REF1785FN,USR000443,5.0,1,5,2025-05-11
USR000610,Kritika Dasgupta,kritika.dasgupta35@icloud.com,1942268653,2023-09-23,JAI,iOS,Credit Card,185.03,REF4873YI,,3.98,1,7,2023-10-31
USR000611,Eesha Thakkar,eesha.thakkar1987@wipro.com,7472264085,2024-06-29,PUNE,iOS,Wallet,143.31,REF6945XX,USR000295,3.78,1,8,2026-07-12
USR000612,Omya Roy,omyaroy84@icloud.com,2998199605,2024-05-18,AMD,Android,Debit Card,255.68,REF7216LP,,3.69,1,8,2025-06-21
USR000613,Kamala Bajaj,kamala.bajaj21@gmail.com,2753273524,2025-09-26,BLR,Android,Debit Card,33.24,REF9329OE,,4.01,1,14,2025-11-09
USR000614,Sachi Khurana,sachikhurana1985@gmail.com,9523710068,2026-04-16,AMD,iOS,Credit Card,260.37,REF1039DD,USR000049,3.32,1,4,2026-04-18
USR000615,Arjun Sarna,arjun_sarna1981@outlook.com,0568761124,2022-11-23,KOL,Android,Cash,81.42,REF7616QT,USR000576,4.59,1,7,2024-02-24
USR000616,Lucky Kibe,lucky.kibe2005@infosys.com,5177345475,2025-10-14,JAI,Android,UPI,223.59,REF9125AQ,,4.99,1,9,2026-05-26
USR000617,Manbir Vig,manbir_vig1994@icloud.com,9544294774,2026-04-25,MUM,Android,Cash,268.86,REF7494MC,USR000121,4.32,1,10,2026-05-21
USR000618,Vedant Bala,vedant_bala@yahoo.com,9045886792,2021-07-23,BLR,iOS,Debit Card,222.73,REF2229SY,,4.13,1,7,2022-03-31
USR000619,Kritika Sundaram,kritikasundaram@tcs.com,7601534332,2023-08-29,PUNE,iOS,Cash,196.51,REF5298UH,USR000273,4.33,1,10,2025-09-29
USR000620,Advik Viswanathan,advikviswanathan47@gmail.com,6158148881,2022-04-13,BLR,iOS,Wallet,89.94,REF4913WF,,4.23,1,6,2024-11-07
USR000621,Qadim Konda,qadim.konda@wipro.com,9484131284,2025-01-09,JAI,Android,UPI,230.06,REF0798PP,,4.22,1,5,2026-02-24
USR000622,Ucchal Chaudhari,ucchalchaudhari2003@hotmail.com,7171731893,2021-11-06,LKO,Android,Cash,62.08,REF0333LW,,4.65,1,3,2024-03-13
USR000623,Isaac Savant,isaacsavant1994@hotmail.com,0469472587,2021-01-17,CHN,Android,Wallet,158.29,REF9749AL,,4.57,1,7,2022-03-13
USR000624,Anvi Thakur,anvi.thakur67@yahoo.com,7058772216,2025-05-20,KOL,Android,Debit Card,71.48,REF8444IP,USR000551,4.53,1,7,2025-11-07
USR000625,Rishi Chopra,rishi_chopra1993@gmail.com,4587149392,2024-02-05,CHN,iOS,Credit Card,42.25,REF4175OR,USR000553,3.9,1,9,2025-10-03
USR000626,Naksh Nanda,naksh_nanda1998@gmail.com,3474524555,2025-09-20,PUNE,iOS,Cash,46.48,REF5236YK,,4.29,1,6,2025-10-14
USR000627,Abdul Raval,abdulraval32@tcs.com,7403344505,2026-07-07,HYD,Android,Debit Card,217.09,REF7469ZW,USR000587,4.06,1,7,2026-07-17
USR000628,Tanveer Thakur,tanveer.thakur61@gmail.com,3257970673,2025-08-13,PUNE,iOS,UPI,79.31,REF6658JV,USR000436,4.46,0,4,2026-03-11
USR000629,Hema Majumdar,hema_majumdar@gmail.com,7215622949,2023-12-14,KOL,iOS,Debit Card,83.0,REF4996DG,,4.22,1,3,2025-09-25
USR000630,Bishakha Bains,bishakha.bains1985@hotmail.com,7325737553,2023-09-20,AMD,Android,Cash,59.22,REF3817PU,,3.86,1,12,2024-05-18
USR000631,Prisha Randhawa,prisha_randhawa40@outlook.com,8509608587,2021-09-01,LKO,iOS,UPI,147.49,REF4490IH,USR000586,4.27,0,10,2023-04-17
USR000632,Isaiah Wali,isaiahwali@tcs.com,7931647725,2025-06-09,BLR,Android,Cash,69.99,REF4951VE,,4.79,1,5,2025-11-12
USR000633,Ansh Ratti,ansh_ratti2003@gmail.com,0035624395,2025-11-18,DEL,iOS,Wallet,215.11,REF1295DH,,3.56,1,6,2026-04-11
USR000634,Ranbir Divan,ranbir_divan50@hotmail.com,0890285155,2023-10-31,AMD,iOS,Wallet,269.27,REF8739WT,USR000334,5.0,1,3,2024-01-30
USR000635,Viraj Kalla,virajkalla1997@gmail.com,1607360776,2026-05-17,AMD,iOS,UPI,434.15,REF3334KB,,4.79,1,4,2026-05-20
USR000636,Yashawini Varty,yashawini.varty@gmail.com,7955633185,2021-06-24,HYD,Android,Cash,146.76,REF3369HF,,4.9,1,8,2025-09-08
USR000637,Lajita Salvi,lajita_salvi3@gmail.com,4164316704,2022-02-26,HYD,iOS,UPI,130.03,REF7481DB,,4.07,1,7,2025-07-22
USR000638,Kabir Venkataraman,kabir.venkataraman@gmail.com,0934596262,2025-10-27,JAI,iOS,Wallet,314.85,REF5023LK,USR000118,4.7,1,4,2025-12-16
USR000639,Ayushman Tank,ayushman_tank@rediffmail.com,4950050702,2023-04-15,BLR,Android,Cash,47.95,REF2822XH,,4.0,0,5,2024-04-20
USR000640,Nakul Chaudhry,nakulchaudhry50@gmail.com,6117768729,2022-06-13,KOL,Android,UPI,191.64,REF6086WM,USR000612,4.99,1,8,2025-09-25
USR000641,Jasmit Char,jasmitchar1987@wipro.com,2382231164,2024-02-07,KOL,Android,Wallet,37.07,REF0477QI,USR000240,4.0,1,8,2024-02-26
USR000642,Falguni Shere,falgunishere@tcs.com,5290603202,2022-09-16,LKO,iOS,Wallet,148.28,REF9133QL,USR000513,5.0,1,7,2023-11-06
USR000643,Veda Padmanabhan,veda.padmanabhan1@outlook.com,3794871485,2026-05-23,JAI,iOS,UPI,68.74,REF0326UA,USR000476,3.7,1,7,2026-07-15
USR000644,Gopal Oommen,gopaloommen73@gmail.com,0821371184,2025-09-16,KOL,iOS,Credit Card,139.28,REF5245ZF,,4.55,1,10,2026-06-04
USR000645,Yamini Gopal,yamini_gopal1988@icloud.com,3035892988,2021-09-09,BLR,iOS,Wallet,183.65,REF2547BJ,USR000517,4.74,1,5,2026-03-09
USR000646,Kavya Dutt,kavya.dutt1980@icloud.com,,2024-09-18,PUNE,iOS,Credit Card,123.63,REF0858OS,,4.21,1,9,2026-05-24
USR000647,Panini Jain,panini.jain@tcs.com,6867752401,2021-01-20,BLR,iOS,Cash,301.79,REF1293WT,,4.04,1,12,2024-12-30
USR000648,Daniel Roy,daniel.roy2005@gmail.com,3626693351,2025-09-01,AMD,Android,Debit Card,208.03,REF4843UN,,4.1,1,7,2026-03-12
USR000649,Samesh Sawhney,samesh.sawhney1999@outlook.com,1848197374,2023-01-29,HYD,iOS,UPI,254.25,REF3426HU,USR000021,4.79,1,6,2024-08-26
USR000650,Anita Baria,anita.baria@outlook.com,6927438119,2022-03-29,HYD,iOS,Debit Card,208.71,REF1897JE,USR000505,3.26,1,9,2026-03-09
USR000651,Dakshesh Cheema,dakshesh.cheema@outlook.com,5645101739,2023-10-09,BLR,Android,Cash,110.48,REF9537SB,,4.12,1,11,2025-06-17
USR000652,Vinaya Prashad,vinayaprashad1988@tcs.com,9191135996,2025-10-19,HYD,iOS,Credit Card,91.23,REF7396QR,,4.17,1,12,2025-10-30
USR000653,Mohini Sankaran,mohini_sankaran1991@gmail.com,0514607455,2021-01-05,KOL,Android,Debit Card,37.43,REF6057DK,,3.81,1,10,2023-04-18
USR000654,Tara Lall,tara.lall@hdfcbank.com,5652715598,2022-04-05,DEL,iOS,Wallet,403.17,REF5347YD,,4.12,0,7,2024-01-12
USR000655,Dhriti Tank,dhriti.tank@infosys.com,7557522501,2024-11-13,KOL,Android,Credit Card,192.49,REF3541UF,USR000338,4.78,0,9,2025-09-27
USR000656,Pranav Rao,pranavrao1982@infosys.com,9642585626,2026-03-31,PUNE,iOS,Credit Card,328.39,REF3948SP,USR000245,4.59,1,6,2026-05-13
USR000657,Saanvi Baria,saanvibaria@gmail.com,0733337320,2021-07-15,AMD,Android,UPI,62.74,REF1499FU,,3.99,1,8,2021-09-21
USR000658,Rehaan Sachar,rehaan.sachar38@gmail.com,9645465535,2023-06-25,DEL,iOS,Cash,425.55,REF4309EC,,4.08,0,8,2023-11-06
USR000659,Kabir Char,kabir_char@icloud.com,9358374907,2023-04-22,HYD,Android,Wallet,80.81,REF8512US,,3.95,1,9,2025-09-14
USR000660,Anthony Sen,anthonysen2000@outlook.com,1514940976,2024-04-18,HYD,Android,UPI,146.57,REF9779BE,USR000070,3.88,1,6,2025-12-16
USR000661,Ganga Kaul,gangakaul84@outlook.com,5090591191,2023-09-13,LKO,iOS,Credit Card,89.41,REF2637TI,USR000046,4.82,1,6,2024-01-14
USR000662,Pratyush Balan,pratyushbalan2001@gmail.com,1696667252,2024-01-14,BLR,Android,Wallet,59.67,REF8623PM,,4.65,1,6,2024-12-30
USR000663,Xalak Chana,xalak.chana1986@icloud.com,3515718409,2023-11-05,JAI,Android,Wallet,593.62,REF1452TB,,4.27,1,10,2024-05-28
USR000664,Advik Agrawal,advik.agrawal@icloud.com,9951239728,2026-07-04,AMD,iOS,Cash,99.66,REF0805GK,,4.09,1,9,2026-07-14
USR000665,Ridhi Goel,ridhi_goel@rediffmail.com,0814415298,2021-01-08,HYD,Android,Wallet,205.88,REF3512MX,,3.69,1,5,2022-05-12
USR000666,Suhani Ramachandran,suhani.ramachandran81@gmail.com,5352373605,2021-01-14,PUNE,Android,UPI,341.23,REF2173MJ,,3.37,0,7,2024-02-24
USR000667,Meera Iyer,meera.iyer@gmail.com,3466661707,2022-02-12,HYD,iOS,Credit Card,34.14,REF0791HF,USR000269,4.55,1,8,2026-02-23
USR000668,Widisha Mani,widisha_mani31@wipro.com,1499825080,2026-02-09,MUM,Android,Credit Card,134.48,REF1587NY,,4.54,1,6,2026-03-09
USR000669,Radha Trivedi,radhatrivedi1990@rediffmail.com,3172351373,2023-12-16,LKO,iOS,UPI,198.77,REF0463WI,USR000134,3.85,1,4,2026-03-08
USR000670,Bina Agrawal,bina_agrawal1996@icloud.com,3560229394,2022-05-16,DEL,Android,Cash,20.49,REF9900YN,USR000153,4.5,1,5,2024-03-17
USR000671,Nimrat Anne,nimrat_anne64@gmail.com,3749060723,2021-06-16,AMD,Android,Credit Card,202.9,REF6943PV,,4.23,1,5,2025-09-01
USR000672,Qadim Yadav,qadimyadav@yahoo.com,4844941163,2023-02-05,JAI,iOS,Wallet,146.29,REF1112YF,,4.55,1,14,2026-05-10
USR000673,Upasna Srinivas,upasna_srinivas@gmail.com,6211369572,2023-07-15,HYD,iOS,Credit Card,129.79,REF1873IH,,4.38,1,5,2025-08-25
USR000674,Eesha Bassi,eesha_bassi60@hotmail.com,2573066248,2022-08-28,AMD,iOS,Credit Card,291.91,REF7908XM,,4.12,1,5,2025-04-06
USR000675,Aryan Sastry,aryan.sastry1996@tcs.com,4822850116,2022-10-12,CHN,iOS,UPI,87.82,REF1323VQ,USR000240,4.56,1,8,2024-04-07
USR000676,Kamala Barad,kamalabarad43@hdfcbank.com,6090691309,2025-05-29,CHN,Android,UPI,366.16,REF8809UK,USR000369,4.52,1,8,2025-06-17
USR000677,Barkha Ram,,4577278532,2024-10-31,CHN,Android,Cash,132.51,REF8107KP,,4.68,1,9,2026-05-10
USR000678,Rachana Mital,rachana.mital@hdfcbank.com,8362536667,2025-08-12,PUNE,iOS,Wallet,133.16,REF4264KX,,4.33,0,3,2026-07-13
USR000679,Mohini Deol,mohinideol54@icloud.com,9395786543,2023-08-30,HYD,iOS,Wallet,26.16,REF7767XV,,4.0,1,7,2024-02-21
USR000680,Charita Sachar,,8268627036,2021-03-03,PUNE,Android,Cash,184.14,REF6271IP,,3.95,1,3,2022-11-18
USR000681,Rudra Dora,rudra_dora@infosys.com,2759980111,2025-09-05,PUNE,iOS,Credit Card,100.22,REF9249XJ,,4.14,1,4,2026-03-30
USR000682,Samaksh Dora,samaksh_dora9@yahoo.com,9597752441,2026-03-04,BLR,Android,Debit Card,27.11,REF0005FU,,4.63,1,8,2026-06-12
USR000683,Nathan Singh,nathansingh@yahoo.com,7102676720,2022-11-05,LKO,iOS,Debit Card,279.69,REF8222AH,USR000107,4.73,1,13,2025-12-11
USR000684,Anmol Swamy,anmolswamy2@rediffmail.com,1229462135,2026-05-27,KOL,iOS,Credit Card,3.63,REF9579KL,USR000676,4.49,0,4,2026-06-29
USR000685,Omisha Gara,omisha.gara17@rediffmail.com,4807520344,2026-07-20,MUM,Android,Cash,219.87,REF4159ZF,,4.77,1,4,2026-07-20
USR000686,Faris Natarajan,farisnatarajan@gmail.com,9046376604,2024-09-23,AMD,Android,Cash,230.75,REF7650RV,,3.67,1,7,2025-08-06
USR000687,Hema Deo,hema_deo1994@gmail.com,7441715810,2023-07-02,MUM,iOS,Cash,156.31,REF6558YB,,4.69,1,6,2026-06-12
USR000688,Mitesh Khalsa,miteshkhalsa94@rediffmail.com,5912975191,2022-08-13,AMD,iOS,Debit Card,152.7,REF2131LX,,4.18,1,11,2023-08-06
USR000689,Aarush Sant,aarush_sant81@wipro.com,6583737927,2022-01-11,LKO,Android,Wallet,45.68,REF0231LF,,5.0,1,6,2022-04-10
USR000690,Fariq Goda,fariq.goda65@rediffmail.com,9311325326,2024-11-30,HYD,iOS,Wallet,164.96,REF4907LG,,3.9,1,12,2026-06-19
USR000691,Tejas Sandhu,tejas_sandhu@rediffmail.com,0442101750,2022-06-02,HYD,Android,Wallet,111.56,REF9496GO,USR000655,4.61,1,6,2026-04-24
USR000692,Eiravati Pathak,eiravatipathak1987@icloud.com,7575747583,2022-05-29,MUM,Android,Debit Card,193.2,REF9617AV,,3.82,1,12,2025-01-03
USR000693,Udyati Shenoy,udyatishenoy@gmail.com,7226602562,2025-08-08,CHN,Android,Credit Card,194.34,REF3920SW,,4.75,0,9,2026-06-14
USR000694,Matthew Gour,matthewgour1994@gmail.com,7245307624,2021-01-23,CHN,Android,Wallet,184.96,REF6506YQ,,5.0,1,12,2022-04-11
USR000695,Rachita Saran,,1157942387,2025-07-20,JAI,Android,Wallet,65.1,REF8433FM,,4.31,0,10,2026-03-04
USR000696,Hamsini Mukhopadhyay,hamsini.mukhopadhyay1986@wipro.com,2845525971,2025-04-21,HYD,Android,Debit Card,37.48,REF3670TO,,4.26,0,7,2025-08-01
USR000697,Vivaan Munshi,vivaanmunshi@tcs.com,9532593993,2026-05-18,MUM,Android,Credit Card,91.73,REF0756PN,USR000525,4.43,1,11,2026-05-31
USR000698,Leena Divan,leena.divan50@yahoo.com,7941763425,2023-05-27,MUM,Android,Credit Card,89.28,REF3797BU,USR000332,3.32,0,7,2024-05-16
USR000699,Ishani Subramanian,ishani.subramanian1997@gmail.com,5983399140,2025-07-28,CHN,iOS,UPI,31.4,REF0733OA,USR000224,3.87,1,9,2026-02-23
USR000700,Pallavi Apte,pallaviapte98@wipro.com,4006157276,2021-07-14,LKO,iOS,Wallet,94.24,REF3884PY,,3.49,1,4,2025-11-09
USR000701,Anusha Shah,anusha.shah1980@gmail.com,4292501058,2022-11-18,DEL,iOS,Wallet,275.55,REF8297WU,,5.0,1,5,2024-03-08
USR000702,Radha Naik,radha_naik@yahoo.com,0459908027,2025-02-20,KOL,Android,Cash,183.77,REF7525UY,USR000141,4.73,1,11,2026-03-10
USR000703,Wahab Chanda,wahab_chanda@yahoo.com,6517680866,2024-05-09,AMD,iOS,Credit Card,208.34,REF1122GH,USR000660,4.0,0,14,2026-06-26
USR000704,Advika Karan,advika.karan1992@hotmail.com,0370033228,2022-11-10,PUNE,Android,Credit Card,44.1,REF2813CK,,4.39,1,7,2024-04-01
USR000705,Waida Bajwa,waida.bajwa@infosys.com,3903397051,2024-07-13,DEL,Android,Wallet,65.64,REF5566BG,USR000198,3.68,1,6,2024-09-04
USR000706,Abhimanyu Manda,abhimanyu_manda@outlook.com,6239453546,2025-06-17,HYD,Android,Cash,185.4,REF9582ZN,USR000479,4.44,1,7,2025-11-23
USR000707,Samarth Goyal,samarth_goyal1999@rediffmail.com,3394394570,2023-07-08,HYD,iOS,Wallet,475.03,REF1470CM,USR000369,4.5,1,6,2025-09-30
USR000708,Advik Kalita,advikkalita1984@hdfcbank.com,6576927789,2025-08-06,AMD,Android,Wallet,25.17,REF3943GB,,4.7,1,8,2025-09-17
USR000709,Chandresh Apte,chandreshapte@yahoo.com,,2023-02-19,AMD,iOS,Wallet,442.73,REF4319GA,USR000576,4.05,1,6,2026-07-14
USR000710,Gunbir Bera,gunbir_bera50@wipro.com,5146040142,2025-10-31,JAI,iOS,Wallet,400.29,REF4047YU,,4.16,1,8,2026-05-31
USR000711,Vamakshi Ghosh,vamakshi_ghosh2004@hotmail.com,7984409712,2021-05-26,KOL,Android,UPI,290.95,REF4731OV,,4.95,1,5,2024-07-27
USR000712,Rachana Shroff,rachana_shroff2002@gmail.com,0144734043,2023-09-28,PUNE,Android,Wallet,259.14,REF3166BC,,4.12,1,6,2025-02-14
USR000713,Vincent Batta,vincentbatta@gmail.com,5778255882,2024-08-14,BLR,iOS,Cash,219.85,REF3700KB,,5.0,1,8,2026-07-12
USR000714,Unni Palan,unni_palan22@hdfcbank.com,6561942557,2024-08-12,KOL,iOS,Cash,143.62,REF5562LZ,,4.42,1,5,2024-11-02
USR000715,Harita Zachariah,harita.zachariah2000@hotmail.com,6161880819,2026-06-05,JAI,iOS,Cash,146.5,REF7820VG,,4.21,1,4,2026-07-01
USR000716,Vrinda Dada,vrindadada54@wipro.com,8639561372,2022-07-05,HYD,iOS,Debit Card,454.25,REF0482VO,USR000173,3.94,0,8,2025-04-07
USR000717,Damini Khurana,damini.khurana@gmail.com,1300041321,2023-06-02,BLR,Android,Debit Card,399.22,REF3081FJ,USR000138,4.16,1,5,2024-07-11
USR000718,Advaith Mital,advaithmital@gmail.com,4699799070,2025-03-16,BLR,Android,Debit Card,75.29,REF1471BW,,3.76,1,7,2026-06-05
USR000719,Leela Yohannan,leela.yohannan2@gmail.com,5706071748,2023-02-13,MUM,iOS,UPI,286.17,REF7550QS,,4.69,1,5,2026-05-27
USR000720,Wyatt Singh,wyatt_singh63@infosys.com,7396102908,2025-06-05,DEL,Android,Credit Card,21.11,REF1131DY,,5.0,1,15,2025-06-08
USR000721,Chanakya Kulkarni,chanakya_kulkarni@gmail.com,7420495612,2023-01-30,PUNE,iOS,Credit Card,476.58,REF7182DR,,3.49,1,6,2025-04-25
USR000722,Patrick Puri,patrick.puri1994@wipro.com,5973711222,2024-12-01,KOL,Android,UPI,36.24,REF1377PA,,4.03,1,11,2026-05-28
USR000723,Ansh Vohra,ansh.vohra1990@icloud.com,7046861114,2023-09-01,JAI,iOS,Credit Card,173.19,REF9907FX,USR000654,4.53,0,4,2025-06-21
USR000724,Arjun Edwin,arjun.edwin94@infosys.com,7858471296,2023-09-20,KOL,Android,Debit Card,17.39,REF5768PI,,4.68,1,7,2026-05-22
USR000725,Kiaan Raman,kiaanraman60@gmail.com,0184980425,2021-10-21,JAI,Android,Credit Card,453.87,REF1803MJ,,4.64,1,6,2022-04-17
USR000726,Varenya Kala,varenyakala4@rediffmail.com,8122821781,2024-01-13,HYD,Android,Credit Card,377.41,REF3733QE,USR000676,3.26,0,7,2025-12-29
USR000727,Adweta Ray,adwetaray1987@infosys.com,6035679327,2022-03-28,CHN,iOS,UPI,58.25,REF9236OX,,5.0,1,8,2025-03-26
USR000728,Widisha Borde,widisha.borde@gmail.com,1812054647,2022-12-04,KOL,iOS,Cash,412.26,REF9862PM,,4.4,1,8,2025-05-16
USR000729,Yasti Sura,yasti.sura1981@tcs.com,9927517588,2024-04-27,HYD,Android,Cash,41.04,REF5489UT,,4.74,1,8,2025-03-13
USR000730,Dhriti Naik,dhriti.naik@tcs.com,4358644963,2023-03-06,KOL,iOS,Debit Card,60.07,REF9144RS,,5.0,1,7,2023-11-19
USR000731,Ekani Jayaraman,ekanijayaraman2005@gmail.com,1433952753,2022-10-10,BLR,iOS,Credit Card,89.82,REF9243RR,,4.28,1,10,2025-04-30
USR000732,Madhav Kumar,madhav_kumar38@gmail.com,8601347789,2022-09-25,JAI,Android,Debit Card,76.66,REF6749DI,,3.99,1,7,2025-12-13
USR000733,Prisha Suri,prisha_suri94@wipro.com,5122150014,2022-11-14,BLR,Android,Credit Card,90.49,REF4896MR,,5.0,1,10,2023-03-01
USR000734,Pallavi Jayaraman,pallavi_jayaraman1996@outlook.com,1594463339,2021-11-23,DEL,iOS,Debit Card,105.78,REF1884IY,,3.78,1,8,2024-07-19
USR000735,Arin Nadig,arin_nadig1985@gmail.com,8902199471,2026-03-06,HYD,iOS,UPI,297.24,REF9948WP,USR000595,3.35,1,6,2026-03-19
USR000736,Oscar Kannan,oscar.kannan@rediffmail.com,4699673311,2023-09-16,CHN,Android,Credit Card,155.25,REF1363PD,USR000201,4.35,1,16,2023-10-04
USR000737,Arin Magar,arinmagar1990@rediffmail.com,5507896793,2023-05-25,BLR,Android,UPI,148.49,REF6772VY,,5.0,1,11,2026-01-19
USR000738,Om Raval,om.raval84@hdfcbank.com,6434369709,2024-07-08,KOL,Android,UPI,48.17,REF5219SR,USR000407,3.43,1,6,2025-11-20
USR000739,Jagvi Raj,jagvi.raj1995@wipro.com,6164534547,2024-10-05,MUM,iOS,Wallet,150.62,REF3170YK,USR000669,4.63,1,11,2026-01-03
USR000740,Balhaar Raj,balhaar_raj83@outlook.com,2198041847,2022-04-06,DEL,iOS,Debit Card,114.83,REF2239PH,,4.12,1,4,2022-10-16
USR000741,Nimrat Muni,nimratmuni1982@infosys.com,1909248762,2021-07-23,PUNE,Android,Cash,58.21,REF2426RL,USR000718,4.19,1,3,2021-09-01
USR000742,Harrison Luthra,harrison_luthra@infosys.com,8522823052,2025-08-04,MUM,Android,UPI,222.25,REF3039TE,USR000614,5.0,0,11,2025-11-04
USR000743,Krishna Ganesh,krishna.ganesh@yahoo.com,3959473721,2021-11-27,MUM,iOS,UPI,102.51,REF4808GD,USR000128,4.27,1,10,2024-09-28
USR000744,Aadi Mani,aadi_mani1997@yahoo.com,8868785996,2026-04-22,JAI,iOS,Cash,108.4,REF3290EY,,4.73,1,6,2026-07-04
USR000745,Balhaar Jhaveri,balhaar.jhaveri76@gmail.com,1966645057,2024-09-19,DEL,Android,UPI,132.41,REF4862GF,USR000307,3.83,1,10,2025-04-27
USR000746,Shivani Dey,shivani_dey1993@gmail.com,0374767753,2023-05-15,MUM,iOS,Debit Card,37.94,REF3036XO,,4.65,1,7,2024-04-13
USR000747,Chakrika Prasad,chakrika_prasad20@rediffmail.com,6194588707,2021-05-25,CHN,Android,Debit Card,269.13,REF7260PJ,,5.0,1,4,2025-01-10
USR000748,Advay Chaudhuri,advaychaudhuri12@outlook.com,0838507659,2024-05-21,HYD,Android,Debit Card,157.82,REF1553TG,USR000113,3.33,1,6,2026-04-21
USR000749,Zansi Dasgupta,zansi.dasgupta1996@outlook.com,0898126574,2025-06-23,HYD,iOS,UPI,210.3,REF7595SX,USR000228,4.24,1,10,2026-01-02
USR000750,Meera Kannan,meerakannan@hotmail.com,2369362689,2025-07-11,AMD,Android,Cash,159.9,REF2231NY,,4.45,1,7,2026-04-29
USR000751,Vasudha Bhatti,vasudha.bhatti1996@gmail.com,1175957498,2023-03-09,BLR,iOS,Cash,70.33,REF4301KC,,4.56,1,8,2025-06-10
USR000752,Yatan Kara,yatan.kara87@hdfcbank.com,5847609441,2021-10-20,KOL,iOS,UPI,61.76,REF8558JQ,,4.64,1,11,2025-05-21
USR000753,Guneet Tiwari,guneet.tiwari@outlook.com,9541329715,2023-06-18,PUNE,iOS,Cash,39.74,REF2833PD,USR000439,4.05,1,13,2026-05-19
USR000754,Azaan Nath,azaannath37@gmail.com,7769366343,2022-10-03,MUM,Android,UPI,241.16,REF0666JA,,4.13,1,9,2023-04-12
USR000755,Fitan Chaudhuri,fitanchaudhuri@hdfcbank.com,8671200720,2023-05-19,JAI,Android,Wallet,137.94,REF9252MU,,3.38,1,7,2026-05-13
USR000756,Banjeet Gandhi,banjeetgandhi@gmail.com,9109032671,2023-12-31,PUNE,Android,Cash,236.65,REF2455QK,,3.77,1,5,2024-02-12
USR000757,Lakshit Bhattacharyya,lakshit_bhattacharyya1987@gmail.com,8179340652,2025-09-16,BLR,iOS,UPI,274.2,REF4949HE,,4.35,1,8,2026-03-29
USR000758,Omya Keer,omyakeer66@infosys.com,7220109121,2023-09-17,CHN,iOS,Credit Card,131.29,REF7758TS,USR000647,4.18,1,5,2025-12-01
USR000759,Ekaja Khare,,8943705263,2021-04-28,PUNE,Android,Cash,33.71,REF7221SX,,4.05,1,7,2022-12-30
USR000760,Rachit Tank,rachit.tank53@gmail.com,2565920246,2022-01-17,KOL,iOS,UPI,30.13,REF5100ZQ,USR000504,4.62,0,14,2023-02-25
USR000761,Yochana Tandon,yochanatandon35@wipro.com,0055955017,2024-09-06,CHN,Android,Wallet,51.3,REF1752CI,,3.77,1,1,2025-07-09
USR000762,Mahika Wadhwa,mahika.wadhwa1993@hotmail.com,9848704506,2021-11-28,BLR,iOS,Wallet,65.23,REF8332VR,USR000727,4.57,0,7,2023-01-08
USR000763,Divya Kapoor,divya.kapoor42@tcs.com,3946408303,2021-11-25,HYD,iOS,Debit Card,491.86,REF9176DM,USR000501,3.87,1,8,2024-12-25
USR000764,Anusha Wason,anushawason2004@yahoo.com,9079388413,2025-02-28,KOL,Android,UPI,123.73,REF7360BD,,5.0,0,14,2026-04-09
USR000765,Akshay Sanghvi,akshay.sanghvi@infosys.com,0124244626,2025-08-27,PUNE,iOS,Cash,101.4,REF6852IP,,3.99,1,5,2026-04-06
USR000766,Ekapad Bose,ekapadbose55@hdfcbank.com,1421751887,2023-11-14,BLR,Android,Debit Card,135.67,REF3251WS,,3.16,1,9,2026-04-16
USR000767,Ishani Chanda,ishani.chanda@outlook.com,8409112252,2021-07-31,JAI,Android,Credit Card,227.26,REF8179RY,,4.35,1,6,2024-11-22
USR000768,Ayushman Oak,ayushmanoak2002@yahoo.com,6323979137,2026-03-18,BLR,iOS,UPI,157.05,REF8837WO,,4.07,1,9,2026-03-29
USR000769,Benjamin Bansal,benjamin_bansal45@yahoo.com,5055605712,2023-05-23,AMD,Android,Cash,261.92,REF8765PX,,4.25,1,10,2023-09-05
USR000770,Urvashi Talwar,urvashitalwar@outlook.com,5348640104,2021-04-08,BLR,Android,UPI,41.42,REF1988XH,USR000763,4.49,1,5,2023-01-26
USR000771,Falan Wali,falan_wali95@hdfcbank.com,4600452128,2023-01-15,PUNE,iOS,UPI,206.76,REF2462RV,USR000014,4.28,1,10,2026-02-18
USR000772,Gauri Nadkarni,gauri.nadkarni2000@infosys.com,9130448818,2023-12-20,LKO,iOS,Credit Card,171.88,REF9915HG,,5.0,1,7,2024-07-22
USR000773,Netra Baria,netra_baria@tcs.com,4021190170,2024-04-16,HYD,Android,Wallet,119.36,REF9848QT,,4.04,1,6,2024-07-01
USR000774,Yug Bumb,yugbumb45@wipro.com,1073228360,2021-03-31,BLR,Android,Wallet,87.06,REF7568GQ,,4.54,1,8,2022-08-30
USR000775,Daniel Sani,daniel_sani90@gmail.com,8452696944,2026-02-09,KOL,Android,Wallet,43.18,REF8493FJ,,3.93,1,3,2026-06-17
USR000776,Aarav Contractor,aarav_contractor97@tcs.com,2929132033,2021-05-05,HYD,iOS,Wallet,297.73,REF3916QP,,4.63,1,12,2026-03-22
USR000777,Aarnav Kade,aarnavkade1996@hdfcbank.com,5372215566,2023-04-01,LKO,iOS,Credit Card,69.54,REF0162NR,USR000164,4.25,1,7,2026-06-15
USR000778,Lopa Pandit,lopa_pandit@outlook.com,4604067200,2022-09-14,HYD,iOS,Debit Card,77.51,REF8473OJ,,4.46,1,5,2023-08-30
USR000779,Lohit Mander,lohit_mander1982@tcs.com,7819754373,2022-07-08,DEL,Android,Credit Card,159.16,REF7843AH,,2.46,1,8,2022-07-10
USR000780,Raksha Deol,raksha.deol@outlook.com,3882145841,2021-10-01,KOL,iOS,Debit Card,66.4,REF4764KE,,3.93,1,8,2025-04-04
USR000781,Wyatt Mandal,wyattmandal@hotmail.com,9827802058,2024-01-06,LKO,Android,Wallet,277.68,REF4846BE,,3.87,1,10,2024-09-25
USR000782,Ikbal Mohan,ikbal.mohan64@gmail.com,3699951679,2024-04-06,KOL,Android,Wallet,13.49,REF6950EM,USR000744,4.34,1,6,2025-06-24
USR000783,Wridesh Walia,wridesh_walia@gmail.com,8011923603,2021-12-27,HYD,iOS,Credit Card,282.9,REF3350VW,,4.11,1,11,2022-02-08
USR000784,Krishna Kant,krishnakant13@gmail.com,0409614973,2023-05-24,HYD,iOS,Wallet,82.49,REF7681GR,USR000540,4.86,1,3,2024-02-29
USR000785,Wridesh Basu,wridesh.basu@tcs.com,0736511893,2021-01-28,DEL,Android,Credit Card,170.93,REF1539HF,,4.16,1,7,2022-07-30
USR000786,Sneha Gala,sneha_gala@yahoo.com,4322302333,2022-11-25,MUM,Android,Credit Card,418.52,REF9406SW,,4.14,1,6,2026-01-20
USR000787,Krish Balay,krish_balay@gmail.com,6212760250,2024-11-18,CHN,Android,UPI,113.53,REF2470QC,,5.0,1,6,2025-03-03
USR000788,Siddharth Bora,siddharth.bora@yahoo.com,3248889957,2023-03-01,BLR,iOS,Debit Card,47.29,REF8261FW,USR000701,4.74,1,5,2025-04-26
USR000789,Orinder Saxena,orinder.saxena@gmail.com,3036468719,2026-05-12,CHN,iOS,UPI,371.29,REF2989NC,,4.28,1,10,2026-05-27
USR000790,Varenya Rana,varenya.rana1995@hotmail.com,8323089813,2022-11-17,LKO,Android,Wallet,317.55,REF1203VS,USR000684,4.63,1,9,2024-07-26
USR000791,Aashi Lal,aashilal@infosys.com,0673231829,2025-07-19,MUM,Android,Credit Card,28.91,REF8815HI,,4.96,1,7,2025-10-02
USR000792,Triveni Gala,triveni_gala64@hdfcbank.com,0000152911,2025-01-28,CHN,Android,UPI,145.86,REF7168FV,,3.46,1,10,2025-06-07
USR000793,Dakshesh Bal,daksheshbal69@gmail.com,1844421829,2024-05-17,PUNE,Android,Credit Card,340.15,REF3717YI,,4.45,1,12,2025-11-30
USR000794,Matthew Gill,,5670867009,2023-05-14,JAI,Android,UPI,320.33,REF9874FH,USR000003,4.66,1,11,2024-07-03
USR000795,Gaurang Pathak,gaurang.pathak@tcs.com,6913624835,2026-05-16,BLR,Android,UPI,237.36,REF0043YW,,3.84,1,12,2026-07-01
USR000796,Benjamin Baral,benjaminbaral91@hdfcbank.com,3699879509,2026-02-13,KOL,Android,Credit Card,277.69,REF5054KY,,4.41,1,9,2026-02-27
USR000797,Jason Ramanathan,jasonramanathan@hotmail.com,8044287738,2026-05-31,KOL,iOS,UPI,37.28,REF8221DR,,4.14,1,6,2026-07-12
USR000798,Amrita Kibe,amritakibe2003@hdfcbank.com,9428946420,2022-05-17,MUM,Android,Cash,117.43,REF3638PE,,4.02,1,9,2024-09-15
USR000799,Tanish Chawla,tanishchawla@tcs.com,0646255402,2023-08-21,KOL,iOS,Wallet,273.58,REF3625UU,,3.81,1,8,2023-09-17
USR000800,Chaaya Handa,chaayahanda@outlook.com,4644898803,2023-03-23,KOL,iOS,Cash,53.52,REF6355IR,,4.12,1,3,2024-09-01
USR000801,Anya Narula,anyanarula@hdfcbank.com,5040433335,2023-12-05,KOL,Android,Credit Card,211.23,REF1538SG,,4.16,1,5,2024-01-31
USR000802,Megha Kapadia,megha.kapadia1991@hotmail.com,9787180933,2022-10-04,KOL,iOS,Credit Card,24.18,REF3849UT,USR000381,4.05,1,10,2026-05-20
USR000803,Ekantika Kara,ekantika.kara@infosys.com,1987561786,2022-08-01,BLR,Android,UPI,126.4,REF9137NI,USR000012,3.81,1,5,2024-04-25
USR000804,Ayushman Chhabra,ayushman_chhabra@hotmail.com,2980365774,2024-02-29,AMD,Android,UPI,54.39,REF8800LN,,3.87,0,8,2025-01-10
USR000805,Manya Pillai,manya.pillai4@icloud.com,4911894184,2025-01-26,PUNE,Android,UPI,243.36,REF4916AN,,4.71,0,10,2026-06-25
USR000806,Liam Reddy,liamreddy1986@wipro.com,9982137455,2025-10-11,DEL,iOS,Credit Card,38.19,REF3368EV,USR000475,4.18,1,11,2025-11-20
USR000807,Kalpit Venkatesh,kalpit_venkatesh2002@rediffmail.com,5376660811,2025-01-11,BLR,iOS,Wallet,113.02,REF6114CS,,4.96,1,10,2025-12-24
USR000808,Jalsa Ramakrishnan,,6271531234,2024-06-04,LKO,Android,Credit Card,86.18,REF2600MD,,5.0,0,9,2025-10-26
USR000809,Rajata Chopra,rajata_chopra74@gmail.com,2938440134,2022-09-26,JAI,Android,Wallet,106.93,REF5506GJ,USR000322,4.07,1,2,2023-09-08
USR000810,Chanchal Khanna,chanchal.khanna@hotmail.com,6033591015,2024-12-26,AMD,iOS,Wallet,74.07,REF8087XM,,4.53,1,9,2026-03-23
USR000811,Bimala Mangal,bimalamangal1988@gmail.com,9269996996,2023-04-02,KOL,Android,Wallet,195.28,REF7090GX,,3.43,1,7,2025-01-03
USR000812,Gaurav Vig,gaurav.vig29@wipro.com,9693259140,2024-08-11,DEL,Android,Cash,116.1,REF4899VU,USR000108,4.98,1,8,2025-06-04
USR000813,Ranveer Chokshi,ranveer_chokshi26@gmail.com,6698069087,2023-08-13,AMD,iOS,UPI,32.89,REF8499YM,USR000750,4.52,1,13,2024-03-21
USR000814,Riya Ghosh,riya.ghosh82@infosys.com,8935953828,2024-05-22,AMD,Android,Wallet,139.62,REF2617WA,USR000466,4.46,1,7,2024-06-30
USR000815,Lucky Saraf,lucky.saraf98@outlook.com,6958264186,2024-05-16,KOL,Android,Debit Card,83.52,REF0405AQ,,4.07,1,12,2025-09-12
USR000816,Alexander Subramaniam,alexander_subramaniam1986@outlook.com,8595143468,2021-12-27,MUM,Android,UPI,142.36,REF9656OE,USR000084,3.44,1,5,2023-08-29
USR000817,Ayushman Gala,ayushman_gala1995@hdfcbank.com,8696610168,2021-04-21,MUM,iOS,Debit Card,66.7,REF2394GR,,4.41,1,4,2022-12-20
USR000818,Chanakya Bhatti,chanakya.bhatti2003@infosys.com,4149150762,2026-06-01,KOL,iOS,Cash,130.38,REF3113NV,,4.97,1,7,2026-06-01
USR000819,Chandresh Pillay,chandreshpillay1988@hdfcbank.com,,2022-10-26,PUNE,Android,Credit Card,170.04,REF8397PA,,3.88,1,10,2023-08-24
USR000820,Baghyawati Raman,baghyawati.raman@hotmail.com,6629250817,2023-07-12,BLR,iOS,Cash,105.74,REF3440FC,USR000224,4.52,1,8,2024-07-30
USR000821,Adya Bajaj,adya.bajaj1995@icloud.com,1333731255,2022-01-27,LKO,Android,Debit Card,83.06,REF7602KS,,4.09,1,7,2022-03-01
USR000822,Ucchal Anne,ucchal_anne1985@infosys.com,9206136385,2022-12-22,PUNE,iOS,Cash,356.39,REF2356GD,,3.58,0,10,2024-11-08
USR000823,Jairaj Gupta,jairaj.gupta@infosys.com,4449029502,2023-06-12,KOL,iOS,Wallet,256.83,REF2778KW,,3.85,1,9,2024-01-01
USR000824,Bhavani Bera,bhavani_bera28@tcs.com,1678127782,2021-08-01,AMD,Android,Wallet,89.93,REF6480GB,,4.73,0,6,2026-02-06
USR000825,Qabil Chaudry,qabilchaudry@hotmail.com,2985797363,2022-02-05,AMD,Android,Debit Card,149.41,REF2102OF,,5.0,1,8,2024-09-12
USR000826,Nilima Balakrishnan,nilima.balakrishnan@gmail.com,0798661770,2023-11-06,CHN,iOS,Debit Card,178.97,REF8318LI,,3.57,1,11,2026-05-18
USR000827,Alexander Patla,alexander.patla79@gmail.com,1223552165,2025-06-07,PUNE,iOS,Debit Card,159.12,REF6736HX,USR000586,3.77,1,6,2026-01-13
USR000828,Nidhi Doctor,nidhi.doctor@hdfcbank.com,9259679089,2024-03-29,KOL,Android,Wallet,241.2,REF0587GR,,4.88,1,6,2024-09-22
USR000829,Amol Dutt,amol.dutt@wipro.com,9386948424,2023-10-30,MUM,iOS,Debit Card,293.05,REF8436NM,,4.48,1,7,2024-04-09
USR000830,Frado Mander,fradomander81@gmail.com,7071523867,2021-11-10,DEL,Android,Cash,128.2,REF9598JO,,3.86,1,11,2026-01-08
USR000831,Atharv Seth,atharv_seth1988@gmail.com,1779876829,2026-01-13,HYD,iOS,Credit Card,117.51,REF6738XQ,,4.21,1,3,2026-03-16
USR000832,Ekaja Varty,ekaja.varty19@gmail.com,5806235040,2026-03-30,BLR,Android,Cash,101.77,REF9687TJ,,4.74,1,12,2026-04-13
USR000833,Balvan Balasubramanian,balvanbalasubramanian1986@rediffmail.com,2554428679,2023-10-10,PUNE,Android,Wallet,164.53,REF5669VR,USR000815,5.0,1,6,2023-11-01
USR000834,Yatin Deol,yatin.deol16@icloud.com,8915624152,2022-10-05,AMD,Android,Credit Card,78.27,REF6325NS,USR000183,3.93,1,8,2026-06-16
USR000835,Onveer Raval,onveer.raval1980@tcs.com,9513818655,2024-05-13,JAI,Android,Credit Card,87.73,REF8572VY,,3.54,1,10,2025-01-28
USR000836,Amol Nagi,amol.nagi35@yahoo.com,0349189117,2022-03-19,PUNE,Android,Credit Card,407.14,REF0784YJ,USR000142,4.66,0,10,2023-06-12
USR000837,Warinder Luthra,warinder.luthra@wipro.com,6415471553,2022-12-15,JAI,iOS,Wallet,90.38,REF9720MH,,4.86,1,13,2025-09-25
USR000838,Vamakshi Vohra,vamakshivohra63@rediffmail.com,5009421410,2025-01-09,CHN,iOS,UPI,103.49,REF1325NN,,4.17,1,12,2025-11-24
USR000839,Urvashi Bhasin,urvashibhasin@gmail.com,5238885622,2022-07-11,PUNE,Android,Cash,69.05,REF5276NH,,4.05,1,8,2023-08-24
USR000840,Shivani Yohannan,shivani_yohannan@hotmail.com,2758548596,2022-06-03,LKO,iOS,Debit Card,166.8,REF5866DU,,4.23,1,7,2026-01-14
USR000841,Daksha Dani,daksha.dani@hdfcbank.com,2000245393,2022-01-16,PUNE,Android,UPI,197.86,REF5594LG,USR000381,4.52,1,6,2024-02-16
USR000842,Ekapad Joshi,ekapad.joshi14@hdfcbank.com,0836821444,2023-08-12,LKO,iOS,Credit Card,109.45,REF1321ZU,,4.67,1,18,2025-10-09
USR000843,Maanas Tata,maanas_tata64@rediffmail.com,4620258254,2025-12-15,MUM,iOS,Wallet,72.96,REF8896YL,,3.63,1,11,2026-03-06
USR000844,Kiaan Gupta,kiaangupta1@gmail.com,2049106018,2023-07-17,BLR,iOS,Cash,171.81,REF3183ZL,,4.5,1,6,2023-08-29
USR000845,Hemani Bajwa,hemani_bajwa93@hotmail.com,1722577545,2023-04-05,DEL,Android,Debit Card,271.46,REF3647KN,,4.67,1,4,2023-08-25
USR000846,Eshana Dhar,eshana_dhar83@infosys.com,8316082717,2023-03-31,MUM,iOS,Wallet,47.27,REF8472YJ,,3.9,1,6,2025-06-13
USR000847,Quincy Balakrishnan,quincy.balakrishnan25@tcs.com,9993621659,2022-04-04,DEL,Android,Credit Card,270.02,REF2173MC,USR000331,3.98,1,8,2026-02-10
USR000848,Ojas Nair,ojas_nair@gmail.com,3584461777,2026-03-29,DEL,iOS,UPI,562.06,REF1438JJ,USR000312,4.24,1,11,2026-04-07
USR000849,Advika Kulkarni,advika_kulkarni1983@tcs.com,7997029271,2021-09-03,BLR,iOS,Credit Card,238.97,REF3264PB,,4.7,1,5,2026-06-10
USR000850,Widisha Chowdhury,widisha_chowdhury92@tcs.com,9883220125,2023-09-06,AMD,iOS,Debit Card,56.47,REF2053QM,,4.27,1,13,2026-05-21
USR000851,Alka Suresh,alka_suresh50@gmail.com,9753585238,2022-05-12,HYD,Android,UPI,117.47,REF6083LC,,4.18,1,15,2022-09-12
USR000852,Warinder Rama,warinder.rama29@icloud.com,1715239102,2025-07-26,LKO,iOS,Debit Card,131.82,REF6003BR,,4.43,1,8,2026-06-26
USR000853,Chavvi Issac,chavviissac@icloud.com,0930967139,2023-11-18,HYD,iOS,Credit Card,207.07,REF9295QB,USR000434,4.09,1,8,2024-05-04
USR000854,Matthew Doshi,matthewdoshi58@gmail.com,7672019111,2025-03-06,MUM,Android,UPI,203.91,REF7191JZ,,3.72,1,10,2025-06-09
USR000855,Azad Sekhon,azad_sekhon@wipro.com,3393049366,2021-06-22,PUNE,iOS,Credit Card,90.97,REF6612LC,USR000515,3.77,1,12,2023-11-21
USR000856,Charvi Verma,charviverma1983@gmail.com,1140868250,2026-03-16,KOL,Android,Debit Card,126.5,REF5380QL,USR000181,4.58,1,13,2026-05-31
USR000857,Kabir Badal,kabir_badal1999@hdfcbank.com,1039952970,2026-05-18,MUM,Android,UPI,158.97,REF9522MS,USR000037,4.88,1,9,2026-06-21
USR000858,Panini Parmer,panini_parmer91@hdfcbank.com,,2023-03-16,MUM,Android,Debit Card,236.77,REF1371JR,,3.79,1,4,2024-02-29
USR000859,Simon Bala,simon.bala22@icloud.com,2706159273,2022-01-15,JAI,iOS,Debit Card,185.15,REF8585YT,,4.46,1,8,2025-11-23
USR000860,Saanvi Chada,saanvi.chada77@infosys.com,,2021-01-27,AMD,iOS,Debit Card,236.38,REF8740KM,USR000271,3.84,0,10,2026-01-05
USR000861,Jonathan Manda,jonathan.manda@gmail.com,2034030109,2025-11-24,HYD,iOS,UPI,412.36,REF6690AO,USR000018,4.92,1,7,2026-04-18
USR000862,Jyoti Sampath,jyoti_sampath33@gmail.com,7955462347,2021-07-24,CHN,iOS,Wallet,61.18,REF5679XO,,3.99,1,9,2023-07-12
USR000863,Chaitanya Bhargava,chaitanya.bhargava85@icloud.com,3068317641,2022-09-09,PUNE,iOS,UPI,34.82,REF1247BA,USR000532,4.99,0,8,2026-04-11
USR000864,Zansi Chatterjee,zansi.chatterjee2000@tcs.com,9015071380,2024-03-28,KOL,iOS,Credit Card,72.94,REF7268CI,,4.66,1,8,2024-10-12
USR000865,Gaurangi Buch,gaurangi_buch@gmail.com,4743621300,2023-07-10,JAI,Android,Debit Card,56.09,REF6713DD,,4.51,1,7,2025-06-23
USR000866,Sanya Sandhu,sanya_sandhu15@wipro.com,0318053396,2024-12-08,PUNE,Android,Wallet,196.63,REF9625IH,,4.9,1,8,2026-07-11
USR000867,Farhan Pandit,farhan_pandit@yahoo.com,7000466614,2024-10-26,BLR,iOS,Cash,273.53,REF2746ZB,,3.88,1,8,2025-04-10
USR000868,Sanya Sunder,sanya.sunder33@outlook.com,0493881949,2024-04-29,MUM,Android,Wallet,58.66,REF5901YH,,4.94,1,6,2025-07-13
USR000869,Brijesh Kumer,brijeshkumer@gmail.com,7698731379,2023-10-26,JAI,Android,UPI,102.6,REF0531UY,,4.41,1,8,2024-03-20
USR000870,Harsh Roy,harshroy1985@rediffmail.com,7407794332,2022-12-28,HYD,iOS,Wallet,311.54,REF7166MJ,,4.65,1,10,2023-07-16
USR000871,Ishaan Sehgal,ishaan_sehgal73@tcs.com,6203708782,2022-10-23,LKO,Android,Credit Card,139.71,REF5623VS,USR000427,5.0,1,9,2025-12-01
USR000872,Aashi Chandran,aashichandran46@rediffmail.com,9898972117,2025-05-22,KOL,Android,Credit Card,167.41,REF1160KQ,,4.69,1,9,2026-05-12
USR000873,Ekavir Rastogi,ekavir.rastogi@infosys.com,2175883978,2026-05-24,KOL,iOS,UPI,8.04,REF0889SQ,,4.31,1,9,2026-05-25
USR000874,Aashi Zachariah,aashi_zachariah98@gmail.com,7123691496,2021-09-18,LKO,iOS,UPI,62.31,REF5708LD,,4.31,1,5,2023-12-01
USR000875,Noah Sampath,noah.sampath2003@wipro.com,7040953141,2022-07-08,MUM,iOS,Cash,26.28,REF1128FR,USR000298,4.61,1,6,2025-09-08
USR000876,Yuvraj Goel,yuvrajgoel1989@outlook.com,3565179624,2025-01-08,DEL,Android,Cash,347.09,REF9615BC,USR000759,3.48,1,6,2026-05-30
USR000877,Yuvraj Lanka,yuvraj.lanka@yahoo.com,8421702851,2026-04-03,DEL,iOS,Cash,93.16,REF0964NY,,4.82,0,3,2026-04-17
USR000878,Niharika Maharaj,niharika.maharaj1988@wipro.com,3486883906,2021-02-20,JAI,iOS,Wallet,149.56,REF6225LW,USR000125,3.31,1,8,2022-10-27
USR000879,Ekansh Sandal,ekansh.sandal1996@hdfcbank.com,4131935923,2024-09-09,LKO,Android,Wallet,47.2,REF2467JW,USR000023,4.59,1,7,2025-03-17
USR000880,Aadi Om,aadi_om@icloud.com,5881650254,2023-09-03,AMD,iOS,Debit Card,67.25,REF6133EU,,4.65,1,10,2026-06-08
USR000881,Pushti Nadkarni,pushti.nadkarni2000@infosys.com,0966177182,2023-05-21,BLR,Android,Debit Card,359.07,REF4724HN,,4.87,1,7,2026-07-19
USR000882,Aarnav Rattan,aarnav_rattan@hotmail.com,4174681359,2026-02-03,PUNE,Android,Wallet,71.93,REF4989WI,,4.65,1,12,2026-05-31
USR000883,Meghana Sarraf,meghana_sarraf@outlook.com,4155945011,2023-12-12,KOL,Android,Credit Card,427.96,REF2664IB,,4.75,1,14,2024-12-06
USR000884,Jalsa Koshy,jalsakoshy1985@hdfcbank.com,1716039886,2024-09-10,CHN,iOS,UPI,290.2,REF9292DR,,4.94,1,11,2026-07-02
USR000885,Harish Varma,harishvarma@gmail.com,0670009942,2025-05-08,JAI,iOS,Credit Card,245.12,REF3653AT,,4.46,1,12,2026-03-05
USR000886,Krisha Prashad,krishaprashad@hdfcbank.com,6760564204,2021-11-22,HYD,Android,UPI,129.8,REF4894LD,,4.75,1,5,2025-09-13
USR000887,Ayush Seshadri,ayush_seshadri1991@wipro.com,8906235466,2025-03-28,KOL,Android,UPI,241.54,REF5657WC,,4.62,0,10,2025-05-25
USR000888,Ikbal Ranganathan,ikbalranganathan26@icloud.com,3006221224,2026-03-07,BLR,iOS,UPI,34.41,REF2265SS,,3.45,1,6,2026-06-11
USR000889,Deepa Rattan,deeparattan2000@gmail.com,6011241158,2022-08-09,HYD,Android,Credit Card,259.38,REF2767SQ,,4.71,1,4,2025-07-26
USR000890,Hritik Som,hritik.som2003@wipro.com,2312995704,2025-07-17,BLR,Android,Debit Card,145.9,REF4886DA,,3.25,1,6,2026-05-03
USR000891,Faqid Din,faqid.din1993@rediffmail.com,8437536596,2022-01-25,HYD,iOS,Cash,76.9,REF7264KO,,4.1,1,12,2025-07-14
USR000892,Jyoti Lanka,jyoti_lanka3@outlook.com,8385454006,2024-03-11,MUM,Android,Cash,99.58,REF8078WO,USR000121,3.28,1,12,2025-08-03
USR000893,Madhav Hegde,madhavhegde1992@gmail.com,2748979177,2023-01-03,MUM,Android,Debit Card,308.81,REF4454PD,USR000590,4.99,1,9,2024-05-11
USR000894,Vrishti Gara,vrishti_gara@yahoo.com,6217508019,2026-01-01,MUM,iOS,Debit Card,343.01,REF6334PP,,3.61,1,11,2026-01-09
USR000895,Bachittar Raju,bachittar_raju2003@gmail.com,2493534001,2025-02-11,PUNE,Android,Credit Card,166.64,REF6304VT,,4.62,1,7,2025-03-19
USR000896,Yoshita Bhavsar,yoshita_bhavsar@gmail.com,4454460838,2023-09-08,BLR,iOS,UPI,139.97,REF8167EG,USR000509,4.16,1,11,2026-07-13
USR000897,Hredhaan Aurora,hredhaan.aurora56@tcs.com,2878848699,2021-02-23,HYD,iOS,UPI,72.26,REF5179NN,,4.33,1,11,2021-06-09
USR000898,Darsh Mohan,darsh.mohan1993@tcs.com,7147246301,2023-06-16,MUM,iOS,Debit Card,189.9,REF9698GX,USR000448,4.43,1,9,2023-10-12
USR000899,Samar Kara,samar_kara@outlook.com,3912187062,2025-07-01,DEL,Android,UPI,57.8,REF9864LR,USR000130,4.45,1,12,2026-02-10
USR000900,Oliver Dhingra,oliver_dhingra1994@outlook.com,2320018676,2023-03-26,AMD,Android,UPI,53.76,REF9328GD,USR000557,4.14,1,7,2024-05-20
USR000901,Libni Dara,libni.dara7@hdfcbank.com,3561403845,2025-05-17,JAI,iOS,Credit Card,118.39,REF6100GO,,3.97,1,11,2025-09-30
USR000902,Anya Sama,anya.sama@gmail.com,6951003076,2023-09-23,CHN,Android,Credit Card,283.22,REF3198WD,,3.65,1,7,2025-01-07
USR000903,Raksha Borde,raksha_borde11@infosys.com,6664110654,2024-12-01,AMD,iOS,UPI,35.3,REF2054VV,USR000857,3.83,1,9,2025-01-04
USR000904,Ekiya Chaudhry,ekiya.chaudhry@tcs.com,9708905836,2021-02-08,KOL,iOS,Wallet,50.23,REF1134AZ,USR000211,3.81,1,8,2023-03-26
USR000905,Nidhi Dutta,,8386888917,2026-04-04,DEL,iOS,Debit Card,150.58,REF6834JJ,,4.19,1,8,2026-06-18
USR000906,Pushti Gole,pushtigole37@rediffmail.com,7609320126,2024-06-26,KOL,iOS,UPI,164.63,REF8791XB,,3.76,1,8,2026-01-13
USR000907,Alexander Mittal,alexander.mittal1988@outlook.com,5217558517,2024-03-09,JAI,iOS,Credit Card,120.94,REF5789JL,,4.52,1,5,2025-06-30
USR000908,Vinaya Minhas,vinayaminhas2005@infosys.com,,2022-05-27,JAI,iOS,Debit Card,69.87,REF7741QV,,4.01,1,12,2022-08-14
USR000909,Avni Chanda,avni_chanda5@wipro.com,2229758917,2022-09-21,LKO,iOS,Debit Card,18.86,REF6921GI,,3.39,1,6,2025-03-17
USR000910,Chaaya Pradhan,chaaya.pradhan57@outlook.com,8209225709,2022-03-23,KOL,Android,Cash,210.54,REF0454IG,,4.15,1,10,2023-10-10
USR000911,Nimrat Maharaj,nimrat.maharaj2001@icloud.com,2472828954,2023-10-11,BLR,Android,Credit Card,267.77,REF0016OT,USR000633,3.97,0,9,2025-08-12
USR000912,Naveen Lala,,6168507105,2021-03-27,JAI,Android,UPI,323.01,REF0017HP,,4.13,1,13,2022-09-08
USR000913,Pranav Sheth,pranav.sheth31@infosys.com,6105370923,2025-10-06,PUNE,Android,Cash,37.16,REF8011KX,USR000112,4.54,1,8,2025-11-14
USR000914,Alexander Agrawal,alexander_agrawal1993@hotmail.com,9485432987,2025-08-12,KOL,Android,Wallet,53.06,REF0071ZB,,4.47,0,11,2025-10-24
USR000915,Karan Kurian,karan.kurian@hotmail.com,1982734813,2026-06-17,CHN,Android,Credit Card,39.17,REF6989NA,,3.45,1,4,2026-07-05
USR000916,Neha Kapadia,neha_kapadia@gmail.com,3574835268,2025-05-19,JAI,iOS,Credit Card,70.93,REF1045CJ,,4.29,0,10,2026-03-13
USR000917,Sara Hari,sarahari68@hotmail.com,8384253646,2022-04-05,LKO,iOS,Cash,110.09,REF0648BC,,4.16,1,13,2025-03-20
USR000918,Sachi Malhotra,sachi.malhotra89@hdfcbank.com,9551562392,2025-09-09,LKO,iOS,Credit Card,128.23,REF2805VD,,3.43,1,5,2026-03-13
USR000919,Hredhaan Basak,hredhaanbasak30@yahoo.com,1311178619,2023-04-20,PUNE,Android,Debit Card,73.99,REF0908VX,,4.5,1,6,2023-09-23
USR000920,Chatura Goel,chatura_goel@rediffmail.com,5354120122,2025-08-21,BLR,Android,Wallet,67.38,REF0254TC,,4.76,1,8,2025-10-30
USR000921,Omisha Bedi,omisha_bedi1997@icloud.com,3259479507,2026-07-07,BLR,iOS,Credit Card,86.47,REF7595DA,,4.99,0,10,2026-07-14
USR000922,Kai Sheth,kai_sheth@rediffmail.com,0310064934,2021-09-16,DEL,iOS,UPI,95.8,REF4071WC,,4.91,1,8,2022-02-12
USR000923,Jonathan Balay,jonathanbalay1982@hotmail.com,9411849135,2022-05-10,CHN,Android,Debit Card,150.05,REF0391AR,,4.67,1,6,2024-03-29
USR000924,Kashvi Oak,kashvioak@gmail.com,1006799006,2026-02-09,KOL,iOS,Wallet,332.32,REF9928WW,USR000489,4.36,1,5,2026-03-15
USR000925,Reva Sood,reva.sood30@hotmail.com,8423394495,2023-01-28,AMD,iOS,Debit Card,71.32,REF9680EI,,4.83,1,7,2025-12-04
USR000926,Naksh Natt,naksh.natt@rediffmail.com,5017365426,2023-11-27,JAI,iOS,Debit Card,102.63,REF3006FD,,4.72,1,13,2024-10-18
USR000927,Darsh Grover,darsh_grover29@outlook.com,5110090605,2024-03-23,LKO,iOS,UPI,205.14,REF2417IQ,,4.3,0,11,2024-09-08
USR000928,Xavier Atwal,xavier.atwal1981@tcs.com,6732904575,2025-03-24,MUM,Android,Debit Card,115.86,REF3088AG,USR000212,4.63,1,6,2025-12-31
USR000929,Gagan Garg,gagan_garg1983@hdfcbank.com,0336202755,2021-01-14,AMD,Android,Debit Card,158.78,REF9887UK,USR000585,4.64,1,8,2023-06-06
USR000930,Jonathan Agarwal,jonathan.agarwal@hdfcbank.com,2380236219,2021-09-03,AMD,iOS,Wallet,276.85,REF8214DD,USR000886,4.06,1,9,2022-06-10
USR000931,Aayush Pau,aayushpau2002@hotmail.com,8638558819,2025-01-29,MUM,iOS,Credit Card,299.63,REF2158YH,,4.21,1,5,2025-11-07
USR000932,Lakshmi Varughese,lakshmivarughese2000@gmail.com,7893186928,2021-03-20,KOL,Android,Cash,126.62,REF5977KT,,4.26,1,4,2025-12-07
USR000933,Chatresh Char,chatresh_char1986@gmail.com,0028394823,2024-04-15,KOL,Android,Credit Card,378.37,REF9728RV,USR000156,4.16,1,15,2025-08-24
USR000934,Vidhi Mallick,vidhimallick34@wipro.com,1659930202,2025-10-22,HYD,Android,Wallet,69.92,REF2204FR,USR000572,4.57,1,4,2026-02-05
USR000935,Theodore Deep,theodore_deep86@wipro.com,2135302816,2024-07-30,PUNE,iOS,Cash,147.18,REF0304TS,,3.85,1,11,2025-01-30
USR000936,Dakshesh Padmanabhan,dakshesh.padmanabhan@gmail.com,5691983210,2023-01-02,JAI,iOS,Debit Card,95.03,REF5064ZM,USR000116,4.05,1,6,2024-08-12
USR000937,Upasna Misra,upasnamisra@gmail.com,9831043841,2022-10-16,MUM,iOS,Wallet,78.49,REF2916RR,,5.0,1,7,2025-07-02
USR000938,Samaksh Dani,samaksh_dani57@outlook.com,0568566706,2023-11-06,HYD,iOS,UPI,176.77,REF9662JK,,4.15,1,7,2024-10-01
USR000939,Janaki Pathak,janakipathak@wipro.com,4407663493,2022-07-04,AMD,Android,Debit Card,69.01,REF3621KG,,4.41,1,10,2022-10-05
USR000940,Oliver Setty,,2611424362,2026-06-06,LKO,iOS,Credit Card,90.02,REF3965AT,,3.83,1,8,2026-06-07
USR000941,Yutika Varghese,yutika.varghese1992@yahoo.com,9196234199,2025-05-18,PUNE,iOS,Cash,215.69,REF5854RJ,USR000051,4.07,1,12,2026-02-07
USR000942,Krish Manda,krish.manda@tcs.com,5833343031,2021-11-27,PUNE,iOS,Wallet,104.07,REF6433JV,USR000751,5.0,1,12,2023-04-20
USR000943,Amara Pingle,amara.pingle@rediffmail.com,7576945353,2023-09-21,DEL,Android,Debit Card,54.72,REF1587ZB,,3.92,1,2,2025-01-04
USR000944,Yadavi Raja,yadavi.raja1997@gmail.com,2125450809,2021-09-26,CHN,Android,UPI,72.63,REF6597RZ,USR000740,5.0,1,12,2025-09-05
USR000945,Mohini Dhar,mohini.dhar39@yahoo.com,6472130742,2024-04-19,KOL,Android,Cash,57.14,REF5948FV,,3.75,1,5,2026-07-01
USR000946,Jason Mangal,jason_mangal2002@tcs.com,3326145430,2026-06-09,LKO,iOS,Wallet,126.26,REF3591RL,USR000096,4.08,1,7,2026-06-23
USR000947,Upkaar Chawla,upkaar.chawla@icloud.com,7852211587,2021-02-05,AMD,iOS,Debit Card,95.63,REF7963QX,,4.27,0,11,2025-02-07
USR000948,Ati Goda,ati_goda@gmail.com,4701732086,2024-02-28,MUM,iOS,Debit Card,82.44,REF1845KN,USR000646,4.32,0,7,2024-05-23
USR000949,Qushi Ratta,qushi.ratta1990@infosys.com,7014005278,2025-09-13,AMD,Android,UPI,117.31,REF5237DC,,3.22,1,12,2026-01-20
USR000950,Balhaar Bakshi,balhaarbakshi31@hdfcbank.com,1425731609,2025-11-20,DEL,iOS,Credit Card,189.64,REF1055PH,,4.32,1,7,2026-06-11
USR000951,Gabriel Talwar,,3695528620,2024-02-11,MUM,Android,Wallet,116.55,REF4391XN,,4.15,1,12,2025-03-01
USR000952,Joshua Prakash,joshua.prakash2005@icloud.com,2273938992,2021-09-06,BLR,Android,Wallet,92.42,REF9297YP,,4.11,0,6,2022-04-26
USR000953,Irya Kar,iryakar35@infosys.com,1850761087,2025-11-26,JAI,iOS,Wallet,115.78,REF0457SS,USR000121,4.19,1,9,2026-03-17
USR000954,Yashasvi Dutt,yashasvi_dutt67@icloud.com,0712615838,2024-02-29,BLR,Android,Debit Card,130.13,REF0826MF,,4.29,1,13,2024-09-25
USR000955,Adweta Walla,adweta.walla@gmail.com,5742233222,2026-04-02,PUNE,Android,Credit Card,96.05,REF8217QY,,3.88,1,6,2026-07-17
USR000956,Hiral Dube,hiral.dube1991@tcs.com,0629535063,2022-01-20,HYD,Android,Cash,116.12,REF8019SQ,,5.0,0,7,2022-08-01
USR000957,Mekhala Swamy,mekhalaswamy99@tcs.com,7538418520,2022-12-08,DEL,Android,Debit Card,177.08,REF7311ID,USR000934,4.41,1,11,2025-04-28
USR000958,Yashoda Mangat,yashoda.mangat2005@infosys.com,5615470554,2024-09-12,HYD,Android,Cash,35.69,REF1362ZQ,USR000749,3.77,1,6,2025-04-21
USR000959,Amrita Bora,,6409196939,2023-02-24,PUNE,iOS,Cash,176.77,REF9121XF,,3.81,1,5,2025-10-20
USR000960,Darpan Sood,darpan.sood18@rediffmail.com,2620197121,2022-03-20,MUM,Android,Credit Card,141.72,REF5787WZ,USR000896,4.11,1,6,2022-03-20
USR000961,Netra Shere,netra_shere40@tcs.com,8731267731,2022-11-01,CHN,Android,Credit Card,225.31,REF2413KP,,4.68,1,9,2024-12-12
USR000962,Triveni Nori,triveni_nori1983@rediffmail.com,3394319165,2024-05-24,HYD,Android,Debit Card,101.79,REF9227PY,,5.0,1,5,2025-08-14
USR000963,Qabil Kaul,qabilkaul25@gmail.com,1915057644,2021-12-31,DEL,iOS,Wallet,18.73,REF4308RU,,4.44,1,8,2023-12-09
USR000964,Aarav Dey,aarav_dey@infosys.com,4486764979,2021-01-22,HYD,iOS,Debit Card,374.35,REF9747AT,,4.4,1,10,2021-02-02
USR000965,Pooja Bandi,poojabandi4@infosys.com,6355373096,2024-08-18,CHN,iOS,Wallet,128.74,REF7416MY,USR000713,4.6,1,9,2025-05-04
USR000966,Farhan Choudhary,farhanchoudhary2002@gmail.com,3530597025,2023-10-02,BLR,iOS,Cash,142.28,REF4969LD,,4.2,1,12,2023-11-10
USR000967,Samuel Sandhu,samuelsandhu1986@infosys.com,9489895965,2021-09-27,MUM,iOS,UPI,160.63,REF5128KD,USR000653,4.2,0,5,2025-09-21
USR000968,Brinda Kant,brinda_kant2001@gmail.com,9169993934,2022-11-13,PUNE,Android,Cash,95.75,REF4663TV,,4.39,1,8,2024-12-02
USR000969,Nimrat Lalla,nimratlalla1985@hdfcbank.com,2309586297,2025-08-17,JAI,Android,Debit Card,118.25,REF4974OK,USR000455,4.46,1,10,2025-09-08
USR000970,Zaid Dugar,zaiddugar12@gmail.com,2021707548,2026-04-12,DEL,iOS,Debit Card,82.42,REF3988LR,,5.0,1,13,2026-04-27
USR000971,Kevin Dass,kevin.dass28@icloud.com,4496461293,2021-07-05,BLR,Android,Credit Card,71.0,REF5346XV,,4.45,1,6,2025-01-08
USR000972,Laban Contractor,laban_contractor@infosys.com,5896359570,2025-01-23,HYD,iOS,Credit Card,277.36,REF9002VW,,4.11,1,5,2025-06-07
USR000973,Advika Patel,advika_patel46@hotmail.com,6631138850,2022-04-08,HYD,iOS,Credit Card,83.37,REF8619NN,USR000303,4.21,1,5,2023-09-21
USR000974,Bahadurjit Kothari,bahadurjit.kothari90@wipro.com,2463104379,2023-12-08,AMD,Android,UPI,72.15,REF3423AK,,4.22,1,10,2025-07-29
USR000975,Lohit Mand,lohit_mand@outlook.com,1774174304,2025-06-19,CHN,Android,Debit Card,139.99,REF6868BC,,4.8,1,6,2026-03-03
USR000976,Champak Gade,champak_gade48@wipro.com,6652752332,2022-06-19,DEL,Android,Cash,274.64,REF3502OI,,4.81,1,9,2023-07-05
USR000977,Krish Narayanan,krish_narayanan@hotmail.com,3030334677,2021-03-11,PUNE,Android,Debit Card,45.23,REF8293AI,,4.39,1,4,2021-03-27
USR000978,Prisha Dhar,prishadhar@outlook.com,5302453012,2023-08-15,JAI,Android,UPI,248.29,REF1167XA,,4.27,1,10,2026-03-06
USR000979,Ayush Kalita,ayushkalita14@outlook.com,8471901722,2024-05-15,PUNE,iOS,Wallet,34.43,REF3984FK,,4.23,1,7,2025-01-09
USR000980,Aashi Shere,aashishere@gmail.com,4619924065,2023-04-01,LKO,Android,Credit Card,168.58,REF2405DC,,4.41,1,6,2024-12-06
USR000981,Manbir Nori,manbir.nori1980@gmail.com,9095668448,2025-06-03,DEL,Android,Debit Card,286.27,REF8387JY,,4.64,1,12,2025-08-14
USR000982,Faraj Grewal,faraj.grewal88@gmail.com,0187803586,2021-12-19,CHN,iOS,UPI,121.94,REF2373OM,USR000879,4.11,1,8,2023-02-08
USR000983,Balendra Kar,balendra_kar@rediffmail.com,9945295171,2022-12-07,MUM,iOS,Cash,52.94,REF9017DF,,5.0,1,8,2024-02-15
USR000984,Zaid Kannan,zaidkannan@hotmail.com,5422162654,2025-04-12,BLR,iOS,Debit Card,29.76,REF2227YV,,4.18,1,9,2026-06-05
USR000985,Rohan Jain,rohan_jain1980@infosys.com,0488789950,2025-02-25,LKO,Android,Credit Card,184.99,REF9633VV,,4.53,1,10,2025-05-27
USR000986,Yashica Palla,yashica_palla@rediffmail.com,7749266329,2026-02-17,MUM,Android,Credit Card,126.62,REF4702AX,,5.0,1,11,2026-02-28
USR000987,Urvi Nagar,urvinagar@hotmail.com,2061658129,2022-09-30,KOL,iOS,UPI,133.59,REF5634LC,USR000978,4.58,1,8,2025-02-09
USR000988,Bhavika Dada,bhavika.dada2000@rediffmail.com,0295596363,2021-07-27,KOL,Android,Credit Card,49.39,REF2059UK,,4.89,1,8,2024-10-15
USR000989,Pranit Basak,pranit_basak65@hdfcbank.com,4980851331,2021-04-22,CHN,iOS,Debit Card,33.02,REF7262NU,,3.48,1,6,2021-12-15
USR000990,Naksh Bhatt,naksh.bhatt20@hdfcbank.com,2154815826,2024-01-01,PUNE,Android,Credit Card,38.78,REF3800RK,,4.63,1,10,2025-06-28
USR000991,Hemang Choudhary,hemang_choudhary1999@hotmail.com,0644200629,2022-02-09,JAI,iOS,Wallet,69.71,REF8687ZT,USR000289,4.4,1,11,2022-05-01
USR000992,Falak Rama,falak_rama1981@gmail.com,1962342192,2022-11-23,CHN,Android,Cash,392.24,REF8778EP,USR000301,4.71,1,4,2024-11-22
USR000993,Dalaja Bhatt,dalaja_bhatt56@icloud.com,4831478911,2021-03-16,JAI,iOS,Credit Card,171.05,REF6221ML,USR000548,4.27,1,6,2021-09-25
USR000994,Gopal Dyal,gopaldyal1992@hdfcbank.com,0366602000,2022-05-15,JAI,iOS,UPI,175.98,REF7972WA,USR000382,3.26,1,10,2022-08-01
USR000995,Ranbir Char,ranbir.char@infosys.com,2438380582,2026-03-15,CHN,iOS,Wallet,113.27,REF5328VM,USR000974,4.36,1,6,2026-05-19
USR000996,Darpan Seshadri,darpan_seshadri@outlook.com,7633283896,2022-09-13,LKO,Android,UPI,133.52,REF6929XN,,4.21,1,6,2025-05-08
USR000997,Ishaan Rau,ishaan_rau85@outlook.com,3684101328,2021-04-04,LKO,iOS,Credit Card,29.36,REF3376VF,,5.0,0,8,2022-10-14
USR000998,Ikshita Grover,ikshitagrover92@infosys.com,7506776106,2025-06-07,PUNE,Android,Credit Card,274.61,REF2339JG,USR000727,4.43,1,8,2025-11-20
USR000999,Amaira Kota,amaira_kota1994@icloud.com,9761781596,2024-05-04,PUNE,iOS,Wallet,160.97,REF5920OI,,4.64,1,4,2024-05-16
USR001000,Widisha Gokhale,widishagokhale@hdfcbank.com,5686295912,2024-11-29,BLR,iOS,Debit Card,77.42,REF9838ST,,4.6,1,6,2026-07-07
USR001001,Hemal Nanda,hemal.nanda1991@rediffmail.com,0742990747,2023-01-27,CHN,iOS,Debit Card,188.35,REF5734NG,,4.1,0,7,2025-09-10
USR001002,Raksha Randhawa,raksha_randhawa@rediffmail.com,8974748599,2025-04-16,DEL,iOS,Cash,237.53,REF2966LT,,4.52,1,8,2025-08-14
USR001003,Isaiah Roy,isaiah_roy71@yahoo.com,8536988164,2021-08-15,LKO,iOS,Credit Card,264.58,REF4641GM,,4.04,1,2,2025-12-02
USR001004,Ojas Varma,ojasvarma1996@tcs.com,1026270664,2024-05-12,CHN,iOS,Debit Card,86.67,REF9804SU,,4.61,1,6,2026-03-23
USR001005,Zayyan Parmer,zayyan_parmer1980@hotmail.com,8983057488,2025-10-26,KOL,iOS,Wallet,122.89,REF8900IL,USR000947,4.85,1,8,2026-06-13
USR001006,Idika Sagar,idikasagar@gmail.com,5000305661,2024-09-05,BLR,Android,Wallet,372.11,REF3997QV,,4.27,1,12,2025-11-07
USR001007,Brinda Chatterjee,brindachatterjee@hdfcbank.com,8467908701,2023-10-28,MUM,iOS,UPI,138.25,REF9953BW,,4.64,1,5,2024-07-09
USR001008,Azaan Chowdhury,azaanchowdhury@outlook.com,0344442990,2025-06-06,KOL,Android,Credit Card,198.28,REF8726PZ,,5.0,1,9,2026-06-11
USR001009,Kavya Gala,kavya_gala@infosys.com,2155996725,2021-03-05,HYD,iOS,Wallet,13.68,REF6745BJ,USR000618,3.86,1,11,2023-08-30
USR001010,Garima Keer,garimakeer53@rediffmail.com,4747648455,2025-11-22,BLR,Android,Wallet,56.68,REF6222HM,,3.76,0,8,2025-12-09
USR001011,Vincent Warrior,vincentwarrior8@hdfcbank.com,1245531290,2023-05-05,CHN,Android,Cash,67.63,REF9396UK,,3.84,1,6,2026-05-02
USR001012,Ekansh Sodhi,ekanshsodhi@hdfcbank.com,2648839585,2023-01-15,KOL,iOS,Wallet,219.68,REF0362QL,,4.56,1,10,2023-08-15
USR001013,Onkar Pal,onkarpal1994@icloud.com,1857591710,2023-04-26,PUNE,Android,Credit Card,160.14,REF5852LL,,5.0,1,6,2024-06-29
USR001014,Aarna Sem,aarnasem@gmail.com,3535247841,2025-03-31,CHN,iOS,Debit Card,154.1,REF5080XT,,4.39,1,9,2025-09-16
USR001015,Ryan Lad,ryanlad82@hdfcbank.com,5378803318,2022-08-14,DEL,Android,Debit Card,63.35,REF7159TS,,4.41,1,10,2024-04-01
USR001016,Qabil Sane,qabil.sane@infosys.com,,2022-08-27,BLR,Android,Credit Card,213.04,REF3611SM,,4.73,1,12,2024-10-21
USR001017,Ira Ghosh,iraghosh1990@hotmail.com,0486251521,2023-01-16,JAI,iOS,Wallet,65.34,REF0878IL,,4.61,1,7,2023-12-30
USR001018,Upkaar Subramanian,,1567344671,2026-03-12,AMD,Android,Cash,461.53,REF7465QN,,3.89,1,4,2026-07-13
USR001019,Dhruv Mukherjee,dhruvmukherjee26@icloud.com,9994664509,2022-12-03,HYD,iOS,Credit Card,146.14,REF7762LZ,USR000285,3.52,1,11,2026-05-02
USR001020,Chanakya Walia,chanakya_walia65@tcs.com,0835211896,2024-07-31,DEL,Android,Credit Card,114.92,REF9990SC,,4.15,1,10,2024-09-02
USR001021,Aradhana Varkey,aradhanavarkey2002@yahoo.com,9572857595,2025-09-30,JAI,Android,UPI,125.35,REF8442PS,,4.48,1,7,2026-06-24
USR001022,Luke Bora,luke.bora@tcs.com,9124883971,2025-01-09,AMD,Android,UPI,52.2,REF8281LD,,3.68,1,11,2025-10-08
USR001023,Falguni Chaudhary,falguni.chaudhary2005@gmail.com,2868112303,2022-03-02,HYD,Android,Cash,103.69,REF7059HT,,4.28,1,8,2024-11-03
USR001024,Yatan Swamy,yatanswamy2@gmail.com,0099217790,2021-08-27,AMD,Android,Wallet,170.91,REF8856IH,USR000556,4.16,1,11,2024-12-16
USR001025,Timothy Prakash,timothyprakash62@wipro.com,0705326011,2023-06-26,HYD,iOS,UPI,146.49,REF5528BB,USR000834,4.54,1,8,2024-12-31
USR001026,Urvi Mohanty,urvi.mohanty63@tcs.com,3609085818,2025-11-12,JAI,Android,Debit Card,3.5,REF9391AP,USR000633,3.87,1,6,2026-04-21
USR001027,Simon Shenoy,simonshenoy@yahoo.com,8736627135,2021-12-01,BLR,Android,Wallet,107.02,REF1045DI,,4.41,1,8,2022-06-12
USR001028,Wyatt Bhasin,wyattbhasin@infosys.com,6154731566,2025-04-12,HYD,Android,Debit Card,285.33,REF8969PN,,4.79,1,7,2025-09-22
USR001029,Jack Chaudhuri,jackchaudhuri2000@rediffmail.com,9028377270,2022-10-26,BLR,Android,Wallet,110.7,REF3979LW,,5.0,1,9,2023-09-14
USR001030,Nimrat Agrawal,nimratagrawal46@icloud.com,8164416101,2022-07-06,HYD,iOS,Wallet,145.75,REF2896XP,,4.58,1,9,2024-03-18
USR001031,Nimrat Lanka,nimratlanka18@gmail.com,3880273042,2024-02-28,KOL,iOS,UPI,461.59,REF9753VI,,4.42,0,7,2025-04-16
USR001032,Adya Lad,adya_lad1997@yahoo.com,9395309690,2022-02-19,HYD,iOS,Debit Card,493.21,REF7636IG,,4.13,1,6,2022-04-08
USR001033,Oscar Ghose,oscarghose@wipro.com,4551358727,2024-06-18,JAI,iOS,Debit Card,200.7,REF6764SW,USR000498,4.85,1,15,2024-11-29
USR001034,Jagdish Cherian,jagdishcherian1988@hotmail.com,4398818738,2026-05-20,AMD,Android,Debit Card,135.31,REF1743BP,,4.53,1,12,2026-06-26
USR001035,Tanish Ravel,tanish_ravel1984@outlook.com,4130909153,2022-08-06,MUM,iOS,Credit Card,402.68,REF7758OU,,3.89,1,4,2023-01-04
USR001036,Kiaan Palla,kiaanpalla@gmail.com,1231905772,2024-02-25,MUM,iOS,Credit Card,248.06,REF8602II,,4.15,1,8,2025-09-06
USR001037,Anita Chaudhry,anita_chaudhry@wipro.com,3810979412,2021-05-20,PUNE,iOS,Wallet,227.69,REF0441BD,,4.06,1,1,2022-08-02
USR001038,Matthew Ramakrishnan,matthew.ramakrishnan1981@hotmail.com,,2022-06-15,CHN,Android,Credit Card,194.0,REF2487BL,USR000842,3.9,1,11,2024-11-06
USR001039,Farhan Tandon,farhantandon@tcs.com,0432611890,2023-06-15,DEL,iOS,Cash,203.11,REF4963LL,,4.08,1,5,2025-04-28
USR001040,Lakshmi Kale,lakshmi_kale36@hdfcbank.com,8672020095,2023-11-18,MUM,iOS,Cash,129.97,REF0346HB,,4.23,1,8,2024-05-31
USR001041,Ronith Rout,ronith_rout1992@outlook.com,,2022-11-08,MUM,Android,Cash,192.62,REF3662EK,,4.47,1,12,2025-10-23
USR001042,Dhriti Balan,dhritibalan1990@icloud.com,2590073971,2025-08-24,KOL,Android,UPI,127.02,REF8900VD,USR000875,4.03,1,5,2025-11-09
USR001043,Samarth Zachariah,samarthzachariah@tcs.com,7167221045,2022-02-15,LKO,iOS,Cash,86.48,REF3072KF,USR000304,4.51,1,4,2023-04-13
USR001044,Ekapad Som,ekapad_som30@gmail.com,3602344225,2021-05-22,PUNE,iOS,Credit Card,462.03,REF4617HK,,3.5,1,16,2022-07-09
USR001045,Tanish Madan,tanish.madan27@infosys.com,4477269032,2026-01-15,AMD,Android,Wallet,207.15,REF2160JV,USR000428,4.18,0,12,2026-04-22
USR001046,Nilima Brar,nilima_brar96@yahoo.com,0245598516,2021-07-10,BLR,Android,Credit Card,164.56,REF6551OI,,4.4,1,11,2022-03-13
USR001047,Ekaja Yadav,ekaja_yadav52@hotmail.com,6498647868,2021-07-05,JAI,iOS,Wallet,126.53,REF0211KQ,USR000230,4.22,0,7,2024-01-26
USR001048,Xiti Vora,,0837819190,2025-09-10,MUM,iOS,Debit Card,95.62,REF6237YD,USR000173,4.37,1,9,2026-03-28
USR001049,Charita Bassi,charita.bassi18@gmail.com,3692353484,2025-02-03,PUNE,Android,Credit Card,29.71,REF7499IF,,4.34,1,8,2025-08-03
USR001050,Jacob Kapur,jacobkapur2003@gmail.com,2202123720,2025-07-02,HYD,iOS,Debit Card,71.2,REF8647CG,,3.79,1,4,2025-09-20
USR001051,Darsh Bail,darsh_bail@gmail.com,3467391900,2026-03-10,MUM,Android,UPI,197.0,REF5503WN,,3.91,1,6,2026-05-27
USR001052,Jagat Ravi,jagatravi@gmail.com,,2025-12-26,AMD,Android,Credit Card,111.54,REF8899FH,,3.68,1,7,2026-01-06
USR001053,Wahab Dewan,wahab_dewan@infosys.com,8979060854,2026-01-12,HYD,Android,Wallet,72.05,REF0091YK,,4.13,1,7,2026-02-09
USR001054,Yash Baria,yash_baria2001@gmail.com,8433611371,2021-01-02,CHN,iOS,Wallet,119.84,REF8186EQ,,4.16,1,10,2022-06-12
USR001055,Aashi Narayan,aashi.narayan1983@rediffmail.com,0340153534,2025-03-14,LKO,Android,Credit Card,18.45,REF1815FQ,USR000266,3.99,1,5,2026-04-30
USR001056,Bhanumati Mahajan,bhanumatimahajan1996@outlook.com,0108240281,2024-06-13,MUM,Android,Credit Card,113.7,REF6607UY,USR000617,5.0,1,6,2025-05-15
USR001057,Aarav Dixit,aaravdixit@yahoo.com,5817452735,2021-09-27,PUNE,iOS,Debit Card,189.15,REF8223GC,,3.34,1,10,2024-12-26
USR001058,Anay Anand,anay_anand2000@rediffmail.com,1828518161,2021-01-30,BLR,Android,Credit Card,97.21,REF3642OW,USR000661,4.92,1,10,2021-02-22
USR001059,Ishwar Balay,ishwar_balay44@hotmail.com,3046600128,2022-03-16,AMD,iOS,Cash,108.54,REF2559BS,,4.76,1,9,2026-05-19
USR001060,Parth Iyer,parth_iyer@tcs.com,5120485076,2023-09-26,JAI,iOS,UPI,297.23,REF3827FB,,4.08,1,7,2025-08-27
USR001061,Dalaja Goel,dalaja_goel@tcs.com,4601915305,2022-04-11,AMD,Android,UPI,108.48,REF6534TY,,4.21,1,8,2023-12-07
USR001062,Inaya Sama,inayasama1996@gmail.com,2251272670,2025-08-07,JAI,Android,Credit Card,154.33,REF7347JQ,,3.63,1,9,2025-11-28
USR001063,Michael De,michael.de@wipro.com,6878494771,2023-12-23,JAI,Android,Cash,207.08,REF8666WS,,3.76,1,8,2024-08-14
USR001064,Nitara Chopra,nitara.chopra52@tcs.com,4223543404,2024-07-23,LKO,Android,Credit Card,74.41,REF2903XA,,3.33,1,9,2026-04-08
USR001065,Gayathri Sant,gayathrisant1986@infosys.com,5492064411,2026-01-05,AMD,iOS,Debit Card,146.88,REF6682HJ,USR000615,3.74,0,7,2026-01-05
USR001066,Manan Sheth,manan.sheth@wipro.com,4359488218,2021-05-17,DEL,iOS,Credit Card,312.66,REF1973IJ,USR000329,4.35,1,7,2025-08-29
USR001067,Nidhi Lad,nidhilad@yahoo.com,0212543412,2024-04-26,HYD,Android,Debit Card,15.82,REF8496IB,USR000566,4.64,1,8,2024-09-16
USR001068,Aayush Khatri,aayushkhatri@wipro.com,6003203197,2024-10-08,CHN,iOS,UPI,428.69,REF3016DT,,3.78,1,8,2026-03-25
USR001069,Anya Bali,anya_bali15@rediffmail.com,1317197860,2025-08-11,MUM,iOS,Credit Card,62.26,REF8999DF,USR000700,4.32,1,9,2025-12-28
USR001070,Yashica Kuruvilla,yashicakuruvilla1987@icloud.com,8550113753,2025-11-30,AMD,iOS,Credit Card,118.24,REF1625RT,,3.7,1,10,2025-12-22
USR001071,Sachi Virk,sachi_virk2000@hotmail.com,9037161608,2026-05-27,KOL,iOS,UPI,180.58,REF5821BE,,4.4,1,5,2026-07-15
USR001072,Leena Krishnamurthy,leena_krishnamurthy@hdfcbank.com,3753076810,2025-09-09,CHN,iOS,UPI,39.62,REF8197JI,USR000995,4.06,1,1,2026-01-11
USR001073,Indira Shroff,indirashroff1983@gmail.com,4323622169,2024-05-27,LKO,iOS,Cash,10.41,REF2480RU,,3.9,1,7,2026-04-10
USR001074,Aashi Rao,aashirao96@wipro.com,5169139521,2025-04-14,HYD,iOS,Cash,125.49,REF0696JW,,4.22,1,12,2026-07-20
USR001075,Elijah Agrawal,,5084243198,2025-10-12,AMD,Android,Wallet,171.45,REF5016TJ,,4.09,1,13,2026-05-21
USR001076,Thomas Bajwa,thomas_bajwa46@hotmail.com,9105302151,2021-02-19,PUNE,Android,Debit Card,185.15,REF3924IS,,4.95,0,6,2025-08-19
USR001077,Netra Konda,netra.konda1997@wipro.com,4811050147,2022-05-25,CHN,iOS,UPI,72.35,REF6758YS,,4.07,1,8,2026-04-25
USR001078,Jason Nagarajan,jason.nagarajan@hdfcbank.com,5128177512,2023-04-02,PUNE,Android,Wallet,130.47,REF6427GZ,,5.0,1,6,2025-02-13
USR001079,Harita Pathak,harita_pathak44@hotmail.com,9723602446,2023-04-12,PUNE,iOS,Credit Card,171.03,REF3959FG,,5.0,1,8,2024-05-30
USR001080,Ishita Bhattacharyya,ishita_bhattacharyya1997@gmail.com,3087156478,2026-05-19,BLR,iOS,UPI,61.13,REF5467DJ,USR000636,4.77,1,6,2026-07-16
USR001081,Damyanti Kari,damyanti_kari51@gmail.com,1485726029,2024-11-25,MUM,Android,UPI,23.06,REF3703GF,USR000829,4.04,1,9,2025-08-21
USR001082,Manbir Seshadri,manbir.seshadri@icloud.com,0766420763,2025-02-16,CHN,Android,Debit Card,99.02,REF2546RH,,3.48,1,9,2026-05-15
USR001083,Vamakshi Sahni,vamakshi.sahni79@rediffmail.com,3868790604,2024-11-24,HYD,Android,Credit Card,108.28,REF2713VN,,4.56,1,10,2025-07-03
USR001084,Dakshesh Natt,dakshesh_natt1988@hotmail.com,5089273961,2024-03-09,HYD,iOS,Credit Card,13.13,REF8869RO,,4.89,1,7,2025-10-24
USR001085,Dipta Handa,diptahanda1990@yahoo.com,7897755426,2022-06-24,KOL,iOS,Debit Card,24.44,REF5976QX,,4.32,1,7,2023-10-17
USR001086,Manan Golla,manangolla30@hdfcbank.com,7320222711,2024-03-31,BLR,Android,Cash,226.6,REF1903YH,,3.92,1,7,2025-09-30
USR001087,Vyanjana Chhabra,vyanjana_chhabra@tcs.com,2985144869,2026-06-23,JAI,Android,Wallet,265.55,REF1757BM,USR000109,4.69,1,4,2026-07-07
USR001088,Abhiram Johal,abhiramjohal36@hdfcbank.com,6980142647,2024-08-24,DEL,iOS,Wallet,118.98,REF8305LG,,4.24,0,6,2025-01-22
USR001089,Ucchal Bahl,ucchalbahl87@yahoo.com,7050049332,2024-05-09,AMD,iOS,Credit Card,34.28,REF1068BE,,5.0,1,4,2024-12-15
USR001090,Isaiah Sastry,isaiahsastry7@infosys.com,6380839065,2025-11-29,JAI,iOS,Credit Card,64.9,REF6724RY,,4.1,1,4,2026-05-22
USR001091,Ikbal Kanda,ikbalkanda@gmail.com,7281291635,2026-06-25,MUM,Android,Cash,17.77,REF4025NU,,4.22,1,8,2026-06-30
USR001092,Oni Sethi,oni_sethi49@gmail.com,2845397499,2023-10-11,MUM,iOS,UPI,180.08,REF0496DI,USR000827,3.85,1,15,2025-05-20
USR001093,Charvi Agate,charvi_agate26@wipro.com,0208019290,2022-01-10,MUM,iOS,Debit Card,329.46,REF5070GI,USR000882,4.22,1,7,2023-06-10
USR001094,Bachittar Mammen,bachittar.mammen@gmail.com,9322533320,2022-11-27,AMD,Android,Cash,271.11,REF2215XT,USR000125,3.27,0,4,2026-01-10
USR001095,Garima Padmanabhan,garimapadmanabhan@wipro.com,5450369888,2022-09-20,DEL,iOS,UPI,257.0,REF2351CJ,,3.98,1,13,2023-10-11
USR001096,Reyansh Gaba,reyansh_gaba@tcs.com,9620805983,2024-05-13,PUNE,Android,Wallet,192.98,REF4393WX,,3.8,1,8,2026-07-12
USR001097,Sachi Nath,sachi_nath@infosys.com,9201237631,2025-06-14,MUM,iOS,Debit Card,126.81,REF1244FK,USR000370,4.44,1,7,2026-04-12
USR001098,Dominic Aurora,dominic_aurora19@yahoo.com,1937591922,2026-04-05,AMD,iOS,Wallet,33.47,REF7749XR,,4.03,1,9,2026-06-29
USR001099,Vincent Rattan,vincentrattan@wipro.com,5286461209,2021-03-27,PUNE,Android,Wallet,80.88,REF6713GE,,4.94,1,10,2026-05-03
USR001100,Amruta Murty,amruta.murty38@rediffmail.com,2115355051,2026-02-11,JAI,iOS,Cash,316.79,REF6173BA,,3.95,1,7,2026-04-24
USR001101,Chandani Khanna,chandani_khanna2001@gmail.com,9724792542,2021-06-18,AMD,Android,Wallet,80.72,REF4321LO,USR000992,3.96,1,4,2024-11-17
USR001102,Ekanta Zacharia,ekantazacharia@tcs.com,4877067693,2021-03-27,HYD,Android,Debit Card,130.44,REF2188PT,,5.0,1,12,2025-06-05
USR001103,Irya Chandran,irya_chandran1996@gmail.com,5784640858,2026-06-03,CHN,iOS,Credit Card,170.47,REF3329LJ,,4.06,0,5,2026-07-07
USR001104,Ekani Sarkar,ekani.sarkar92@yahoo.com,0846729254,2024-10-26,DEL,Android,UPI,159.99,REF5883VI,,4.29,1,12,2025-05-04
USR001105,Om Dutt,om_dutt@hotmail.com,1825624728,2024-06-09,DEL,Android,Wallet,195.18,REF3551YL,USR000239,3.84,0,6,2025-04-02
USR001106,Gautam Gara,gautamgara91@yahoo.com,4992900966,2023-04-04,DEL,Android,Credit Card,85.47,REF6394LP,,4.26,1,6,2024-09-13
USR001107,Adweta Oommen,adweta.oommen1988@gmail.com,3217400391,2024-08-31,CHN,iOS,UPI,172.06,REF2702AZ,,3.11,1,3,2025-10-28
USR001108,Peter Desai,peter.desai@tcs.com,1936006082,2023-03-21,DEL,iOS,Credit Card,70.97,REF0193PX,,3.78,0,11,2024-06-19
USR001109,Indrajit Sahota,indrajit.sahota@tcs.com,6438500953,2026-04-17,CHN,iOS,Debit Card,112.9,REF7705ZR,,4.64,1,6,2026-05-23
USR001110,Pavani Din,pavani.din2004@gmail.com,6109441642,2022-02-16,BLR,Android,Wallet,96.28,REF7234BF,,5.0,1,11,2022-10-02
USR001111,Ronith Sharaf,ronith.sharaf1986@hotmail.com,8576063494,2024-06-14,PUNE,iOS,Credit Card,112.82,REF3165RS,,4.16,1,10,2024-07-26
USR001112,Urvashi Narang,urvashi.narang@outlook.com,7017999324,2021-01-30,BLR,iOS,Debit Card,92.48,REF2904BZ,,4.35,1,6,2023-01-17
USR001113,Darika Loke,darika.loke78@tcs.com,3456538694,2022-04-07,BLR,Android,Debit Card,226.06,REF2024JO,,4.1,0,9,2024-09-21
USR001114,Umang Radhakrishnan,,0472386410,2024-01-26,PUNE,Android,UPI,196.86,REF7902WS,,4.0,1,10,2025-03-20
USR001115,Vasatika Loyal,,3599009378,2025-01-22,PUNE,iOS,UPI,94.28,REF0953GV,USR000213,4.46,0,2,2025-09-18
USR001116,Girindra Memon,girindramemon1998@rediffmail.com,4437066187,2023-03-05,LKO,Android,Credit Card,295.98,REF1460TF,,4.06,1,9,2023-05-16
USR001117,Vivaan Raval,vivaanraval@icloud.com,8589900277,2024-06-15,KOL,iOS,Credit Card,107.72,REF5646DI,,5.0,1,12,2026-03-04
USR001118,Gaurika Baria,gaurika_baria1991@gmail.com,4356605033,2023-01-08,HYD,Android,Debit Card,47.1,REF2910XH,,5.0,1,10,2023-12-31
USR001119,Avi Randhawa,avi.randhawa@rediffmail.com,6718222667,2022-09-07,BLR,Android,Wallet,162.56,REF7469GP,,4.18,1,4,2025-09-19
USR001120,Yashoda Tripathi,yashoda_tripathi2003@yahoo.com,5906739634,2023-05-06,AMD,iOS,Wallet,115.62,REF9419BX,,3.98,1,4,2025-12-10
USR001121,Arjun Murty,arjun_murty48@yahoo.com,2217048618,2024-12-30,HYD,Android,Cash,99.5,REF2898WE,,4.21,1,8,2026-04-18
USR001122,Darsh Boase,darshboase21@tcs.com,7399289198,2023-08-22,MUM,iOS,Debit Card,144.26,REF6706ZN,,4.01,0,13,2025-12-13
USR001123,Samar Kaul,samarkaul@wipro.com,8649426942,2026-04-16,AMD,Android,Credit Card,236.51,REF2718JA,,4.21,1,5,2026-07-10
USR001124,Gagan Khanna,gagan_khanna1999@tcs.com,1459967069,2025-05-21,HYD,Android,Wallet,61.44,REF0398RQ,,4.49,1,8,2025-09-23
USR001125,Aarnav Pillai,aarnav.pillai@hdfcbank.com,4388430217,2025-11-29,DEL,Android,UPI,52.6,REF2195IC,USR000018,3.71,1,5,2026-07-07
USR001126,Krisha Madan,krisha_madan@outlook.com,9016492815,2022-03-13,CHN,Android,Debit Card,368.54,REF8167GA,,3.65,1,16,2023-12-19
USR001127,Nachiket Sachar,nachiketsachar71@hdfcbank.com,3088081726,2025-07-02,JAI,Android,Credit Card,153.49,REF0370HE,USR000243,4.0,1,7,2026-03-31
USR001128,Chaman Mistry,chaman_mistry61@gmail.com,2889592741,2024-11-14,HYD,Android,Credit Card,84.31,REF2829AJ,,4.54,1,8,2025-02-21
USR001129,Lekha Choudhary,lekhachoudhary73@gmail.com,2080820391,2024-04-15,PUNE,iOS,Cash,213.39,REF1680BL,,4.46,1,8,2025-07-17
USR001130,Avni Luthra,avniluthra26@outlook.com,2458701204,2021-05-22,BLR,Android,Cash,174.39,REF7026MR,,4.88,1,6,2023-08-06
USR001131,Gautam Dugal,gautam_dugal22@yahoo.com,0284976039,2026-04-28,MUM,iOS,Cash,45.55,REF2425NA,,5.0,0,7,2026-06-30
USR001132,Keya Nadkarni,keya_nadkarni34@hotmail.com,5364818754,2026-07-05,JAI,Android,Wallet,29.79,REF6702WS,,3.32,0,8,2026-07-10
USR001133,Jagat Pandey,jagat.pandey@outlook.com,5466232360,2025-03-16,AMD,Android,Debit Card,289.27,REF0364GI,,2.75,1,7,2025-05-21
USR001134,Bhanumati Borah,bhanumati_borah53@gmail.com,9722042986,2026-01-27,AMD,iOS,Wallet,213.94,REF6679XN,USR000554,4.56,1,4,2026-05-03
USR001135,Leena Saha,leenasaha@gmail.com,9623569992,2025-01-12,CHN,Android,Wallet,99.36,REF2269NI,USR000171,4.39,1,6,2026-04-17
USR001136,Mugdha Varma,mugdha.varma1980@gmail.com,2560413482,2025-07-10,MUM,Android,UPI,266.13,REF9983NU,USR000134,4.57,1,5,2025-09-26
USR001137,Ryan Wable,ryanwable@gmail.com,2600014407,2022-11-30,LKO,Android,Credit Card,227.96,REF0849PG,,4.11,1,8,2025-06-30
USR001138,Bahadurjit Mane,bahadurjit.mane1981@gmail.com,0389752872,2022-02-13,MUM,Android,UPI,231.62,REF6291YT,,4.76,0,10,2022-08-19
USR001139,Leela Mishra,leela.mishra1989@wipro.com,5920823530,2024-07-04,JAI,Android,Wallet,105.99,REF0998BP,,4.78,1,7,2026-06-29
USR001140,Advika Rattan,advika.rattan@hdfcbank.com,5682017530,2025-10-30,DEL,iOS,Credit Card,656.18,REF9766MZ,,5.0,1,1,2025-12-09
USR001141,Gauri Srinivasan,gaurisrinivasan1989@rediffmail.com,3474125313,2025-04-09,MUM,Android,Credit Card,57.64,REF7966GH,,4.63,1,12,2026-05-01
USR001142,Watika Suri,watikasuri@gmail.com,7503619202,2022-08-08,HYD,iOS,Debit Card,91.9,REF7956GA,,5.0,1,9,2023-12-14
USR001143,Zaitra Sule,zaitrasule1980@wipro.com,3424447489,2023-10-09,PUNE,Android,Cash,306.31,REF5999UE,,4.17,0,9,2024-12-22
USR001144,Kabir Kar,kabir_kar64@hotmail.com,6519170851,2024-04-19,PUNE,Android,Cash,47.1,REF0476BC,USR000654,4.04,1,10,2025-07-24
USR001145,Amrita Pandey,amrita_pandey60@gmail.com,9185805581,2025-03-06,HYD,Android,Cash,176.19,REF7328LW,USR000723,4.54,1,3,2025-10-01
USR001146,Jasmit Kothari,jasmitkothari20@gmail.com,7004093045,2025-03-18,KOL,iOS,UPI,220.68,REF1574RT,,4.69,1,3,2026-04-25
USR001147,Mason Gokhale,mason.gokhale@gmail.com,9662038588,2025-08-02,BLR,Android,Cash,76.09,REF4184BW,,4.42,0,6,2025-11-21
USR001148,Max Ramanathan,max_ramanathan86@gmail.com,1646933356,2021-11-21,CHN,iOS,Credit Card,385.12,REF6407II,USR001023,3.74,1,5,2024-04-25
USR001149,Adya Bail,,8987092019,2022-10-25,AMD,iOS,Credit Card,295.61,REF2303MD,USR001013,5.0,1,6,2024-01-11
USR001150,Ryan Dhillon,ryan_dhillon1991@gmail.com,5848580526,2021-11-21,PUNE,iOS,Cash,104.64,REF9184OF,,4.08,1,10,2022-07-28
USR001151,Bachittar Merchant,bachittarmerchant1990@icloud.com,5397077454,2026-06-11,AMD,Android,UPI,109.41,REF3211MP,,3.74,1,5,2026-07-07
USR001152,Ronith Buch,ronith.buch1998@yahoo.com,1995394676,2024-02-11,PUNE,iOS,Credit Card,166.87,REF4708RR,,4.28,1,20,2025-01-05
USR001153,Aarnav Patla,aarnav_patla11@icloud.com,1840257870,2022-05-26,AMD,iOS,UPI,24.56,REF6262PU,,4.66,1,7,2022-12-07
USR001154,Maya Khalsa,maya.khalsa@icloud.com,6050281640,2025-12-30,CHN,Android,Wallet,158.48,REF3686DV,,3.94,1,5,2026-02-17
USR001155,Jagat Gala,jagat_gala1990@tcs.com,5209452375,2024-07-20,DEL,iOS,Debit Card,74.01,REF9891AN,,4.24,1,4,2025-11-26
USR001156,Manya Barman,manya.barman1993@gmail.com,0275745449,2025-07-19,HYD,Android,Debit Card,412.23,REF9795OH,,3.29,1,11,2025-10-26
USR001157,Bhavika Narayan,bhavika.narayan58@tcs.com,8081896558,2022-02-23,BLR,iOS,UPI,323.18,REF2054VJ,USR000864,4.01,1,5,2022-08-03
USR001158,Oliver Prabhakar,oliver.prabhakar76@gmail.com,7056603616,2023-06-29,PUNE,Android,Debit Card,323.28,REF3445ZZ,,3.86,1,9,2024-08-07
USR001159,Chaman Sen,chaman_sen51@infosys.com,2351585015,2025-11-13,PUNE,iOS,Debit Card,203.33,REF2486BC,USR000769,4.33,0,6,2026-04-02
USR001160,Pallavi Taneja,pallavitaneja92@gmail.com,5879052244,2021-03-12,CHN,iOS,Cash,241.95,REF3017OR,,4.68,1,8,2021-05-31
USR001161,Alka Bhalla,alka_bhalla11@gmail.com,1579057191,2021-10-14,BLR,Android,Cash,195.26,REF1339UT,USR000482,3.11,1,5,2022-04-20
USR001162,Nidhi Kala,nidhi_kala21@yahoo.com,8335974876,2024-01-22,DEL,iOS,Wallet,71.45,REF8986BV,,4.22,1,6,2025-08-05
USR001163,Xavier Sridhar,xavier.sridhar1984@hotmail.com,3019220956,2024-08-13,JAI,Android,UPI,153.34,REF8057DX,,4.12,1,8,2025-03-31
USR001164,Simon Deol,simon_deol@yahoo.com,4028253267,2025-03-29,KOL,Android,Cash,267.39,REF7333JS,,4.26,0,8,2025-12-06
USR001165,Urvashi Khalsa,urvashi.khalsa@tcs.com,,2022-03-04,HYD,iOS,UPI,205.04,REF6992QK,,4.28,1,12,2022-08-16
USR001166,Chakradhar Deshpande,chakradhardeshpande@hotmail.com,1401693328,2024-07-09,LKO,iOS,Debit Card,365.64,REF9238VP,,4.27,1,8,2025-12-14
USR001167,Manthan Andra,manthan_andra@yahoo.com,5452607569,2023-03-16,MUM,iOS,Wallet,175.23,REF4423TF,USR001049,3.21,1,9,2025-06-23
USR001168,Ayushman Aggarwal,ayushman.aggarwal@tcs.com,,2025-02-15,CHN,Android,Cash,102.44,REF9913JO,,4.36,1,9,2026-02-19
USR001169,Rachana Dora,rachanadora97@icloud.com,7331680664,2021-01-26,HYD,Android,Debit Card,138.68,REF6433RJ,USR000796,4.65,1,7,2025-02-08
USR001170,Charles Khanna,charles_khanna1@rediffmail.com,5298424107,2022-08-08,HYD,Android,Cash,48.87,REF7070NJ,USR000001,4.12,1,14,2022-10-10
USR001171,Urvashi Peri,urvashi_peri10@wipro.com,,2026-05-23,BLR,Android,UPI,112.62,REF4027RB,,4.15,1,15,2026-07-03
USR001172,Aarnav Sani,aarnavsani@icloud.com,6385646149,2025-04-27,DEL,Android,Debit Card,231.97,REF8267AI,USR000936,4.72,1,9,2026-06-10
USR001173,Hemang Virk,hemang.virk90@gmail.com,9849149860,2021-08-19,MUM,Android,Wallet,377.09,REF7459FP,,3.22,1,14,2024-11-18
USR001174,Luke Saha,luke_saha@infosys.com,2394612128,2021-11-10,HYD,Android,Wallet,221.49,REF9955AS,,5.0,0,12,2022-01-10
USR001175,Harinakshi Kari,,2762239847,2024-09-06,MUM,iOS,Debit Card,222.56,REF9811VN,,4.58,1,5,2025-04-01
USR001176,Yamini Swamy,yamini_swamy72@yahoo.com,2237887058,2025-11-21,HYD,Android,Wallet,74.99,REF4225ZT,,4.91,0,6,2026-05-06
USR001177,Ryan Kumer,ryan_kumer1991@tcs.com,9984605867,2025-03-01,DEL,iOS,Debit Card,71.99,REF4168DY,USR000753,3.68,1,7,2025-10-20
USR001178,Aarush Saxena,aarush_saxena19@wipro.com,0809261662,2022-10-19,PUNE,iOS,Credit Card,88.61,REF9496MR,,4.24,1,8,2024-11-19
USR001179,Yashawini Ray,yashawini_ray1997@gmail.com,6555751247,2023-01-08,KOL,Android,Cash,79.47,REF0165WU,USR000282,3.66,1,9,2024-11-19
USR001180,Geetika Verma,geetikaverma@hdfcbank.com,0516654512,2022-12-05,JAI,Android,Cash,69.99,REF6400DY,,4.13,1,10,2026-06-22
USR001181,Chaman Ahluwalia,,6860835701,2025-08-14,KOL,Android,Cash,250.04,REF2444EX,,4.36,0,7,2026-05-07
USR001182,Amrita Dube,amritadube1996@rediffmail.com,2050898309,2024-09-23,BLR,Android,Debit Card,34.23,REF7036MC,,4.66,1,8,2025-08-22
USR001183,Rachita Bhatti,rachita.bhatti1980@gmail.com,7245284135,2022-12-21,KOL,Android,Credit Card,117.5,REF4134QL,,4.29,1,10,2025-07-07
USR001184,Brijesh Shetty,brijesh.shetty@gmail.com,4809573940,2026-02-19,MUM,iOS,Credit Card,99.02,REF6948AT,,4.05,1,14,2026-05-07
USR001185,Aarav Ganguly,aarav.ganguly90@hotmail.com,3158925849,2022-03-01,BLR,Android,UPI,236.44,REF5980IQ,USR000244,4.25,1,9,2024-07-12
USR001186,Gopal Sarraf,gopalsarraf63@hotmail.com,6759514186,2022-03-03,CHN,iOS,Cash,24.09,REF0734JC,,3.26,1,5,2024-11-06
USR001187,Ekaja Venkatesh,ekaja_venkatesh@rediffmail.com,9623326058,2022-06-08,AMD,iOS,Cash,164.27,REF4823AG,,4.15,1,9,2024-10-20
USR001188,Brinda Varty,brindavarty13@hdfcbank.com,0662931518,2023-09-26,MUM,iOS,Debit Card,319.02,REF6942DA,,4.97,1,7,2024-03-13
USR001189,Lakshmi Pathak,lakshmi_pathak1980@gmail.com,9890623272,2024-05-21,AMD,Android,Debit Card,173.78,REF1788JS,,3.8,1,14,2026-05-11
USR001190,Max Garg,maxgarg@outlook.com,0654870847,2024-10-14,DEL,iOS,UPI,155.26,REF3717NG,,3.4,1,6,2026-01-31
USR001191,Osha Taneja,oshataneja@wipro.com,8188907378,2024-11-30,JAI,iOS,Credit Card,38.25,REF7954EO,,4.05,1,5,2025-09-26
USR001192,Chasmum Pingle,chasmumpingle23@gmail.com,3848876380,2025-09-11,MUM,Android,Wallet,196.17,REF1591UF,,4.33,1,9,2025-09-13
USR001193,Mohini Chopra,mohini.chopra1984@infosys.com,5188129886,2022-04-03,PUNE,iOS,Credit Card,69.52,REF2076FJ,,4.74,1,3,2026-03-08
USR001194,Neelima Rama,neelima_rama5@tcs.com,9237298268,2023-06-17,AMD,iOS,Wallet,206.64,REF1820PF,USR001076,5.0,1,3,2025-07-10
USR001195,Daksha Sha,daksha.sha@gmail.com,6757896833,2021-05-18,MUM,Android,Debit Card,167.47,REF9334TG,,4.26,1,11,2025-02-07
USR001196,Warinder Chaudhuri,warinderchaudhuri24@gmail.com,5505705218,2022-01-18,HYD,iOS,Cash,223.16,REF5570ZF,,4.09,1,7,2023-07-10
USR001197,Adya Basu,adya.basu1996@outlook.com,3114147012,2022-04-21,HYD,Android,Debit Card,273.57,REF7993HR,USR000801,3.43,1,6,2022-05-13
USR001198,Ishaan Nair,ishaannair61@yahoo.com,0977978023,2021-01-19,CHN,Android,Debit Card,12.16,REF3503ZI,,4.96,1,13,2025-11-16
USR001199,Nisha Solanki,nisha_solanki1982@gmail.com,6401632957,2023-03-06,JAI,Android,Credit Card,84.09,REF4456GS,,5.0,1,7,2026-01-13
USR001200,Jasmit Sethi,jasmit_sethi@wipro.com,3186830291,2025-03-23,KOL,iOS,Credit Card,515.29,REF3783HW,,5.0,0,14,2025-10-17
USR001201,Utkarsh Gill,utkarshgill1993@wipro.com,1854839660,2023-02-05,KOL,iOS,Cash,83.41,REF5854PK,,3.94,1,6,2024-05-10
USR001202,Aachal Ramachandran,aachalramachandran@wipro.com,5841749161,2024-05-11,JAI,iOS,Wallet,64.77,REF7344YY,,3.85,1,8,2025-07-28
USR001203,Yochana Chandra,yochana_chandra1995@icloud.com,4134476094,2022-07-23,KOL,iOS,Wallet,207.02,REF7050KK,,3.16,1,7,2024-06-21
USR001204,Jeremiah Wason,jeremiahwason@outlook.com,0265099621,2025-11-20,LKO,Android,Wallet,112.48,REF8377SB,,4.51,1,10,2026-05-16
USR001205,Krishna Sagar,krishna.sagar73@outlook.com,2563420222,2026-03-29,CHN,iOS,Cash,53.56,REF8366CD,,5.0,1,8,2026-05-08
USR001206,Sathvik Sarma,sathvik.sarma99@yahoo.com,7590177915,2022-11-18,JAI,iOS,Debit Card,114.28,REF3499IC,USR000869,4.2,1,4,2023-12-08
USR001207,Avi Gala,avigala@yahoo.com,7465642601,2023-01-11,JAI,iOS,Credit Card,104.22,REF2446HR,,4.0,1,7,2026-04-16
USR001208,Tejas Bhavsar,tejasbhavsar59@gmail.com,5922776414,2024-07-21,PUNE,Android,Wallet,136.46,REF8637WI,,4.43,1,6,2025-08-26
USR001209,Aarnav Gola,aarnav_gola1994@infosys.com,4448672288,2021-05-28,CHN,Android,Wallet,52.84,REF9003YJ,,3.96,0,9,2023-08-11
USR001210,Vivaan Bhatti,vivaan_bhatti56@gmail.com,1574932511,2023-11-13,LKO,iOS,Credit Card,127.91,REF3904EW,USR000876,4.59,1,10,2025-08-17
USR001211,Tanay Bhatt,tanay.bhatt2003@rediffmail.com,9543776618,2021-09-09,PUNE,Android,UPI,88.28,REF4978HD,,3.69,0,5,2023-03-31
USR001212,Harish Wason,harishwason78@tcs.com,3915114367,2025-12-31,LKO,Android,UPI,183.48,REF3085GD,USR000568,4.7,1,9,2026-03-13
USR001213,Faras Shan,faras_shan1997@gmail.com,8564257068,2022-04-30,BLR,Android,Cash,82.56,REF8621ZA,,3.56,1,15,2023-07-24
USR001214,Ekbal Pradhan,ekbalpradhan@outlook.com,6002302865,2021-07-06,LKO,iOS,Wallet,207.45,REF0269QM,USR000505,4.48,1,6,2026-04-02
USR001215,Gopal Mann,gopal.mann53@icloud.com,7015145992,2022-05-05,CHN,iOS,Cash,38.5,REF5052KS,,3.89,1,7,2024-07-04
USR001216,Kabir Deshmukh,kabir_deshmukh68@gmail.com,5392220562,2025-12-24,KOL,iOS,UPI,138.19,REF0166PN,,3.55,1,5,2026-03-03
USR001217,Aahana Warrior,aahanawarrior49@yahoo.com,1332528613,2024-06-14,KOL,iOS,Cash,139.27,REF0190EH,USR000296,5.0,0,8,2026-06-04
USR001218,Gauri Date,gauri.date@wipro.com,6449760249,2022-12-25,KOL,iOS,Credit Card,215.04,REF2394VA,,4.34,1,7,2024-04-10
USR001219,Ishanvi Kota,ishanvi_kota55@outlook.com,4985297356,2023-07-16,DEL,iOS,Cash,247.88,REF8663RL,,4.81,0,5,2025-09-03
USR001220,Dominic Loke,dominic.loke5@gmail.com,3809664147,2022-07-06,PUNE,iOS,Wallet,108.03,REF1526ZX,USR000449,4.1,1,3,2025-10-17
USR001221,Nathaniel Mani,nathaniel_mani58@gmail.com,5353896298,2021-07-04,BLR,Android,Cash,57.49,REF5336LS,,3.52,1,9,2021-10-14
USR001222,Wakeeta Dora,wakeetadora1998@hdfcbank.com,1276383543,2022-07-25,BLR,Android,Wallet,98.82,REF5324MT,,4.1,0,5,2025-06-25
USR001223,Yatin Bal,yatin.bal@tcs.com,2497939981,2024-01-28,AMD,iOS,Credit Card,219.49,REF4685GV,USR000401,4.94,1,11,2025-10-06
USR001224,Harrison Ramesh,harrison.ramesh1988@gmail.com,3073726072,2023-08-06,JAI,iOS,Credit Card,120.9,REF6153RG,USR000383,4.26,1,15,2024-12-21
USR001225,Anirudh Dey,anirudhdey48@icloud.com,1214639476,2026-01-07,DEL,iOS,Credit Card,169.88,REF0148NB,USR000961,4.59,1,12,2026-02-15
USR001226,Lipika Minhas,lipika.minhas1@tcs.com,9172994036,2021-12-25,MUM,Android,Credit Card,364.72,REF2542VL,,3.71,0,7,2026-03-19
USR001227,Odika Rajagopal,odikarajagopal96@tcs.com,9670683353,2024-10-19,KOL,iOS,Cash,172.44,REF9481QH,,4.13,1,9,2026-04-04
USR001228,Inaya Bala,inaya_bala15@rediffmail.com,9490133344,2021-12-08,JAI,iOS,Credit Card,73.41,REF9101YG,,4.29,0,7,2023-02-04
USR001229,Anusha Walla,anusha.walla1998@gmail.com,8410167930,2023-02-05,DEL,iOS,Wallet,66.29,REF3767QZ,USR000033,5.0,1,5,2024-04-21
USR001230,Barkha Chacko,barkhachacko@icloud.com,0288661680,2022-09-11,KOL,Android,Credit Card,116.08,REF1481GZ,USR000466,4.24,1,7,2025-02-26
USR001231,Jairaj Iyer,jairaj_iyer1992@rediffmail.com,8420353160,2026-05-20,DEL,Android,Credit Card,132.18,REF1990PS,,4.14,0,9,2026-07-18
USR001232,Lavanya Bhargava,lavanya_bhargava@gmail.com,1713219402,2022-08-26,PUNE,iOS,UPI,222.28,REF7917LG,,4.89,0,12,2025-05-03
USR001233,Bimala Chanda,bimala_chanda79@infosys.com,4527193678,2024-12-27,JAI,iOS,UPI,86.23,REF4702HJ,USR000448,4.84,1,9,2026-06-13
USR001234,William Buch,williambuch2003@tcs.com,1619423215,2023-01-24,DEL,Android,Wallet,64.38,REF5764BM,,4.65,1,9,2025-06-29
USR001235,Garima Behl,garima.behl@gmail.com,6168455252,2026-06-06,BLR,iOS,Debit Card,57.31,REF4013FV,,4.26,1,10,2026-07-04
USR001236,Barkha Sur,barkha_sur1993@infosys.com,9948856694,2022-07-19,KOL,Android,UPI,141.8,REF7410IO,USR000025,4.3,1,8,2023-04-17
USR001237,Hitesh Oak,hitesh.oak1985@icloud.com,3558422717,2026-02-20,HYD,Android,UPI,167.13,REF8993DB,USR000077,4.73,1,7,2026-04-28
USR001238,Nidhi Peri,nidhi_peri1997@hdfcbank.com,7001441306,2024-10-02,AMD,iOS,Cash,85.19,REF2662WP,,4.4,1,8,2025-10-18
USR001239,Harshil Ahluwalia,harshil.ahluwalia29@icloud.com,9041728207,2024-09-23,PUNE,Android,Cash,99.89,REF8624CY,,4.29,1,10,2025-07-05
USR001240,Indali Edwin,indali_edwin1984@yahoo.com,2228240847,2026-04-09,JAI,iOS,Wallet,460.82,REF6238UH,,3.79,0,6,2026-05-30
USR001241,Azad Agarwal,azadagarwal1993@hotmail.com,4791351135,2022-03-25,HYD,iOS,Credit Card,340.67,REF5283WM,,4.22,1,11,2026-02-20
USR001242,Nitesh Wali,nitesh.wali@hotmail.com,1578097830,2022-05-12,BLR,iOS,UPI,84.08,REF0535XC,,4.62,1,6,2022-09-05
USR001243,Bhavna Narayan,bhavna.narayan@outlook.com,5281447867,2021-08-31,CHN,Android,Wallet,252.79,REF2801BT,,4.54,1,7,2024-06-03
USR001244,Arin Rajan,arin.rajan2005@gmail.com,0378912139,2025-07-06,BLR,iOS,Credit Card,487.78,REF4280LF,,4.28,1,8,2026-05-05
USR001245,Eiravati Narula,eiravati_narula2001@hdfcbank.com,9940842906,2023-05-28,AMD,Android,Credit Card,334.13,REF7436MK,,4.0,1,9,2023-06-01
USR001246,Michael Venkatesh,michael.venkatesh@yahoo.com,0656733745,2024-03-17,MUM,Android,Credit Card,209.5,REF9690ST,,4.44,0,8,2025-02-18
USR001247,Oeshi Chander,oeshichander@icloud.com,4980253084,2026-01-12,KOL,iOS,UPI,43.62,REF7016UJ,USR000597,3.85,1,9,2026-06-18
USR001248,Chakrika Luthra,chakrika_luthra1985@icloud.com,5084232423,2022-06-17,BLR,Android,Wallet,110.07,REF3769NK,,4.41,1,9,2026-04-28
USR001249,Jonathan Morar,jonathan_morar@yahoo.com,6915855749,2023-01-05,JAI,iOS,Debit Card,125.52,REF4800RF,,4.53,1,11,2025-04-05
USR001250,Alexander Gaba,alexander.gaba93@hotmail.com,0333295945,2024-12-11,BLR,Android,UPI,18.23,REF0627KZ,USR000242,4.51,0,12,2025-05-11
USR001251,Lila Kara,lilakara1989@yahoo.com,9662991721,2024-04-01,HYD,iOS,Wallet,130.2,REF2315OI,,4.76,1,6,2026-01-20
USR001252,Chasmum Chahal,chasmum_chahal50@icloud.com,1539266937,2024-09-05,DEL,iOS,Credit Card,117.26,REF7429II,,4.68,0,6,2025-08-24
USR001253,Tanveer Dara,tanveerdara@gmail.com,0485022061,2023-03-26,PUNE,iOS,Credit Card,71.56,REF0632WW,,3.12,1,7,2025-08-06
USR001254,Siddharth Prakash,siddharth_prakash@rediffmail.com,1900002956,2023-05-02,MUM,iOS,Debit Card,113.97,REF9019PP,USR000288,3.8,1,5,2024-09-04
USR001255,Waida Bhatt,waidabhatt@hotmail.com,0799230453,2021-01-19,PUNE,iOS,Cash,207.15,REF1622VY,,4.67,0,7,2021-01-24
USR001256,Udyati Warrior,udyatiwarrior1993@gmail.com,4743701945,2025-10-23,JAI,iOS,Cash,215.18,REF2316PO,,4.39,1,6,2026-07-20
USR001257,Priya Salvi,priya_salvi@icloud.com,2761209281,2025-01-12,LKO,iOS,Cash,19.7,REF3911QC,,4.14,0,6,2026-04-24
USR001258,Darpan Dugal,darpandugal1987@infosys.com,6787067635,2023-05-05,AMD,Android,Debit Card,34.42,REF5780AQ,,3.95,1,5,2024-08-03
USR001259,Ishani Dugal,ishani.dugal1997@rediffmail.com,,2022-06-28,DEL,Android,UPI,315.9,REF3223RF,USR000921,5.0,1,5,2023-10-30
USR001260,Oeshi Kannan,oeshi.kannan1992@hdfcbank.com,2943000375,2025-11-14,CHN,Android,Wallet,116.97,REF1268US,,5.0,1,10,2026-01-07
USR001261,Elijah Johal,elijahjohal@wipro.com,9866932784,2024-01-22,HYD,Android,Wallet,71.93,REF3989SJ,USR000503,4.94,0,6,2025-05-27
USR001262,Nitara Oommen,nitara_oommen2002@wipro.com,2011406526,2022-06-11,KOL,Android,Wallet,116.52,REF1783ZR,USR000336,4.14,0,6,2024-06-20
USR001263,Jyoti Bhatt,jyoti_bhatt23@hotmail.com,5533756569,2026-07-06,BLR,Android,UPI,79.92,REF6426CY,,3.91,1,6,2026-07-07
USR001264,Pooja Dutta,pooja.dutta46@yahoo.com,5104625069,2025-04-18,JAI,iOS,Cash,109.3,REF7648CG,USR001259,5.0,1,9,2025-09-07
USR001265,Imaran Dhar,imaran.dhar2004@hotmail.com,6729350979,2022-05-28,DEL,Android,UPI,43.95,REF2965YI,USR000701,4.02,1,8,2023-04-21
USR001266,Charvi Sarkar,charvisarkar2004@hdfcbank.com,3477804579,2025-10-14,KOL,iOS,UPI,43.02,REF3442EI,,4.09,1,6,2026-05-08
USR001267,Tara Bajwa,tara.bajwa@gmail.com,2147823372,2026-06-23,HYD,iOS,Cash,105.82,REF7251HS,,4.45,1,8,2026-07-05
USR001268,Vinaya Ratta,vinaya.ratta1983@tcs.com,6328630112,2021-02-05,PUNE,iOS,Wallet,177.62,REF0945ET,,3.84,1,5,2021-02-20
USR001269,Jonathan Rama,jonathanrama2005@hotmail.com,3679608289,2021-08-27,LKO,Android,Wallet,275.01,REF2008SG,,5.0,1,11,2024-09-29
USR001270,Zehaan Mangal,zehaan.mangal90@gmail.com,8564901324,2024-01-05,KOL,iOS,UPI,211.03,REF6713YA,,4.69,1,6,2024-03-01
USR001271,Aadi Brahmbhatt,aadi.brahmbhatt4@gmail.com,1758080388,2025-10-07,KOL,Android,Cash,91.23,REF9519NX,,3.91,1,5,2026-06-19
USR001272,Baghyawati Bhat,baghyawati.bhat1986@gmail.com,6685135381,2025-11-16,BLR,Android,Debit Card,145.84,REF9044OE,USR000542,3.31,1,9,2026-05-31
USR001273,Indira Tiwari,indiratiwari39@gmail.com,0168564717,2022-07-21,CHN,Android,Cash,136.5,REF4837TD,,4.44,1,7,2026-06-04
USR001274,Mohammed Shere,mohammedshere1@gmail.com,8371611586,2025-12-04,KOL,Android,Debit Card,280.24,REF7840FM,USR000107,3.91,0,5,2026-01-08
USR001275,Lekha Sarna,lekhasarna@wipro.com,3261705058,2023-01-10,KOL,Android,Debit Card,61.81,REF6861FK,USR001150,4.19,0,5,2024-05-31
USR001276,Ijaya Sami,ijayasami1988@hdfcbank.com,5353399824,2023-08-22,HYD,Android,Credit Card,151.41,REF3534WP,,4.1,1,9,2026-06-30
USR001277,Gautami Bassi,gautamibassi@rediffmail.com,6687930302,2022-01-20,AMD,Android,UPI,242.68,REF2662GD,,4.09,1,3,2025-06-28
USR001278,Leena Sani,leena.sani1992@yahoo.com,5025285461,2023-04-23,LKO,iOS,Debit Card,124.9,REF8532DL,USR000256,3.52,1,7,2025-08-30
USR001279,Jeremiah Anand,jeremiah.anand1981@gmail.com,7777118425,2024-11-16,BLR,Android,Cash,163.83,REF3087MA,USR000510,3.95,1,9,2025-03-31
USR001280,Abhiram Savant,abhiramsavant@hotmail.com,2423447305,2021-09-30,HYD,iOS,UPI,139.62,REF2786MA,,4.31,1,10,2025-05-26
USR001281,Jai Soman,jai_soman@wipro.com,6566764099,2021-10-23,BLR,Android,Debit Card,227.3,REF7771WN,,4.41,1,12,2024-02-11
USR001282,Amol Badal,amol_badal@gmail.com,2653793221,2023-03-09,PUNE,Android,Credit Card,390.62,REF6833SX,,4.23,1,9,2024-09-19
USR001283,Tara Bail,tara.bail2005@gmail.com,6015791150,2023-12-10,CHN,Android,Wallet,29.94,REF9143NT,USR000589,4.45,1,6,2024-05-02
USR001284,Aditya Balasubramanian,aditya_balasubramanian@gmail.com,8934759783,2022-12-14,CHN,Android,Wallet,136.12,REF1016TJ,USR000565,4.18,1,13,2025-08-16
USR001285,Ishita Swamy,ishita.swamy35@tcs.com,4967914638,2024-08-14,AMD,iOS,Credit Card,273.63,REF3548GT,,4.12,1,7,2026-03-01
USR001286,Sarthak Chand,sarthak_chand2004@tcs.com,5282468549,2021-07-22,CHN,iOS,Wallet,254.89,REF6643ZJ,USR001162,3.85,0,13,2026-07-08
USR001287,Lohit Bail,,6051908543,2024-03-22,JAI,Android,Wallet,101.81,REF2724AC,,4.55,1,4,2024-03-25
USR001288,Rudra Keer,rudra_keer93@outlook.com,9301000908,2025-04-26,JAI,iOS,Cash,83.9,REF2716PM,,3.92,1,12,2025-12-28
USR001289,Aarush Mukherjee,aarush_mukherjee@yahoo.com,5415892909,2022-07-11,LKO,Android,Wallet,387.28,REF9931JC,,4.71,1,9,2025-11-24
USR001290,Panini Chakrabarti,paninichakrabarti@gmail.com,8081226815,2025-10-23,PUNE,iOS,Wallet,74.48,REF3043OC,,4.85,1,5,2026-04-11
USR001291,Idika Kannan,idikakannan1994@gmail.com,8330967397,2021-10-08,HYD,iOS,UPI,39.97,REF9474XD,USR000845,3.8,1,13,2024-10-07
USR001292,Darika Dey,darikadey@gmail.com,6501676718,2022-03-16,HYD,iOS,UPI,121.94,REF9842GJ,USR000024,3.58,1,8,2025-07-01
USR001293,Nilima Keer,nilima.keer1995@outlook.com,0162762922,2022-04-30,LKO,Android,UPI,217.73,REF7762QH,,4.8,1,9,2025-09-06
USR001294,Robert Sem,robert.sem@rediffmail.com,2289890749,2024-09-08,DEL,iOS,Credit Card,154.36,REF6667GS,,3.6,0,10,2025-08-12
USR001295,Ekiya Om,ekiyaom3@yahoo.com,6597640838,2026-03-30,PUNE,iOS,Cash,202.04,REF9359IG,,3.47,1,8,2026-04-02
USR001296,Jeet Sastry,jeetsastry1987@gmail.com,8939129565,2021-11-18,HYD,Android,Credit Card,162.75,REF5805BE,USR000429,4.62,1,7,2022-12-27
USR001297,Darika Vora,darika.vora@gmail.com,0092449287,2025-01-26,HYD,iOS,Debit Card,317.33,REF1887FP,,4.62,1,10,2026-04-13
USR001298,Anay Dhaliwal,anay_dhaliwal@outlook.com,2501860742,2023-12-28,BLR,iOS,UPI,2.97,REF8757DO,USR000323,4.26,0,9,2024-07-31
USR001299,Neel Karan,neel_karan1985@icloud.com,1806200730,2025-01-01,JAI,iOS,Wallet,101.63,REF9069WJ,USR001218,4.46,1,10,2026-06-30
USR001300,Liam Lad,liam.lad1983@gmail.com,4057144695,2022-06-17,LKO,Android,UPI,155.0,REF2426PT,USR000606,3.6,1,6,2024-07-25
USR001301,Sathvik Pathak,sathvik.pathak@tcs.com,4514668865,2022-04-16,JAI,Android,Cash,90.11,REF6740UY,,5.0,1,13,2025-12-06
USR001302,Veer Pandit,veerpandit71@tcs.com,3664853207,2025-06-25,BLR,Android,UPI,150.92,REF8348MY,,3.57,1,9,2026-05-01
USR001303,Yagnesh Dutt,yagnesh.dutt@hdfcbank.com,4436958050,2022-06-16,CHN,iOS,Cash,195.71,REF7587AG,USR000366,4.04,1,9,2022-09-14
USR001304,Amruta Rattan,amruta_rattan1985@outlook.com,7342939077,2023-11-27,BLR,iOS,UPI,297.71,REF4505UC,,5.0,1,6,2025-09-06
USR001305,Aayush Khurana,aayush.khurana1985@wipro.com,5851502045,2022-11-23,DEL,Android,UPI,134.42,REF3729UR,,3.6,1,10,2023-01-11
USR001306,Utkarsh Bhattacharyya,utkarshbhattacharyya@hdfcbank.com,3379531112,2021-06-19,HYD,iOS,UPI,170.05,REF0281TN,,4.38,1,9,2026-06-24
USR001307,Ishita Goyal,ishita_goyal1982@gmail.com,6625108573,2022-12-25,PUNE,iOS,UPI,250.52,REF3590RK,,4.72,1,5,2025-10-22
USR001308,Faris Lad,faris_lad@hotmail.com,9351174555,2024-03-26,JAI,iOS,Debit Card,147.83,REF8385WS,,4.19,0,10,2026-05-21
USR001309,Hritik Sagar,hritik.sagar1991@hotmail.com,4612157562,2021-03-24,JAI,iOS,Wallet,129.02,REF3706IE,USR001228,4.21,0,7,2021-07-02
USR001310,Yoshita Kurian,yoshita_kurian66@hotmail.com,2099069319,2025-01-22,JAI,iOS,Cash,91.36,REF6412WB,USR000774,4.1,1,8,2025-05-27
USR001311,Ethan Sarin,ethan_sarin@yahoo.com,0599822673,2023-01-20,CHN,Android,Cash,45.19,REF6303NM,,4.95,1,8,2023-04-15
USR001312,Darika Thakkar,darikathakkar@gmail.com,0259364502,2025-10-20,LKO,iOS,Cash,144.52,REF1234YO,,4.59,1,12,2025-10-28
USR001313,Urishilla Pathak,urishillapathak1988@hdfcbank.com,2991154904,2021-04-07,MUM,iOS,Debit Card,182.09,REF8231PQ,,4.26,1,10,2021-12-17
USR001314,Yuvraj Sarin,yuvraj.sarin@rediffmail.com,2977115062,2025-10-22,BLR,iOS,Wallet,27.07,REF4318TM,,4.67,1,10,2026-02-26
USR001315,Devansh Seth,devanshseth2001@outlook.com,6291087392,2021-11-14,MUM,Android,Wallet,81.49,REF9179IY,,4.44,1,8,2023-07-11
USR001316,Ekanta Savant,ekantasavant@outlook.com,1052987707,2021-11-21,DEL,Android,Wallet,65.61,REF2198PZ,,4.71,1,5,2022-08-15
USR001317,Ronith Bhalla,ronith.bhalla46@outlook.com,0202683878,2022-05-31,MUM,iOS,UPI,39.95,REF4599UF,,4.26,1,7,2024-01-18
USR001318,Onkar Mutti,onkar_mutti@wipro.com,3040934675,2021-03-28,BLR,iOS,Credit Card,66.7,REF9034OW,,3.39,1,9,2023-04-22
USR001319,Yashasvi Char,yashasvichar@hdfcbank.com,2721051334,2023-02-12,CHN,iOS,Debit Card,26.56,REF4182PY,,3.84,1,8,2025-12-28
USR001320,Aarnav Chaudhari,aarnav.chaudhari87@gmail.com,5320831681,2022-05-10,JAI,Android,Debit Card,76.27,REF6018TK,,3.64,1,9,2023-02-08
USR001321,Varenya Korpal,varenya.korpal1988@hotmail.com,8947672000,2024-08-01,DEL,iOS,Credit Card,154.46,REF6360PI,USR000443,4.49,1,11,2025-03-02
USR001322,Chandresh Som,chandreshsom@tcs.com,3485089512,2021-09-08,KOL,Android,Credit Card,60.53,REF5214ST,,4.06,0,9,2022-03-11
USR001323,Faris Lanka,faris_lanka29@gmail.com,6972965561,2026-06-22,HYD,Android,Cash,161.01,REF3708XF,USR000406,4.3,1,7,2026-07-07
USR001324,Reva Sehgal,reva_sehgal2003@gmail.com,,2026-05-13,MUM,iOS,Debit Card,195.13,REF9276FF,,5.0,1,1,2026-05-25
USR001325,Wridesh Pandya,wridesh.pandya@yahoo.com,6783055737,2022-01-14,HYD,Android,UPI,231.42,REF1886WJ,,4.72,1,10,2023-11-30
USR001326,Chakradhar Gandhi,chakradhar_gandhi1999@yahoo.com,1446627633,2022-11-15,AMD,iOS,Debit Card,446.38,REF1388EV,,4.32,0,6,2026-03-19
USR001327,Gunbir Misra,gunbirmisra99@gmail.com,4831968636,2024-06-02,PUNE,Android,UPI,37.46,REF0411ZD,USR001237,3.55,1,8,2024-08-13
USR001328,Lila Uppal,lila_uppal1985@gmail.com,8830048379,2022-04-08,HYD,iOS,Cash,256.56,REF4704YU,,4.87,1,8,2022-06-01
USR001329,Maanav Comar,maanav_comar2002@hdfcbank.com,5934104062,2024-05-27,LKO,Android,UPI,143.24,REF3631WW,USR000564,4.01,1,8,2025-05-05
USR001330,Yochana Dugar,yochana.dugar64@rediffmail.com,3018179607,2023-12-01,JAI,iOS,UPI,104.29,REF9118CK,,5.0,0,6,2025-09-06
USR001331,Vansha Mane,,5221711486,2025-03-04,DEL,Android,UPI,317.87,REF5789UY,,4.33,1,11,2025-10-08
USR001332,Aditya Sant,aditya.sant1984@icloud.com,6316312975,2022-01-31,DEL,Android,Debit Card,206.76,REF5658VG,,4.23,0,4,2025-06-28
USR001333,Nirja Kamdar,nirja_kamdar@rediffmail.com,1938999068,2026-04-10,HYD,Android,Credit Card,80.5,REF5726GA,,4.52,1,11,2026-05-12
USR001334,Faraj Sandhu,faraj_sandhu@gmail.com,1633613179,2023-09-22,AMD,iOS,Cash,438.75,REF2013PA,,3.69,1,6,2024-07-10
USR001335,Dayita Bhalla,dayitabhalla2003@gmail.com,5458583563,2026-01-10,JAI,Android,Cash,65.98,REF8549CW,,3.79,1,11,2026-02-28
USR001336,Tejas Dube,tejasdube1980@gmail.com,7419258147,2022-03-11,HYD,iOS,Cash,160.3,REF9981JE,,3.74,0,12,2022-06-28
USR001337,Baljiwan Dara,baljiwan_dara@rediffmail.com,4541384531,2024-03-02,LKO,Android,Debit Card,86.67,REF6212TM,USR000373,3.41,1,6,2024-03-18
USR001338,Upma Ratta,upmaratta1999@hdfcbank.com,6459872408,2024-12-17,LKO,iOS,Cash,151.33,REF5630MP,,5.0,1,11,2026-01-05
USR001339,Falguni Chander,falgunichander32@infosys.com,1339736707,2024-10-21,AMD,Android,Cash,124.04,REF9921DE,USR001097,4.37,1,9,2025-10-30
USR001340,Pranit Mody,pranit.mody@outlook.com,1983063236,2021-02-13,JAI,iOS,Cash,249.28,REF2173TS,,4.22,1,7,2025-12-03
USR001341,Bina Loyal,binaloyal61@wipro.com,2024350947,2025-05-09,KOL,iOS,Cash,232.25,REF5401IG,,3.91,1,12,2025-06-06
USR001342,Dhruv Nayar,dhruv.nayar@hotmail.com,9414753989,2025-04-14,KOL,Android,Wallet,48.21,REF6511QV,USR000443,4.19,1,9,2025-09-19
USR001343,Charita Nair,charita_nair1@wipro.com,2611035659,2024-05-18,PUNE,Android,Cash,110.61,REF1370UT,USR001150,4.06,0,16,2026-07-02
USR001344,Wyatt Srinivasan,wyattsrinivasan1993@outlook.com,6922953386,2021-10-19,LKO,iOS,Debit Card,115.44,REF4299LC,USR000302,4.09,1,6,2024-01-28
USR001345,Amol Kashyap,amolkashyap62@gmail.com,4066283463,2024-02-02,KOL,iOS,Debit Card,141.77,REF1941EO,,4.2,1,7,2024-04-16
USR001346,Aarini Joshi,aarini_joshi25@rediffmail.com,6694086542,2024-11-05,BLR,Android,Cash,141.55,REF3488MO,,4.38,1,11,2025-10-15
USR001347,Forum Oza,forum.oza1980@tcs.com,5095288959,2022-05-08,LKO,iOS,Cash,140.55,REF4382YN,USR000084,3.32,1,7,2022-07-07
USR001348,Bhanumati Narain,bhanumati.narain@gmail.com,7650471883,2023-03-12,KOL,Android,UPI,48.24,REF4703KB,USR000793,4.33,1,6,2026-01-06
USR001349,Yashoda Shah,yashodashah42@rediffmail.com,6686679899,2023-02-08,JAI,Android,Cash,295.19,REF0099VR,,4.51,1,8,2023-07-22
USR001350,Anthony Sant,anthony_sant29@outlook.com,,2025-11-03,JAI,Android,Cash,126.82,REF4706SG,,4.56,1,4,2026-06-01
USR001351,Faris Bal,faris.bal93@wipro.com,1567566505,2023-10-12,AMD,iOS,Cash,242.76,REF9014NC,USR000333,4.02,1,7,2023-12-10
USR001352,Leena Swamy,leena_swamy@infosys.com,3435969850,2021-10-08,PUNE,Android,Cash,116.03,REF1886BR,,2.83,1,5,2025-12-13
USR001353,Veer Sundaram,veer.sundaram26@yahoo.com,4286178925,2024-05-17,MUM,iOS,UPI,73.14,REF4505YA,,4.55,1,10,2025-11-04
USR001354,Wridesh Yohannan,wridesh_yohannan@wipro.com,6481638493,2021-09-29,PUNE,iOS,Credit Card,306.28,REF7140IV,USR000822,4.58,1,4,2022-05-09
USR001355,Timothy Bahl,timothy_bahl17@tcs.com,7896951930,2024-05-19,BLR,Android,Wallet,99.14,REF6806MU,USR000865,4.19,1,5,2025-01-17
USR001356,Inaya Viswanathan,inaya.viswanathan1985@hotmail.com,6562036344,2022-12-08,KOL,Android,Credit Card,78.46,REF4852TF,USR000153,4.71,1,10,2025-12-28
USR001357,Yash Kaul,yash.kaul1986@outlook.com,3357617073,2025-11-05,KOL,iOS,Cash,304.28,REF4394ZG,USR000194,4.87,1,11,2026-06-13
USR001358,Priya Ghose,priya.ghose@wipro.com,6785089897,2023-03-27,AMD,Android,Credit Card,206.6,REF1744WD,,4.27,1,5,2026-01-13
USR001359,Wriddhish Mangal,wriddhish.mangal74@hdfcbank.com,3774037676,2023-10-04,LKO,Android,UPI,68.45,REF7475NR,,4.66,1,7,2024-06-27
USR001360,Varsha Sama,varsha.sama1985@wipro.com,9753411573,2025-05-26,LKO,iOS,Credit Card,170.24,REF8740QJ,,4.81,1,13,2025-09-21
USR001361,Chakradhar Mall,,5823445385,2023-04-17,DEL,iOS,Credit Card,250.96,REF3099DY,,2.89,1,8,2025-10-23
USR001362,Nisha Sani,nisha_sani64@tcs.com,7091103495,2024-04-20,JAI,iOS,Wallet,239.36,REF6535LM,,4.08,1,9,2024-08-19
USR001363,Dipta Buch,dipta.buch29@hotmail.com,8374661447,2021-10-28,DEL,iOS,UPI,159.06,REF6119SW,,3.87,0,7,2022-08-18
USR001364,Yasti Sur,yastisur1992@gmail.com,6668290525,2021-06-26,KOL,iOS,UPI,136.19,REF7618PW,,4.43,1,6,2024-07-04
USR001365,Anya Gala,anya.gala1998@wipro.com,9276405473,2023-12-07,BLR,Android,Cash,320.95,REF6599XB,USR001163,4.47,1,10,2025-01-17
USR001366,Christopher Pant,christopher_pant1999@hdfcbank.com,6604747338,2023-05-31,LKO,iOS,Cash,155.19,REF9862JE,,4.37,1,9,2024-04-19
USR001367,Oliver Lal,oliver.lal39@hdfcbank.com,0359441023,2025-09-20,JAI,iOS,Cash,139.13,REF9147UV,,4.36,1,9,2026-01-26
USR001368,Odika Mukherjee,odika.mukherjee89@gmail.com,3135183025,2024-02-08,MUM,Android,Debit Card,113.48,REF8735FI,,4.37,1,12,2025-11-10
USR001369,Farhan Palla,farhan.palla4@outlook.com,5217895599,2022-01-02,HYD,iOS,Wallet,30.09,REF8534AX,,5.0,1,10,2023-02-07
USR001370,Onkar Prashad,onkarprashad1993@icloud.com,6759238319,2021-06-09,LKO,Android,Wallet,200.83,REF0984TR,,3.98,1,12,2024-06-02
USR001371,Christopher Hayre,christopherhayre1990@tcs.com,,2021-11-12,BLR,iOS,Cash,284.16,REF3489FJ,,3.41,1,14,2024-08-19
USR001372,Oscar Muni,oscar_muni2003@hotmail.com,9730912185,2024-08-10,BLR,Android,Debit Card,73.06,REF8146MQ,USR000552,4.03,1,9,2024-09-09
USR001373,Neelima Chakrabarti,neelima_chakrabarti@tcs.com,5530153030,2024-03-11,DEL,Android,UPI,86.34,REF2734FF,USR001110,4.46,1,6,2024-09-07
USR001374,Harish Batta,harishbatta2001@hdfcbank.com,4557663454,2024-04-30,KOL,Android,Credit Card,336.91,REF4407CI,,3.95,1,9,2026-01-16
USR001375,Niharika Loke,niharika.loke1982@wipro.com,4191061669,2022-07-06,KOL,Android,Credit Card,155.63,REF1829LG,,4.7,1,5,2025-09-20
USR001376,Zashil Desai,zashil_desai1987@yahoo.com,6822175626,2022-01-18,JAI,iOS,Wallet,140.79,REF1008OI,USR000704,4.07,1,11,2024-03-24
USR001377,Anika Taneja,anika_taneja1980@icloud.com,9325722870,2024-05-30,PUNE,Android,Credit Card,36.64,REF9962BH,,4.6,0,7,2025-10-28
USR001378,Amara Nori,amara_nori@outlook.com,8712951452,2026-05-13,KOL,iOS,UPI,195.94,REF3220CP,,4.71,1,6,2026-07-14
USR001379,Amol Rai,amolrai1990@yahoo.com,2240654747,2021-09-03,JAI,Android,UPI,232.67,REF0580TJ,,3.65,1,10,2025-01-11
USR001380,Aarini Chacko,aarini_chacko@yahoo.com,3016556238,2021-03-19,MUM,iOS,Credit Card,72.45,REF6950TL,,5.0,1,8,2021-09-15
USR001381,Idika Sandal,idika_sandal@infosys.com,0622901138,2023-01-20,LKO,Android,Wallet,137.11,REF8788GC,,4.61,0,14,2025-12-29
USR001382,Fariq Aurora,fariq_aurora1999@gmail.com,5148953829,2025-09-30,BLR,Android,Debit Card,25.93,REF6047LR,,4.12,0,9,2025-11-13
USR001383,Aashi Sharaf,,7283951673,2023-12-09,AMD,Android,Cash,142.34,REF4419TW,,3.89,1,11,2024-04-21
USR001384,Wakeeta Anand,wakeeta_anand54@infosys.com,8656292582,2022-04-27,JAI,iOS,Wallet,77.42,REF0953IQ,USR000281,4.06,1,12,2024-03-04
USR001385,Tejas Dube,tejas_dube95@tcs.com,6885684676,2025-06-11,AMD,iOS,Debit Card,72.41,REF2828AW,USR000344,3.98,1,12,2025-08-20
USR001386,Theodore Srinivasan,theodore_srinivasan@outlook.com,9752135317,2025-02-09,LKO,iOS,Debit Card,79.19,REF7809ZR,,4.77,1,5,2025-12-30
USR001387,Anvi Yogi,anvi.yogi6@hotmail.com,4862675119,2026-02-08,MUM,Android,Wallet,237.36,REF5559OK,,4.81,1,14,2026-02-14
USR001388,Niharika Parekh,niharika.parekh1@icloud.com,4196789630,2024-04-15,HYD,Android,Credit Card,237.57,REF9764VO,USR000238,4.06,1,8,2026-07-12
USR001389,Darsh Choudhary,darshchoudhary80@gmail.com,5972242284,2022-02-22,KOL,Android,UPI,80.72,REF0935VG,USR000583,4.09,1,10,2025-01-21
USR001390,Nirja Bava,nirja_bava@gmail.com,8040334801,2025-10-08,HYD,iOS,Wallet,142.85,REF8349KE,,4.32,1,10,2026-05-21
USR001391,Mugdha Sunder,mugdhasunder@hdfcbank.com,4605392609,2023-11-22,BLR,iOS,Debit Card,46.71,REF5373XY,USR000143,4.22,1,8,2025-05-13
USR001392,Warhi Deshpande,warhi.deshpande@gmail.com,4991192856,2025-09-09,MUM,Android,Credit Card,78.0,REF6746OS,,3.96,1,6,2025-09-12
USR001393,Frederick Parikh,frederick_parikh1996@gmail.com,0775582126,2023-05-01,CHN,iOS,Credit Card,281.96,REF7285VC,USR001133,4.75,1,6,2025-12-04
USR001394,Vanya Vala,vanyavala@rediffmail.com,7890751991,2021-12-29,BLR,iOS,Wallet,156.29,REF2643MX,,4.36,1,8,2023-06-15
USR001395,Ekapad Dua,ekapaddua1992@tcs.com,9253164982,2024-03-15,DEL,iOS,Credit Card,22.41,REF9817EX,,3.85,1,9,2025-08-20
USR001396,Anita Sarraf,anita_sarraf23@wipro.com,5907055494,2021-07-29,KOL,Android,Cash,196.35,REF8385QK,,5.0,1,9,2025-08-08
USR001397,Harsh Nayar,harshnayar28@gmail.com,0949076341,2023-06-27,HYD,Android,UPI,318.93,REF3436IE,,4.45,1,13,2024-06-14
USR001398,Charan Batta,charan.batta42@hdfcbank.com,7734943148,2025-02-09,KOL,iOS,Cash,148.77,REF5359DD,USR000621,4.31,1,11,2025-10-08
USR001399,Nandini Kumar,nandinikumar1994@hdfcbank.com,7416855739,2025-06-05,LKO,Android,Debit Card,187.8,REF7225XD,,3.88,1,13,2025-11-09
USR001400,Ikshita Badami,ikshitabadami1999@hdfcbank.com,7581660284,2022-03-25,BLR,iOS,Debit Card,347.94,REF5232IX,USR000041,4.2,1,5,2025-06-06
USR001401,Sachi Agarwal,sachi.agarwal86@tcs.com,4697147973,2026-01-04,AMD,iOS,UPI,60.8,REF1362PN,USR000358,4.88,0,10,2026-04-26
USR001402,Benjamin Vasa,benjaminvasa@gmail.com,6017039610,2025-01-12,MUM,Android,Wallet,73.83,REF4185TU,,4.85,1,4,2025-12-12
USR001403,Henry Sarma,henry.sarma@outlook.com,4907869285,2025-03-22,MUM,Android,Debit Card,5.17,REF1759RB,,3.89,1,7,2026-04-30
USR001404,Warjas Samra,warjassamra93@wipro.com,3673558960,2023-09-29,LKO,iOS,Cash,143.1,REF5162HV,,4.1,1,13,2026-03-14
USR001405,Anamika Chada,anamika.chada26@outlook.com,3901430974,2022-01-14,HYD,iOS,UPI,128.63,REF7072II,,3.65,1,7,2026-03-31
USR001406,Umang Murthy,umang.murthy@gmail.com,1480300735,2023-03-06,MUM,iOS,UPI,52.33,REF2749OB,,3.91,1,7,2025-02-13
USR001407,Hema Golla,hema_golla2000@tcs.com,4128866911,2024-08-09,LKO,Android,Cash,184.08,REF6582YB,,4.28,0,6,2026-06-19
USR001408,Ekantika Dutt,ekantika_dutt@gmail.com,7892594657,2024-06-07,HYD,Android,Cash,268.04,REF2232EQ,,4.8,0,9,2025-10-01
USR001409,Kavya Nadig,kavya_nadig2004@gmail.com,8185136738,2024-07-20,BLR,Android,UPI,181.26,REF4465SN,USR000242,4.34,1,9,2026-06-23
USR001410,Tarak Saxena,tarak.saxena@icloud.com,8471462201,2024-05-25,MUM,Android,UPI,199.73,REF0520NJ,,4.88,1,7,2024-09-09
USR001411,Darpan Chatterjee,darpan_chatterjee@tcs.com,,2022-12-04,JAI,iOS,Credit Card,182.47,REF4833PU,USR001276,3.97,0,8,2024-02-15
USR001412,Advay Hayre,advayhayre1992@tcs.com,4770906761,2022-01-02,AMD,iOS,Cash,181.16,REF1272IN,USR000578,4.11,0,8,2022-12-28
USR001413,Aarnav Subramanian,aarnavsubramanian25@hotmail.com,2172048886,2022-11-22,DEL,iOS,Credit Card,65.98,REF8376JV,USR000588,5.0,1,5,2024-12-30
USR001414,Chaitanya Kara,chaitanyakara@gmail.com,6496741991,2025-09-16,MUM,Android,Credit Card,94.7,REF8041GY,,4.8,1,8,2026-07-04
USR001415,Lila Krishna,lila.krishna28@gmail.com,3425197018,2023-07-19,MUM,Android,Debit Card,301.25,REF6053MR,USR000736,3.84,1,7,2025-05-17
USR001416,Lucky Raman,lucky.raman1987@icloud.com,2153193625,2025-05-14,BLR,Android,Credit Card,304.02,REF1589GM,,4.11,1,6,2025-06-10
USR001417,Aryan Uppal,aryan.uppal@gmail.com,0293358384,2021-12-07,LKO,Android,Wallet,316.57,REF2602LH,,3.91,1,4,2022-05-30
USR001418,Wriddhish Narain,wriddhish.narain2002@outlook.com,4693510214,2023-12-24,MUM,iOS,Debit Card,165.14,REF3910AX,USR000325,3.88,1,8,2026-04-19
USR001419,Ganga Pillai,gangapillai58@outlook.com,3597177170,2021-05-01,MUM,Android,Cash,279.47,REF0128PM,,3.94,1,8,2026-05-28
USR001420,Chavvi Borah,chavvi.borah33@gmail.com,5164838953,2023-01-30,AMD,iOS,Debit Card,122.16,REF3056GC,USR000354,4.19,1,9,2024-06-17
USR001421,Netra Shankar,netra_shankar@icloud.com,6434597317,2024-02-11,DEL,Android,Cash,58.22,REF3768QH,USR000425,4.65,1,4,2024-03-09
USR001422,Siya Nath,siyanath86@gmail.com,0484809473,2025-04-13,MUM,iOS,Credit Card,5.39,REF3033LQ,,3.79,1,5,2025-05-04
USR001423,Bimala Gaba,bimala.gaba32@hdfcbank.com,9594761110,2021-03-04,MUM,iOS,UPI,125.4,REF1815YB,,4.42,1,9,2022-04-08
USR001424,Bimala Panchal,bimala_panchal1983@yahoo.com,,2021-06-13,DEL,iOS,Debit Card,134.17,REF7976TC,,4.34,1,7,2022-12-29
USR001425,Max Ganesan,maxganesan55@icloud.com,8540390984,2024-03-03,KOL,Android,Debit Card,110.42,REF6572GK,,4.06,1,8,2025-08-25
USR001426,Qabil Reddy,qabil_reddy21@outlook.com,6870977779,2021-09-04,JAI,Android,Debit Card,3.9,REF6856AB,USR001375,4.15,1,13,2026-03-07
USR001427,Maanas Puri,maanaspuri@gmail.com,2711073512,2025-12-27,KOL,iOS,Credit Card,74.38,REF5703KK,USR001199,4.46,1,5,2026-01-12
USR001428,Niharika Zacharia,,3330239934,2023-04-06,KOL,iOS,UPI,228.82,REF8962LQ,,4.28,1,5,2025-02-10
USR001429,Aarna Karan,aarna.karan96@infosys.com,2357865294,2021-08-27,DEL,iOS,Cash,83.97,REF4606TB,,3.68,1,8,2024-04-10
USR001430,Bachittar Raja,bachittarraja@wipro.com,5487531198,2025-04-23,JAI,Android,Cash,120.83,REF1285PE,,4.03,1,14,2026-07-06
USR001431,Abeer Naik,abeernaik77@infosys.com,2550786887,2021-05-15,PUNE,Android,UPI,66.77,REF0425WT,USR001247,3.47,0,8,2024-03-07
USR001432,Om Das,om_das1997@outlook.com,1958663992,2023-10-07,HYD,Android,Credit Card,130.68,REF8602CO,,4.2,1,7,2024-12-29
USR001433,Zilmil Taneja,zilmil.taneja30@rediffmail.com,4956291796,2026-02-03,KOL,Android,Credit Card,144.01,REF8798XE,USR000588,4.21,1,8,2026-02-15
USR001434,Qadim Toor,qadim.toor9@gmail.com,5102874512,2025-02-18,JAI,iOS,Cash,118.63,REF4416AP,,5.0,1,5,2025-06-14
USR001435,Jalsa Mishra,jalsa.mishra14@gmail.com,4879210466,2025-10-03,BLR,Android,Credit Card,401.04,REF0220FU,,4.47,1,13,2026-06-23
USR001436,Onveer Ravi,onveer.ravi2001@infosys.com,0360785483,2024-09-15,DEL,iOS,UPI,198.78,REF2750XG,,4.66,1,11,2026-03-27
USR001437,Wazir Kalita,wazirkalita1996@infosys.com,0145792326,2024-05-04,JAI,iOS,Credit Card,201.65,REF3095GF,,4.53,1,13,2024-07-28
USR001438,Triveni Amble,triveniamble@icloud.com,9679720925,2026-03-16,JAI,Android,UPI,186.53,REF7148VG,,4.75,1,6,2026-07-12
USR001439,Ira Date,iradate@outlook.com,7049379582,2025-12-15,PUNE,Android,Cash,176.51,REF1920HJ,,3.88,1,10,2026-04-23
USR001440,Jeet Brahmbhatt,jeet.brahmbhatt39@gmail.com,1492075741,2023-05-08,AMD,iOS,Wallet,224.93,REF9158OX,,4.44,1,9,2024-05-10
USR001441,Nisha Dutt,nishadutt1997@gmail.com,1883124977,2024-09-30,MUM,Android,Cash,456.88,REF4248ZD,,4.13,1,8,2026-05-27
USR001442,Chameli Halder,chameli.halder@hotmail.com,9787296571,2025-03-21,KOL,iOS,UPI,213.73,REF3677KW,USR001206,3.27,1,3,2025-09-18
USR001443,Naksh Batta,nakshbatta1990@rediffmail.com,4247960009,2023-10-10,JAI,Android,Credit Card,148.69,REF5643HR,,3.92,1,5,2025-08-30
USR001444,Vasudha Kari,vasudha_kari79@tcs.com,2662254920,2025-05-15,AMD,iOS,Credit Card,135.63,REF4091AS,USR000093,3.68,1,4,2026-03-20
USR001445,Amrita Bhargava,amrita.bhargava@rediffmail.com,3117226414,2022-06-27,LKO,iOS,UPI,158.4,REF3693DM,USR001048,4.51,1,13,2024-03-27
USR001446,Dominic Vig,dominic.vig35@tcs.com,3598474229,2026-07-03,PUNE,Android,Wallet,324.0,REF7569YA,USR001120,3.94,0,7,2026-07-07
USR001447,Vasana Sood,vasanasood1999@gmail.com,0226247365,2022-04-12,LKO,Android,Wallet,341.38,REF8359AR,USR000530,3.89,1,9,2024-06-29
USR001448,Baljiwan Bhakta,baljiwan.bhakta2001@wipro.com,1442787355,2024-06-30,MUM,Android,Debit Card,275.01,REF0032MK,USR000232,3.95,1,12,2026-02-20
USR001449,Nandini Tailor,nandini.tailor6@tcs.com,5493934396,2025-08-08,HYD,iOS,UPI,67.3,REF4042PP,USR000974,3.58,1,4,2026-03-04
USR001450,Idika Ghosh,idika_ghosh@rediffmail.com,7338133073,2023-04-01,PUNE,Android,Credit Card,79.5,REF9045NV,,4.13,1,10,2024-10-22
USR001451,Pallavi Mukherjee,pallavimukherjee@tcs.com,7409853720,2021-03-06,HYD,iOS,Debit Card,81.93,REF4533DL,USR001162,5.0,1,10,2023-07-06
USR001452,Chanakya Dass,chanakyadass19@gmail.com,0715558709,2022-06-14,LKO,Android,Cash,144.25,REF3350UE,,3.99,0,5,2026-07-16
USR001453,Harita Ramaswamy,harita_ramaswamy1993@wipro.com,9255125380,2023-04-28,JAI,Android,Credit Card,259.14,REF4042JP,,4.55,1,9,2024-05-10
USR001454,Ansh Palla,ansh_palla89@hotmail.com,1971575571,2025-07-07,HYD,iOS,Cash,167.91,REF7819FP,,4.02,1,5,2025-12-13
USR001455,Arunima Rout,arunimarout@hdfcbank.com,6218563520,2026-06-28,PUNE,Android,UPI,105.96,REF6632GO,USR000277,4.03,1,4,2026-07-17
USR001456,Mitesh Bhakta,miteshbhakta2004@rediffmail.com,8569771433,2025-12-26,DEL,iOS,UPI,154.73,REF0761UC,USR000161,4.05,1,7,2026-04-13
USR001457,Ikbal Basu,ikbal_basu@gmail.com,0392788881,2022-10-06,HYD,iOS,Credit Card,345.53,REF6080VW,USR001187,4.42,1,9,2024-03-21
USR001458,Ishwar Raju,ishwar_raju49@hdfcbank.com,6878518569,2024-08-26,LKO,iOS,Credit Card,99.51,REF8930RZ,USR001189,4.24,1,6,2025-05-09
USR001459,Naveen Rai,naveen.rai40@hotmail.com,0727208147,2024-06-10,KOL,iOS,Wallet,12.32,REF0509YV,,3.89,1,8,2025-05-10
USR001460,Andrew Shukla,andrew.shukla2005@gmail.com,0697899951,2023-06-27,PUNE,Android,Cash,111.59,REF2373WA,,4.81,1,10,2025-03-19
USR001461,Triya Buch,triya_buch44@gmail.com,9066886751,2022-05-12,PUNE,iOS,Wallet,89.89,REF4549JN,,3.99,1,6,2023-02-03
USR001462,Irya Sankar,irya.sankar@gmail.com,6343180739,2024-07-19,PUNE,iOS,Credit Card,278.79,REF8571FB,,4.65,1,12,2024-07-28
USR001463,Priya Narula,priya_narula79@gmail.com,7303167871,2026-05-27,AMD,iOS,Wallet,183.33,REF2002WH,,4.61,1,8,2026-06-26
USR001464,Mitesh Arora,mitesharora@gmail.com,2545500549,2021-12-29,CHN,Android,UPI,42.77,REF9261XS,,4.31,1,3,2024-10-24
USR001465,Warhi Ratti,warhi_ratti@gmail.com,7246163034,2026-06-29,JAI,Android,UPI,57.69,REF0809LJ,,4.05,1,13,2026-07-15
USR001466,Bishakha Kapoor,bishakha_kapoor1985@rediffmail.com,9307417996,2024-05-04,PUNE,iOS,UPI,210.62,REF3830BB,,3.8,1,5,2025-02-07
USR001467,Robert Parmer,robert_parmer30@hdfcbank.com,2252756002,2025-02-04,MUM,Android,UPI,122.29,REF5466JG,USR000515,4.89,1,7,2025-09-26
USR001468,Kashish Raja,kashishraja@gmail.com,5158904182,2023-03-02,JAI,Android,Wallet,28.98,REF2302OS,,3.46,1,14,2024-02-10
USR001469,Caleb Contractor,caleb_contractor1989@hotmail.com,7884479098,2024-11-23,HYD,iOS,Debit Card,320.68,REF8051AZ,,4.69,0,3,2025-08-24
USR001470,Mahika Naidu,mahika.naidu92@tcs.com,0224824886,2023-08-15,PUNE,Android,Credit Card,243.12,REF6361UI,,3.98,0,9,2024-01-19
USR001471,Charita Peri,charita_peri2000@hdfcbank.com,8026691419,2025-02-17,AMD,Android,Wallet,17.32,REF3137PD,,4.64,1,6,2026-03-31
USR001472,Aishani Sha,aishani_sha@wipro.com,1992569247,2021-12-14,DEL,Android,Cash,45.93,REF3960YF,,3.63,1,8,2025-10-17
USR001473,Thomas Lala,thomas.lala@hotmail.com,1811814051,2025-06-29,MUM,iOS,Credit Card,76.1,REF6883SE,,4.01,1,14,2025-11-06
USR001474,Dayita Muni,dayita.muni2002@hdfcbank.com,6094067148,2023-10-28,BLR,iOS,Cash,58.29,REF3251CL,,4.49,1,9,2024-09-30
USR001475,Adweta Pandya,adweta_pandya23@outlook.com,2275794074,2021-05-22,KOL,iOS,Wallet,67.14,REF7831BM,,4.08,1,11,2024-04-09
USR001476,Aarush Karpe,aarush_karpe89@infosys.com,6941264106,2026-05-11,PUNE,iOS,Debit Card,288.27,REF0337QQ,,4.61,1,6,2026-07-18
USR001477,Indali Kaur,indali.kaur1994@tcs.com,7631010896,2023-07-12,JAI,Android,UPI,105.48,REF0326WZ,,4.91,1,5,2025-04-28
USR001478,Meghana Barad,meghana.barad2002@gmail.com,4748679486,2025-11-26,JAI,iOS,Cash,56.02,REF5461KU,,2.67,1,11,2026-03-14
USR001479,Unni Arora,unniarora18@yahoo.com,0770177375,2026-07-11,PUNE,iOS,Cash,492.05,REF9894GQ,,4.47,0,9,2026-07-18
USR001480,Sachi Wable,sachiwable1985@yahoo.com,1960049021,2021-07-03,LKO,iOS,Debit Card,193.22,REF9493ZM,USR000271,4.83,1,6,2022-08-24
USR001481,Pallavi Sem,pallavi.sem@tcs.com,8496552391,2025-06-11,MUM,Android,UPI,283.46,REF4441ZW,,4.77,1,7,2026-05-14
USR001482,Christopher Mukhopadhyay,christopher.mukhopadhyay1982@tcs.com,3619773173,2026-03-08,DEL,Android,Credit Card,303.28,REF7033XP,USR000092,3.84,0,7,2026-04-06
USR001483,Max Hayre,maxhayre1995@rediffmail.com,3927687141,2023-06-08,KOL,Android,UPI,42.28,REF9462RG,,3.54,1,9,2026-04-13
USR001484,Madhavi Sarraf,madhavisarraf31@hotmail.com,5817357921,2024-01-27,MUM,iOS,Credit Card,387.06,REF3493YH,,4.51,0,11,2026-04-21
USR001485,Kamala Lall,kamala_lall1990@gmail.com,9897014557,2024-08-06,MUM,Android,Wallet,158.12,REF1625BZ,USR001128,3.72,1,14,2026-05-24
USR001486,Vaishnavi Chaudhary,vaishnavi_chaudhary96@icloud.com,5529050926,2022-02-11,DEL,iOS,Wallet,135.79,REF0393QQ,,5.0,1,14,2022-02-18
USR001487,Christopher Chacko,christopher.chacko83@outlook.com,1973844981,2022-11-10,DEL,Android,Wallet,236.43,REF0001YY,,3.95,1,15,2025-01-16
USR001488,Reyansh Wali,reyanshwali2004@icloud.com,0867233104,2024-12-22,MUM,Android,Debit Card,183.48,REF2130DR,USR000916,4.08,1,11,2026-06-29
USR001489,Nitara Patil,nitarapatil1992@hdfcbank.com,2218822063,2024-06-13,DEL,iOS,Cash,250.39,REF4817RD,,4.45,1,10,2025-08-27
USR001490,Dev Kapoor,devkapoor1996@infosys.com,4169368359,2024-06-27,KOL,Android,Wallet,420.43,REF1864HE,,4.24,1,8,2024-07-12
USR001491,Yagnesh Din,yagnesh.din73@gmail.com,3252826712,2023-12-20,AMD,Android,Debit Card,115.2,REF9167BR,USR001212,3.77,1,14,2025-03-03
USR001492,Noah Grewal,noahgrewal@rediffmail.com,,2022-04-30,BLR,Android,UPI,93.02,REF6937LQ,USR001437,3.93,1,5,2024-05-03
USR001493,Charvi Venkatesh,charvi_venkatesh43@gmail.com,6811143306,2026-06-26,MUM,Android,Cash,60.13,REF5296WQ,,3.55,1,6,2026-06-30
USR001494,Varenya Chada,varenya.chada2001@tcs.com,0627879025,2023-07-25,CHN,Android,Credit Card,292.35,REF4098BU,,4.56,1,13,2025-09-20
USR001495,Madhavi Keer,madhavi_keer1996@gmail.com,2660323584,2021-07-08,LKO,iOS,Credit Card,169.37,REF9120TU,,3.39,1,15,2022-07-05
USR001496,Vrishti Sidhu,vrishti_sidhu@hotmail.com,9579551924,2025-07-20,CHN,iOS,Debit Card,23.54,REF1802NU,,3.87,1,8,2025-09-11
USR001497,Mahika Shah,mahika.shah@wipro.com,2567611258,2023-11-02,BLR,Android,Cash,131.71,REF7411EE,USR000752,4.81,1,6,2025-03-24
USR001498,Brijesh Pathak,brijesh_pathak1985@gmail.com,2924828732,2026-03-11,PUNE,iOS,Debit Card,363.58,REF4233BY,,4.38,1,12,2026-07-06
USR001499,Onveer Sastry,onveersastry1985@outlook.com,8522072019,2024-06-05,PUNE,iOS,UPI,265.0,REF1078HM,USR000995,3.95,1,10,2025-11-19
USR001500,Zehaan Boase,zehaan_boase2000@gmail.com,6365129555,2022-05-08,MUM,Android,Wallet,20.56,REF7084II,USR001111,4.1,0,5,2024-06-10
USR001501,Chavvi Yogi,chavvi.yogi41@gmail.com,2300360722,2024-03-22,PUNE,Android,Cash,128.12,REF1005FC,USR000950,3.57,0,7,2026-06-26
USR001502,Aarnav Gupta,aarnav.gupta56@wipro.com,,2021-03-31,PUNE,Android,Wallet,287.91,REF3502VP,USR001167,4.89,1,9,2022-01-03
USR001503,Ishwar Saran,ishwar_saran2005@gmail.com,1663166968,2026-05-14,AMD,iOS,UPI,329.56,REF4243DV,,4.94,1,6,2026-06-22
USR001504,Kashvi Mallick,kashvi.mallick77@icloud.com,1664970084,2023-12-05,AMD,iOS,Cash,109.62,REF7403NA,,4.16,1,13,2024-07-10
USR001505,Vrishti Ray,vrishtiray10@hotmail.com,2809241150,2023-04-27,MUM,Android,Wallet,145.32,REF4580GV,USR000637,4.65,0,8,2026-05-03
USR001506,Hardik Hayer,hardikhayer47@tcs.com,5232280588,2022-12-22,JAI,iOS,Credit Card,69.6,REF5096NK,,4.61,1,7,2023-05-11
USR001507,Dakshesh Mohan,daksheshmohan1981@rediffmail.com,3950111525,2025-08-15,HYD,iOS,Credit Card,384.72,REF3774PW,,3.75,1,11,2025-09-14
USR001508,Neelima Baria,neelima.baria@rediffmail.com,8903045880,2024-04-19,JAI,Android,Debit Card,196.66,REF5862DC,,3.47,1,4,2025-10-25
USR001509,Karan Gokhale,karan_gokhale@rediffmail.com,5920559675,2025-06-22,CHN,iOS,Credit Card,134.35,REF9718BE,,4.41,1,6,2025-12-08
USR001510,Saumya Kapoor,saumyakapoor@tcs.com,6274511608,2024-06-23,PUNE,iOS,UPI,159.76,REF7799FG,,4.89,1,7,2025-08-03
USR001511,Ijaya Ganesh,,6896008347,2026-01-22,PUNE,Android,UPI,143.04,REF9589DC,,4.36,1,6,2026-07-20
USR001512,Abhimanyu Tandon,abhimanyu.tandon@gmail.com,3997992715,2021-07-28,HYD,Android,UPI,115.58,REF6128OK,,3.81,1,7,2024-03-01
USR001513,Zilmil Pandit,,9868184397,2022-08-28,AMD,iOS,UPI,112.75,REF6033HR,,4.35,1,8,2023-08-25
USR001514,Upma Khalsa,upma.khalsa@icloud.com,9944574441,2023-01-30,HYD,iOS,Debit Card,225.34,REF6309AP,,3.8,1,7,2023-07-19
USR001515,Krishna Rajan,krishna.rajan41@yahoo.com,7591604359,2025-05-27,LKO,iOS,UPI,85.53,REF0769KV,USR000856,4.29,1,6,2026-06-19
USR001516,Turvi Sanghvi,turvi_sanghvi@icloud.com,8375681678,2026-03-21,BLR,iOS,Cash,218.07,REF8398VO,USR001298,4.12,1,8,2026-07-12
USR001517,Dakshesh Savant,dakshesh_savant@wipro.com,1350078836,2025-09-26,BLR,iOS,Cash,40.63,REF4340FS,,5.0,1,7,2026-03-26
USR001518,Barkha Arya,barkhaarya1986@infosys.com,9952850231,2021-05-15,DEL,Android,Wallet,137.31,REF9223MT,USR001388,4.5,1,9,2024-11-08
USR001519,Dipta Narayanan,dipta_narayanan1982@outlook.com,2490322347,2022-07-23,PUNE,Android,UPI,33.44,REF2653KD,,4.19,0,9,2024-12-16
USR001520,Bahadurjit Kibe,bahadurjit_kibe@hotmail.com,7020061741,2026-02-07,MUM,Android,Debit Card,126.29,REF7146YN,,4.9,1,8,2026-07-14
USR001521,Upma Ramanathan,upmaramanathan1980@gmail.com,9391270650,2022-11-29,BLR,Android,Debit Card,154.69,REF3644YX,,3.64,0,9,2023-02-05
USR001522,Avi Patla,avipatla1995@outlook.com,8530455559,2023-05-28,JAI,Android,UPI,355.74,REF7612KJ,,4.0,1,10,2025-11-12
USR001523,Priya Ahuja,priya_ahuja@rediffmail.com,9433276399,2021-09-14,HYD,Android,Cash,61.13,REF5026NT,,4.14,1,8,2023-06-04
USR001524,Yash Ratta,yash.ratta49@gmail.com,0222097550,2023-02-12,BLR,iOS,Debit Card,107.84,REF0460BH,USR000330,3.98,1,6,2025-01-24
USR001525,Arjun Bhavsar,arjunbhavsar@yahoo.com,0393449076,2022-01-12,CHN,Android,Wallet,116.05,REF6179CB,,4.48,1,7,2023-01-23
USR001526,Rishi Khanna,rishi_khanna87@yahoo.com,,2022-09-23,PUNE,Android,UPI,414.71,REF9721YL,USR000066,4.54,0,15,2025-12-06
USR001527,Manan Chowdhury,manan_chowdhury@gmail.com,7122600822,2025-04-15,JAI,iOS,Cash,15.79,REF3919KK,USR000029,5.0,1,3,2025-07-01
USR001528,Sudiksha Bhagat,sudikshabhagat1990@gmail.com,5788728206,2021-01-14,CHN,iOS,Wallet,95.42,REF8377VR,,4.13,1,8,2025-12-13
USR001529,Fariq Ganesh,fariqganesh@hdfcbank.com,4466589524,2024-04-30,LKO,iOS,Debit Card,248.47,REF3228SV,USR000096,4.58,1,8,2024-12-22
USR001530,Pooja Lanka,pooja_lanka15@gmail.com,2573787477,2023-01-28,PUNE,Android,UPI,68.75,REF7609AS,USR000949,5.0,1,10,2023-03-19
USR001531,Omaja Nadkarni,omajanadkarni@hotmail.com,6129889728,2025-03-20,JAI,Android,Credit Card,209.86,REF8840CA,USR001435,4.77,0,9,2025-06-14
USR001532,Yauvani Din,yauvani.din@tcs.com,1700537186,2023-12-11,MUM,iOS,UPI,97.88,REF4268DY,,4.9,0,5,2025-07-12
USR001533,Saksham Borde,saksham_borde2002@gmail.com,9512798312,2024-02-01,JAI,Android,Cash,218.81,REF0566IG,,3.51,1,7,2025-09-05
USR001534,Fiyaz Rastogi,fiyazrastogi1982@rediffmail.com,1984808701,2023-11-25,DEL,Android,Debit Card,394.21,REF4285PX,,4.92,1,15,2025-03-29
USR001535,Onkar Baral,onkar.baral1983@gmail.com,7404336895,2021-11-13,JAI,iOS,Credit Card,246.39,REF7086FG,,3.85,1,9,2023-06-01
USR001536,Nitara Chacko,nitarachacko1984@gmail.com,0900701785,2025-03-25,AMD,Android,UPI,197.63,REF7967SJ,USR001129,4.29,1,3,2025-07-12
USR001537,Bhavya Solanki,bhavyasolanki@gmail.com,0102975997,2021-07-01,CHN,iOS,Wallet,67.21,REF0205DJ,,4.34,1,14,2025-03-03
USR001538,Siya More,siya.more2002@gmail.com,6942041641,2026-05-07,PUNE,Android,UPI,47.43,REF4753MB,,4.58,1,4,2026-05-08
USR001539,Girik Guha,girik_guha@gmail.com,7669976816,2021-09-26,BLR,iOS,Wallet,299.04,REF5374CY,,4.11,1,8,2022-06-13
USR001540,Tanvi Mitra,tanvi_mitra2005@yahoo.com,9688144990,2023-05-06,PUNE,Android,Wallet,185.5,REF0855FX,USR000404,4.24,1,9,2023-05-11
USR001541,Bhanumati Bath,bhanumati.bath1980@gmail.com,5099986324,2023-06-21,AMD,iOS,Debit Card,265.37,REF8035GZ,,3.84,1,8,2024-01-03
USR001542,Gunbir Dada,gunbirdada@gmail.com,1846689859,2021-07-03,KOL,Android,Wallet,152.28,REF5352CV,USR001246,4.42,1,13,2021-09-24
USR001543,Jacob Tella,jacob.tella16@gmail.com,4800226425,2025-09-21,JAI,iOS,UPI,140.45,REF3213WK,,3.36,1,7,2026-04-09
USR001544,Nihal Varughese,nihal.varughese1987@rediffmail.com,2147498474,2023-01-22,KOL,iOS,Wallet,200.3,REF9720VV,,3.81,1,5,2025-04-06
USR001545,Hemang Subramaniam,hemang_subramaniam@icloud.com,4617275804,2021-06-22,LKO,iOS,Debit Card,13.8,REF6042LP,,3.85,1,7,2023-03-04
USR001546,Yahvi Vasa,yahvi_vasa83@gmail.com,7754458474,2023-03-13,HYD,iOS,Cash,210.43,REF5292BC,,4.47,1,7,2024-06-15
USR001547,Tanay Sagar,tanay.sagar33@wipro.com,2751934638,2021-09-23,BLR,iOS,Credit Card,72.2,REF1340HN,,3.58,0,5,2026-05-28
USR001548,Chaitaly Srinivas,chaitalysrinivas1997@icloud.com,1156862230,2025-08-25,PUNE,iOS,Debit Card,99.44,REF9012RH,,4.19,1,11,2025-10-15
USR001549,Diya Kata,diyakata2001@infosys.com,2743303727,2024-05-01,LKO,Android,Cash,39.87,REF7065NQ,,3.74,1,5,2024-09-29
USR001550,Indira Sahota,indira_sahota59@wipro.com,1380782878,2022-06-24,HYD,Android,Cash,68.63,REF1862ST,,3.83,1,11,2023-10-27
USR001551,Idika Uppal,idika.uppal11@wipro.com,3565418028,2023-12-25,HYD,Android,Credit Card,54.58,REF0661US,USR000415,4.53,0,3,2026-04-07
USR001552,Rachita Barman,rachitabarman73@icloud.com,9984288284,2023-04-11,DEL,iOS,Debit Card,151.79,REF8252EK,,4.37,1,8,2025-11-22
USR001553,Thomas Ganesh,thomasganesh61@rediffmail.com,2036686427,2023-07-18,KOL,iOS,Debit Card,214.95,REF7052CP,,3.74,1,11,2025-07-25
USR001554,Quincy Sinha,quincy_sinha1980@hdfcbank.com,0320877834,2024-05-02,JAI,iOS,UPI,458.57,REF7862BI,,4.78,1,7,2025-02-13
USR001555,Tristan Lata,tristan_lata48@rediffmail.com,5623277004,2024-03-18,PUNE,iOS,Cash,113.89,REF7106LQ,USR000700,3.9,1,7,2024-09-23
USR001556,Tejas Bhat,tejasbhat@rediffmail.com,2857042402,2023-07-04,BLR,Android,Credit Card,302.57,REF5358WT,USR000566,4.38,1,6,2024-04-08
USR001557,Shivani Shanker,shivani.shanker54@hotmail.com,6788159646,2025-07-25,CHN,Android,Debit Card,68.19,REF5554AH,,4.26,1,8,2026-05-19
USR001558,Advaith Mishra,advaithmishra1980@wipro.com,7332291248,2022-03-14,DEL,iOS,Cash,422.28,REF7386YV,,4.2,1,9,2025-11-20
USR001559,Ayush Anne,ayush.anne72@gmail.com,4599426407,2021-09-07,AMD,iOS,Credit Card,88.54,REF9558DS,USR000247,5.0,1,10,2022-02-16
USR001560,Frederick Dave,frederickdave84@gmail.com,8013871628,2025-07-29,CHN,Android,Wallet,57.31,REF6089UN,,4.98,1,2,2026-04-13
USR001561,Ekani Borra,ekani.borra57@gmail.com,5337435670,2022-02-02,BLR,Android,Cash,72.39,REF3356JN,,4.9,1,10,2024-01-02
USR001562,Ekavir Nagar,ekavir.nagar2000@hotmail.com,9579457595,2023-03-31,PUNE,iOS,Credit Card,285.87,REF2772GX,USR000007,3.6,1,7,2023-11-14
USR001563,Wriddhish Ram,wriddhish.ram@icloud.com,1485418395,2025-07-25,AMD,Android,UPI,89.24,REF9955BV,,3.76,1,10,2026-01-29
USR001564,Sudiksha Wagle,sudiksha_wagle4@yahoo.com,1192145744,2021-12-31,BLR,Android,Debit Card,233.44,REF2525JZ,USR000949,5.0,1,7,2025-09-17
USR001565,Urvashi Rajan,urvashi.rajan@rediffmail.com,8824035321,2024-11-18,MUM,Android,Wallet,25.38,REF5203CY,,4.48,1,9,2025-02-14
USR001566,Sai Sarin,saisarin@hotmail.com,4121805257,2022-12-20,BLR,iOS,Credit Card,437.87,REF2440VS,,5.0,1,11,2023-02-12
USR001567,Barkha Sridhar,barkha_sridhar2002@yahoo.com,2546018911,2023-02-04,LKO,iOS,Credit Card,75.8,REF9599DT,,3.33,1,12,2023-12-04
USR001568,Urvashi Biswas,urvashi.biswas@yahoo.com,6276861273,2024-05-20,LKO,Android,UPI,205.43,REF3434ZG,USR000971,3.42,1,3,2026-04-27
USR001569,Gabriel Jani,gabriel_jani@rediffmail.com,4948029890,2021-06-28,JAI,iOS,UPI,168.11,REF4211JB,,2.65,1,6,2022-01-01
USR001570,Chasmum Patel,chasmum_patel1991@tcs.com,1990821335,2025-06-02,MUM,Android,Credit Card,118.3,REF8881LY,,4.47,0,10,2025-07-22
USR001571,Raagini Rastogi,raagini_rastogi91@tcs.com,7103891918,2026-05-26,JAI,Android,UPI,213.69,REF6831CJ,,5.0,1,9,2026-06-26
USR001572,Samesh Dutt,samesh.dutt@gmail.com,9560714876,2025-05-16,KOL,iOS,Credit Card,168.48,REF7405BH,,4.39,1,9,2026-06-05
USR001573,Ishita Sharaf,ishitasharaf1984@wipro.com,3160378110,2023-11-08,DEL,Android,Cash,429.96,REF5077WW,USR000316,5.0,1,6,2024-10-27
USR001574,Samesh Bhasin,samesh_bhasin1991@gmail.com,0599469669,2024-07-16,BLR,Android,Debit Card,344.13,REF5703WK,,4.92,1,6,2025-08-06
USR001575,Ayush Tailor,ayushtailor@yahoo.com,,2022-05-12,AMD,Android,UPI,182.58,REF3233SD,,4.6,1,7,2023-01-01
USR001576,Dominic Mahal,dominic.mahal@rediffmail.com,3234306587,2024-10-02,PUNE,Android,Cash,317.09,REF1580YB,,4.61,1,12,2025-02-03
USR001577,Yagnesh Sidhu,yagnesh_sidhu94@gmail.com,7228582585,2024-09-15,DEL,iOS,Wallet,118.59,REF4488JM,USR001475,3.09,1,11,2026-01-12
USR001578,Osha Bajwa,oshabajwa@infosys.com,3678838736,2022-05-30,LKO,Android,Credit Card,159.2,REF4551NN,,3.6,0,8,2026-02-09
USR001579,Aarna Keer,aarna.keer76@tcs.com,8466486741,2024-10-10,PUNE,iOS,Wallet,81.68,REF9323IB,USR001167,3.88,1,9,2025-01-11
USR001580,Vedant Cherian,vedant.cherian@infosys.com,9776014584,2025-07-07,BLR,Android,Wallet,328.04,REF6371IC,,4.12,0,7,2025-09-15
USR001581,Zehaan Buch,zehaanbuch56@icloud.com,1436116861,2023-10-14,MUM,Android,UPI,56.79,REF0811VX,USR000151,3.87,1,11,2026-06-03
USR001582,Gaurav Varty,gaurav_varty@gmail.com,5546542683,2024-08-18,AMD,iOS,UPI,252.97,REF1460MY,,4.23,1,5,2026-02-04
USR001583,Amara Bala,amarabala1997@icloud.com,4595660030,2026-07-11,BLR,Android,Wallet,64.31,REF6843FC,,4.51,1,9,2026-07-11
USR001584,Watika Doctor,watikadoctor99@outlook.com,7421736838,2023-05-11,PUNE,Android,Credit Card,102.97,REF1196PI,,3.9,1,10,2025-02-01
USR001585,Ansh Hari,ansh_hari4@icloud.com,1650811364,2026-05-08,JAI,iOS,Credit Card,231.83,REF5095RO,USR000297,4.99,1,9,2026-05-13
USR001586,Ranbir Som,ranbirsom60@outlook.com,2795951429,2022-07-12,CHN,iOS,Debit Card,7.31,REF0348OQ,,5.0,0,11,2026-07-07
USR001587,Forum Memon,forum.memon54@hotmail.com,6275280016,2025-04-11,KOL,iOS,Wallet,171.45,REF5449VY,USR000918,4.4,1,8,2026-02-08
USR001588,Eiravati Gour,eiravati.gour1998@rediffmail.com,3832648971,2021-03-11,CHN,iOS,UPI,322.12,REF1734TD,USR000501,4.78,1,4,2023-03-03
USR001589,Jeremiah Mander,jeremiah_mander1998@rediffmail.com,3049484142,2024-03-03,KOL,Android,Wallet,119.08,REF0017AD,,4.77,1,10,2024-06-23
USR001590,Tanay Subramanian,tanay.subramanian68@rediffmail.com,6798130265,2022-02-26,DEL,iOS,Cash,131.57,REF3552YI,,4.95,1,5,2022-03-14
USR001591,Zarna De,zarnade73@infosys.com,8941079116,2023-05-24,CHN,Android,UPI,42.52,REF6477GF,,4.1,1,6,2025-01-06
USR001592,Finn Chauhan,finn_chauhan96@hdfcbank.com,5424738852,2026-03-05,CHN,iOS,Wallet,65.52,REF1146QQ,USR000677,4.4,1,11,2026-05-11
USR001593,Tara Agrawal,tara.agrawal91@infosys.com,1253251218,2021-05-30,CHN,Android,Wallet,106.54,REF3774JR,,4.62,1,7,2024-10-16
USR001594,Nilima Ravi,nilimaravi@gmail.com,6538395716,2022-04-09,LKO,iOS,Wallet,69.26,REF0822ZE,USR001077,4.5,1,7,2026-07-11
USR001595,Akshay Gulati,akshaygulati2000@infosys.com,7037808866,2023-10-23,KOL,Android,Cash,353.94,REF4682GX,,3.75,1,12,2025-11-01
USR001596,Yutika Keer,yutika.keer@icloud.com,2674876296,2022-07-07,MUM,Android,Credit Card,421.77,REF9320FZ,USR000017,4.34,1,9,2025-09-18
USR001597,Megha Nadig,meghanadig@gmail.com,6541982817,2026-01-16,JAI,iOS,Credit Card,448.65,REF5074RR,USR001454,5.0,1,5,2026-05-01
USR001598,Banjeet Hari,banjeethari1987@gmail.com,0262693032,2021-03-29,CHN,iOS,Cash,132.92,REF9477KW,,3.75,1,9,2022-12-12
USR001599,Wyatt Anne,wyatt_anne1996@infosys.com,6351685224,2021-10-17,PUNE,Android,Credit Card,54.21,REF6452XC,,4.99,1,13,2022-12-08
USR001600,Ryan Subramaniam,ryan.subramaniam@gmail.com,6693327633,2022-11-09,LKO,iOS,Wallet,54.29,REF7675HI,,4.1,1,8,2025-12-20
USR001601,Nathaniel Venkatesh,nathaniel.venkatesh70@gmail.com,7225931033,2023-01-09,JAI,iOS,Credit Card,116.01,REF4228WS,USR000671,4.81,1,9,2025-03-31
USR001602,Lucky Johal,lucky_johal@outlook.com,0433331883,2022-08-31,BLR,Android,Wallet,131.61,REF7008SL,USR001374,3.6,0,5,2023-06-04
USR001603,Joshua Parsa,joshuaparsa1992@gmail.com,7371985176,2024-09-05,MUM,Android,Debit Card,210.24,REF8456OX,USR000924,3.82,1,11,2026-04-21
USR001604,Chakrika Pingle,chakrika.pingle1982@wipro.com,1578379264,2025-06-09,PUNE,Android,Cash,104.4,REF9680PO,,4.01,1,8,2025-12-21
USR001605,Priya Vig,priya.vig30@gmail.com,2883903979,2023-06-17,CHN,Android,Wallet,76.95,REF0532OC,USR000077,4.38,1,5,2025-02-24
USR001606,Kashish Bajaj,kashish.bajaj@tcs.com,8596551025,2025-07-28,JAI,iOS,Wallet,333.59,REF9783RN,,4.63,1,7,2025-10-28
USR001607,Balhaar Rau,balhaar.rau@yahoo.com,6714998632,2024-07-01,HYD,Android,Credit Card,282.4,REF0666VP,USR000677,4.09,1,4,2025-08-15
USR001608,Vihaan Wable,vihaan_wable47@rediffmail.com,7622155963,2023-04-17,AMD,iOS,UPI,276.97,REF8959FU,,4.43,1,10,2023-12-24
USR001609,Aarini Nayar,aarini.nayar@yahoo.com,9554656531,2023-09-07,LKO,iOS,Debit Card,135.28,REF7439RA,USR001533,3.78,1,5,2024-01-01
USR001610,Mason Chand,mason.chand1984@outlook.com,6632567322,2024-02-13,CHN,iOS,Credit Card,54.61,REF7087NC,USR000444,3.97,1,12,2024-11-16
USR001611,Dhruv Sandhu,dhruv.sandhu38@gmail.com,1090488660,2026-04-23,LKO,Android,UPI,152.49,REF3487RK,,3.3,1,9,2026-05-13
USR001612,Rudra Singh,rudra_singh2000@icloud.com,1760909371,2025-12-05,KOL,iOS,Cash,94.75,REF7326TT,,4.44,1,8,2026-06-21
USR001613,Inaya Swaminathan,inaya_swaminathan7@wipro.com,9447338780,2022-06-18,KOL,Android,Cash,115.32,REF6458GA,,4.54,1,11,2025-10-30
USR001614,Lopa Sarkar,lopa.sarkar1990@gmail.com,7847719888,2024-01-05,AMD,Android,Wallet,66.66,REF5289BQ,,3.87,1,6,2024-12-17
USR001615,Neha Trivedi,nehatrivedi@icloud.com,0625023089,2024-04-12,PUNE,iOS,Wallet,338.31,REF3743QW,,4.65,1,7,2025-01-25
USR001616,Alka Kapadia,alka_kapadia@hdfcbank.com,8695212156,2022-01-20,AMD,Android,Credit Card,264.66,REF9646ZM,USR000174,4.62,1,10,2022-07-15
USR001617,Shaurya Narayanan,shaurya_narayanan@wipro.com,6604903764,2024-11-10,JAI,iOS,Cash,44.87,REF0387EA,USR000152,3.31,1,9,2026-02-18
USR001618,Finn Sandhu,finn.sandhu1990@gmail.com,5039655868,2024-05-10,BLR,iOS,UPI,295.54,REF7476VL,,4.49,1,11,2026-02-03
USR001619,Dipta Verma,dipta_verma@hotmail.com,2866013855,2021-12-20,BLR,Android,Wallet,85.54,REF1900YT,,4.98,1,3,2026-03-01
USR001620,Reyansh Venkataraman,reyanshvenkataraman@hdfcbank.com,2457181580,2021-11-03,BLR,Android,Wallet,96.61,REF0029VY,USR001391,4.37,1,11,2023-08-21
USR001621,Ranveer Rattan,ranveer.rattan1996@icloud.com,1919396871,2024-11-18,JAI,Android,Credit Card,231.57,REF6194MK,,3.8,1,3,2025-09-15
USR001622,Deepa Divan,deepadivan1992@wipro.com,0719612933,2024-04-03,PUNE,Android,Debit Card,116.9,REF8671EA,,5.0,1,14,2026-07-05
USR001623,Krishna Basak,krishna_basak@gmail.com,7177588562,2024-06-07,PUNE,Android,Wallet,135.99,REF2134KW,,4.21,1,11,2026-03-07
USR001624,Ekansh Golla,ekansh.golla@gmail.com,0695165712,2024-05-09,PUNE,iOS,Credit Card,233.74,REF7480YZ,USR000927,3.84,1,7,2025-09-30
USR001625,Finn Dara,finndara1984@outlook.com,3302559879,2025-12-20,KOL,iOS,Cash,55.54,REF1186DP,USR001239,3.79,0,10,2026-01-23
USR001626,Harita Sani,harita_sani@icloud.com,1968045052,2022-10-23,KOL,Android,UPI,173.44,REF2062OH,USR000651,4.55,1,5,2024-07-30
USR001627,Abeer Venkataraman,abeer.venkataraman@hotmail.com,8044608197,2025-07-22,BLR,iOS,Credit Card,104.33,REF1120NY,,4.97,1,4,2025-12-20
USR001628,Eshana Lall,eshanalall@gmail.com,6095806274,2024-06-30,JAI,Android,Cash,107.3,REF1408PR,,4.69,1,9,2025-01-15
USR001629,Banjeet Sur,banjeet.sur1991@outlook.com,1429049577,2023-12-31,HYD,Android,UPI,218.46,REF5669JO,,3.52,1,7,2024-03-25
USR001630,Suhani Ravi,suhani_ravi@infosys.com,5301647286,2026-02-11,MUM,iOS,Cash,229.07,REF6253RW,USR000892,3.94,1,7,2026-06-30
USR001631,Krish Ram,krishram1@gmail.com,1166286603,2022-11-01,CHN,Android,Wallet,83.58,REF1746HU,,4.3,1,13,2024-07-18
USR001632,Nitara Subramanian,nitarasubramanian50@outlook.com,6277402157,2023-10-27,AMD,iOS,Cash,224.64,REF4982RZ,,4.02,1,6,2026-02-24
USR001633,Praneel Jain,praneel.jain1984@rediffmail.com,0085894961,2023-03-29,CHN,Android,Cash,152.6,REF2312UJ,,3.9,1,4,2023-12-18
USR001634,Abhiram Parsa,abhiram_parsa@outlook.com,3184560599,2022-01-02,MUM,Android,Credit Card,667.73,REF7215DV,USR001414,4.33,0,7,2022-05-12
USR001635,Abeer Chada,abeer_chada1999@infosys.com,3141408783,2026-04-05,JAI,Android,UPI,80.32,REF3423JI,,4.61,1,8,2026-06-22
USR001636,Daksha Bath,daksha.bath29@rediffmail.com,,2024-11-15,JAI,Android,Credit Card,147.65,REF4377LW,,4.32,0,11,2025-06-06
USR001637,George Kalla,george_kalla@hotmail.com,1810096242,2024-11-10,BLR,Android,UPI,289.46,REF2116HJ,USR000403,5.0,1,10,2025-04-24
USR001638,Teerth Natarajan,,4526348882,2022-10-31,BLR,iOS,Credit Card,64.65,REF6578XN,,4.28,1,9,2024-02-24
USR001639,Kabir Nagy,kabir_nagy1997@rediffmail.com,7882805034,2024-11-12,BLR,iOS,Cash,175.95,REF3725TS,USR001595,4.48,1,14,2026-06-13
USR001640,Yasti Sodhi,yasti_sodhi@yahoo.com,6766608288,2023-07-26,KOL,Android,Credit Card,125.05,REF5538VH,USR001139,4.52,1,5,2024-09-21
USR001641,Christopher Sodhi,christopher_sodhi23@gmail.com,6859315262,2023-04-15,MUM,iOS,UPI,95.61,REF7458CF,,4.64,1,5,2026-04-29
USR001642,Adya Kannan,adya.kannan1987@infosys.com,1445299645,2024-02-05,CHN,Android,UPI,60.73,REF1074TF,,5.0,1,6,2024-08-17
USR001643,Gunbir Das,gunbir.das68@hdfcbank.com,4972969701,2024-10-10,JAI,Android,Debit Card,72.4,REF7443NE,,4.18,1,6,2026-01-25
USR001644,Watika Patla,watikapatla1991@gmail.com,,2025-02-16,DEL,iOS,Wallet,55.5,REF0034OS,,4.5,1,9,2025-05-24
USR001645,Vamakshi Vala,vamakshi_vala1994@hdfcbank.com,5992794376,2026-01-15,JAI,Android,Debit Card,118.45,REF8586OE,USR000154,4.09,1,17,2026-06-23
USR001646,Shivansh Kala,shivanshkala1985@wipro.com,,2026-06-10,LKO,iOS,Cash,27.07,REF3827SL,,4.48,1,8,2026-06-25
USR001647,Aishani Baria,aishanibaria@gmail.com,3148368747,2025-01-06,BLR,iOS,Wallet,197.07,REF1222OM,,3.89,1,9,2026-02-18
USR001648,Neha Rajan,neharajan2@hdfcbank.com,0762282128,2022-02-23,CHN,Android,Debit Card,73.9,REF7740DB,,3.67,1,12,2025-07-10
USR001649,Vasana Lal,vasanalal39@infosys.com,3933045969,2021-10-07,LKO,Android,Wallet,135.58,REF2193GA,USR000974,4.42,1,11,2022-07-26
USR001650,Anjali Pandey,anjali_pandey1991@infosys.com,4435849811,2023-09-20,DEL,Android,Cash,64.25,REF2066QZ,,5.0,1,11,2026-04-13
USR001651,Pratyush Dani,pratyush_dani15@yahoo.com,8170483648,2022-08-06,KOL,iOS,UPI,134.49,REF8465GJ,,4.46,1,11,2023-09-06
USR001652,Kashish Kuruvilla,kashishkuruvilla69@outlook.com,7931363659,2023-07-28,JAI,iOS,Credit Card,21.08,REF1165LW,,3.82,1,6,2024-03-02
USR001653,Vamakshi Sura,vamakshi.sura@icloud.com,8613417491,2025-06-11,LKO,Android,Cash,99.87,REF7276DB,,3.55,1,7,2025-06-16
USR001654,Praneel Sankaran,praneel_sankaran@gmail.com,9907615001,2023-03-31,CHN,Android,UPI,250.89,REF9538BJ,,4.02,1,12,2024-03-31
USR001655,Aadi Morar,aadi.morar1999@icloud.com,4792149901,2024-01-11,LKO,Android,UPI,209.44,REF1139GV,,4.81,1,7,2024-11-18
USR001656,Triveni Badami,triveni_badami@gmail.com,5738067996,2025-10-17,MUM,iOS,Wallet,124.17,REF0861ZY,,4.68,0,9,2026-02-15
USR001657,Jagat Bath,jagat_bath@tcs.com,6432058699,2024-10-23,PUNE,iOS,Wallet,446.46,REF7367LC,USR001595,4.81,1,6,2026-06-25
USR001658,Januja Pathak,janujapathak1995@gmail.com,7701154917,2024-03-03,HYD,iOS,Cash,31.96,REF7245NE,,4.22,1,9,2024-12-29
USR001659,Yashoda Oak,yashoda.oak1991@gmail.com,8610859735,2023-12-24,AMD,Android,Wallet,160.85,REF7326AL,,3.88,0,10,2026-03-25
USR001660,Nirja Mahal,nirja_mahal55@hotmail.com,6327676596,2022-07-10,CHN,iOS,Debit Card,446.87,REF8679SN,USR001220,4.37,1,9,2022-10-06
USR001661,Lekha Lad,lekhalad77@gmail.com,5347450240,2026-04-10,DEL,iOS,Credit Card,170.4,REF4587PV,,4.72,0,5,2026-04-26
USR001662,Anjali Viswanathan,anjaliviswanathan85@gmail.com,4503754807,2023-05-22,BLR,Android,Credit Card,33.78,REF5377KM,USR000017,4.86,1,4,2025-03-31
USR001663,Kamya Rau,kamya_rau@yahoo.com,3696480407,2022-09-22,AMD,iOS,Debit Card,191.45,REF8053IN,,4.23,1,12,2024-07-19
USR001664,Indira Agarwal,indira.agarwal2002@gmail.com,,2022-10-03,DEL,iOS,UPI,174.46,REF3730ZR,,3.85,1,13,2024-05-13
USR001665,Chakradev Dhaliwal,chakradev.dhaliwal1984@icloud.com,8796334674,2022-05-26,KOL,Android,Credit Card,32.94,REF6324BU,,5.0,1,9,2022-10-12
USR001666,Tejas Deshpande,tejas_deshpande1985@wipro.com,7415920941,2023-05-22,CHN,Android,Cash,198.85,REF6466VC,,4.45,1,4,2025-03-09
USR001667,Chaitanya Subramanian,chaitanya.subramanian@hotmail.com,6484977973,2024-10-27,PUNE,Android,Debit Card,102.45,REF0102OF,USR000237,3.7,1,9,2026-03-25
USR001668,Zayan Kale,zayan_kale30@wipro.com,7893505260,2023-12-20,DEL,iOS,Debit Card,391.5,REF8330BF,,4.22,1,5,2024-09-09
USR001669,Rachita Singhal,rachita.singhal60@infosys.com,1292361391,2025-05-01,BLR,iOS,Wallet,186.3,REF2706HE,,4.32,1,10,2026-05-10
USR001670,Harsh Johal,harshjohal@yahoo.com,7058079106,2025-07-09,LKO,iOS,Credit Card,35.27,REF2377QX,USR001236,3.56,0,11,2025-10-21
USR001671,Balendra Sha,balendrasha@tcs.com,8483034857,2022-03-22,KOL,Android,UPI,155.09,REF5106RC,,5.0,1,11,2023-07-25
USR001672,Bishakha Lala,bishakha_lala@hotmail.com,0903178836,2024-01-01,BLR,Android,Debit Card,280.04,REF3654SR,,4.27,1,4,2025-05-06
USR001673,Yadavi Loke,yadavi_loke94@tcs.com,8959303207,2022-10-04,BLR,Android,Wallet,123.9,REF4316FV,,4.25,1,8,2025-01-17
USR001674,Jeet Pathak,jeet_pathak1982@icloud.com,9996633092,2023-11-15,LKO,Android,Debit Card,279.72,REF5605JB,,5.0,1,5,2025-03-18
USR001675,Ayushman Sarraf,ayushman.sarraf1999@outlook.com,2732012953,2023-02-15,BLR,iOS,Cash,100.14,REF3565QA,,4.44,1,4,2024-11-11
USR001676,Sai Brar,,2048109305,2024-07-12,KOL,iOS,Debit Card,485.96,REF1850BS,USR001204,4.18,1,5,2026-02-20
USR001677,Sachi Sunder,sachisunder@gmail.com,2455381518,2021-04-09,JAI,iOS,Wallet,47.37,REF4847NH,USR000035,4.28,1,10,2024-04-01
USR001678,Rajeshri Maharaj,rajeshrimaharaj2004@outlook.com,8525576881,2024-01-12,LKO,iOS,Cash,106.14,REF2723WG,USR000589,4.41,1,5,2024-07-04
USR001679,Pallavi Narasimhan,pallavi_narasimhan2000@infosys.com,6150488491,2026-04-08,LKO,iOS,Cash,49.45,REF5590PD,,4.0,1,14,2026-04-29
USR001680,Bhavya Ray,bhavyaray1999@wipro.com,0769555935,2023-12-01,BLR,Android,Cash,179.88,REF5089IP,USR000294,4.34,1,8,2024-02-12
USR001681,Michael Sekhon,michael_sekhon@hotmail.com,7774592541,2025-09-14,MUM,Android,Debit Card,114.75,REF5881DG,,4.32,1,5,2025-12-19
USR001682,Vasudha Singhal,vasudha_singhal@tcs.com,4559484967,2023-12-20,CHN,iOS,Debit Card,41.63,REF2387JS,,4.33,1,11,2026-03-07
USR001683,Oviya Suresh,oviya_suresh@infosys.com,9350276749,2026-07-05,JAI,Android,UPI,103.62,REF4166IM,USR000446,5.0,1,6,2026-07-05
USR001684,Vritti Divan,vritti.divan2005@wipro.com,1451341700,2026-07-13,AMD,Android,Debit Card,21.77,REF0641YJ,,4.45,1,14,2026-07-18
USR001685,Ira Parekh,iraparekh1993@yahoo.com,1683357668,2026-06-02,LKO,Android,UPI,66.85,REF5455JP,,3.88,0,6,2026-07-08
USR001686,Gavin Balan,gavin_balan1980@hotmail.com,1715578521,2025-06-05,PUNE,Android,Debit Card,26.59,REF0895WA,,4.09,1,6,2026-03-07
USR001687,Chakradhar Kibe,chakradharkibe17@outlook.com,9888501055,2024-10-10,KOL,Android,UPI,96.99,REF9793OZ,USR000494,4.17,0,3,2026-05-31
USR001688,Samarth Ghose,samarth_ghose@tcs.com,0093339637,2025-11-09,PUNE,iOS,UPI,71.36,REF8391FG,USR000874,4.32,1,9,2025-11-19
USR001689,Sara Venkataraman,sara_venkataraman1990@tcs.com,9384478167,2021-03-29,CHN,iOS,UPI,186.4,REF9020QQ,,3.96,1,7,2022-12-02
USR001690,Viraj Mistry,virajmistry32@yahoo.com,6647426440,2023-02-16,KOL,Android,Wallet,61.54,REF6634ZI,USR001414,3.78,1,9,2025-01-30
USR001691,Warda Saraf,warda_saraf1991@outlook.com,5818774499,2021-05-04,DEL,iOS,Cash,83.09,REF4783XR,,4.16,1,9,2026-03-28
USR001692,Damini Kurian,damini_kurian@gmail.com,9531556642,2022-05-20,MUM,iOS,Wallet,157.97,REF2468CQ,,3.77,1,12,2023-09-22
USR001693,Advay Prashad,advay.prashad1997@rediffmail.com,6811822923,2022-05-20,KOL,Android,Credit Card,35.16,REF3940JO,,4.32,1,13,2023-09-23
USR001694,Charles Kara,charles_kara@hdfcbank.com,8406138674,2024-08-24,KOL,iOS,UPI,75.65,REF2468FI,,4.53,1,13,2025-05-06
USR001695,Forum Narang,forum.narang1997@outlook.com,5786800551,2021-06-06,DEL,Android,Cash,74.97,REF8578PD,,5.0,1,7,2024-01-07
USR001696,Aishani Kala,aishani.kala@icloud.com,0561465344,2022-06-28,DEL,iOS,UPI,162.6,REF2676QO,USR001371,4.64,1,6,2025-08-18
USR001697,Saanvi Krishna,saanvikrishna30@yahoo.com,0351919850,2023-05-15,BLR,Android,Debit Card,66.38,REF2004JF,,3.55,1,8,2024-11-19
USR001698,Ekaja Bawa,ekajabawa2000@gmail.com,2987663279,2024-03-24,KOL,Android,Wallet,144.71,REF5651PO,,4.54,1,6,2024-12-15
USR001699,Aarav Ratti,aarav_ratti@hotmail.com,7005229184,2021-12-21,JAI,iOS,Cash,224.56,REF0423NJ,,4.36,1,12,2026-04-06
USR001700,Ansh Nath,anshnath@rediffmail.com,5996114358,2026-01-03,AMD,Android,Wallet,52.19,REF5749XA,USR000545,4.68,0,7,2026-02-22
USR001701,Jeevika Dasgupta,jeevika.dasgupta@tcs.com,0922168974,2025-08-08,CHN,Android,Credit Card,117.25,REF3040OE,,4.39,1,8,2025-11-22
USR001702,Mohammed Bassi,mohammed.bassi@infosys.com,,2024-08-28,PUNE,Android,Credit Card,95.74,REF5371SC,USR000582,4.55,1,8,2025-12-27
USR001703,Yuvraj Chahal,yuvraj.chahal51@outlook.com,5602336165,2026-02-14,MUM,iOS,Credit Card,253.62,REF4319IC,,4.99,1,10,2026-06-01
USR001704,Sudiksha Nanda,sudiksha.nanda1981@wipro.com,7203670275,2026-06-10,DEL,iOS,UPI,66.42,REF5806WJ,,3.73,1,5,2026-06-20
USR001705,Vinaya Barman,vinaya_barman1998@outlook.com,7112181679,2023-08-04,BLR,Android,Debit Card,63.72,REF1005VR,,4.05,0,8,2023-12-17
USR001706,Victor Kashyap,victor.kashyap1995@infosys.com,4951657079,2022-03-17,BLR,iOS,Debit Card,168.0,REF3235ZY,,4.04,1,12,2023-07-21
USR001707,Azad Divan,azaddivan1984@rediffmail.com,6855190204,2026-05-10,BLR,Android,Debit Card,224.07,REF4321TH,,3.59,0,7,2026-07-08
USR001708,Diya Chaudhari,diya.chaudhari@outlook.com,4653363305,2025-11-08,LKO,iOS,Credit Card,124.89,REF1154IG,USR000765,3.91,1,5,2025-11-28
USR001709,Aarnav Zachariah,aarnavzachariah1983@rediffmail.com,3770217047,2024-11-22,HYD,Android,Wallet,148.68,REF7543DS,USR001093,4.02,0,6,2025-01-13
USR001710,Udarsh Kala,udarsh.kala5@yahoo.com,5681769750,2023-08-31,DEL,Android,Cash,138.88,REF0125TS,,3.44,0,14,2024-08-12
USR001711,Azaan Biswas,azaan.biswas2@icloud.com,1698331793,2025-07-02,KOL,Android,UPI,90.7,REF5917VP,,5.0,1,7,2025-10-10
USR001712,Charita Bassi,charita.bassi1986@icloud.com,2593570765,2021-03-03,DEL,Android,Wallet,371.8,REF6470HM,USR000684,4.33,1,5,2026-07-11
USR001713,Ekani Sandal,ekani.sandal96@gmail.com,9260261186,2025-03-22,DEL,iOS,Credit Card,160.03,REF0946LA,USR000224,4.31,1,7,2025-07-04
USR001714,Rajata Aggarwal,rajata_aggarwal@icloud.com,0817003276,2023-10-13,BLR,Android,UPI,129.29,REF8010MY,USR001687,4.28,1,14,2024-06-28
USR001715,Udyati Swaminathan,udyati.swaminathan19@outlook.com,9726821195,2021-12-09,JAI,Android,Wallet,308.95,REF2805ZQ,,4.29,1,9,2024-06-27
USR001716,Shivani Jain,shivani.jain@gmail.com,9192205135,2026-03-22,BLR,Android,Debit Card,100.27,REF6964BB,USR001327,4.17,0,12,2026-05-11
USR001717,Indira Basu,indira.basu@yahoo.com,6748673581,2026-02-15,DEL,iOS,Debit Card,120.09,REF6397ZS,,4.32,1,10,2026-06-09
USR001718,Yashodhara Sengupta,yashodharasengupta2003@gmail.com,3599584383,2023-05-12,PUNE,iOS,UPI,140.0,REF8217UF,USR000268,4.08,1,6,2025-12-30
USR001719,Peter Panchal,peter_panchal@gmail.com,3064691267,2024-10-18,BLR,iOS,Debit Card,56.26,REF5699LE,,4.69,1,10,2025-10-20
USR001720,Shivansh Pingle,shivanshpingle2003@tcs.com,3878305682,2021-08-15,PUNE,Android,Credit Card,104.65,REF1919AL,,4.04,1,6,2024-08-25
USR001721,Pranav Sampath,pranav.sampath1996@outlook.com,4874781128,2022-06-07,AMD,iOS,Cash,52.06,REF8753PV,,4.93,1,13,2023-02-21
USR001722,Jason Seth,jason.seth74@outlook.com,2931778650,2022-06-15,DEL,Android,Wallet,78.8,REF2699MS,,4.27,1,9,2025-07-30
USR001723,Diya Nanda,diyananda99@infosys.com,1743124345,2024-03-07,BLR,Android,Wallet,19.24,REF3947XW,,4.55,1,10,2024-04-27
USR001724,Ganga Talwar,ganga_talwar1981@gmail.com,7209480369,2024-07-04,BLR,Android,Debit Card,130.37,REF3538SE,,3.91,1,5,2025-04-15
USR001725,Ronith Iyengar,,7088550694,2024-03-21,JAI,iOS,Debit Card,28.22,REF5756LN,USR000384,5.0,1,6,2024-08-19
USR001726,Ekansh Babu,,7493549210,2021-12-07,HYD,iOS,Credit Card,175.96,REF3944ZG,,4.52,1,4,2023-12-12
USR001727,Ishaan Kala,ishaankala@infosys.com,7538481115,2022-03-23,DEL,Android,UPI,120.44,REF1818IO,USR001063,4.48,1,12,2024-05-02
USR001728,Chatresh Chanda,chatresh.chanda1998@wipro.com,2455462021,2021-01-10,DEL,Android,UPI,134.9,REF7034DX,USR000832,5.0,0,8,2025-07-02
USR001729,Maanas Krish,maanaskrish1994@hdfcbank.com,7343466095,2022-04-27,BLR,iOS,Credit Card,172.12,REF3546NT,,4.4,1,6,2026-06-24
USR001730,Faraj Behl,farajbehl55@rediffmail.com,6352141202,2023-03-07,DEL,iOS,Debit Card,182.98,REF4700AD,,3.88,1,6,2023-08-22
USR001731,Leela Varkey,leela_varkey1983@gmail.com,4185413336,2021-04-14,DEL,iOS,Credit Card,92.52,REF2417VZ,USR000244,4.93,0,3,2026-04-11
USR001732,Falguni Sankar,falguni_sankar@wipro.com,9157829052,2024-09-18,LKO,iOS,Debit Card,457.52,REF6502HV,,3.78,1,6,2025-02-09
USR001733,Harshil Mandal,harshil_mandal1992@infosys.com,4814140138,2025-10-03,DEL,Android,Debit Card,44.88,REF4922FL,USR001562,4.91,1,12,2026-02-02
USR001734,Bhavani Ganguly,bhavaniganguly1988@hdfcbank.com,,2022-08-04,LKO,iOS,Wallet,104.13,REF5699ML,,4.34,1,7,2023-06-03
USR001735,Hritik Seshadri,hritik_seshadri1@gmail.com,9844698886,2021-10-13,JAI,Android,Cash,100.45,REF6520HK,USR000283,4.26,1,12,2025-06-10
USR001736,Ubika Grover,ubika_grover82@outlook.com,5916449153,2022-12-11,JAI,Android,Wallet,53.41,REF6594IE,USR000666,5.0,1,9,2023-09-15
USR001737,David Varughese,davidvarughese1997@hotmail.com,5682342840,2026-03-21,HYD,iOS,Wallet,298.3,REF2180GG,USR000604,4.92,1,8,2026-04-01
USR001738,Finn Kibe,,3423867077,2021-08-26,KOL,Android,Credit Card,241.24,REF2246LZ,,4.53,1,3,2023-06-27
USR001739,Wakeeta Sandhu,wakeeta_sandhu@gmail.com,8772107524,2026-01-02,KOL,Android,UPI,99.29,REF6042NU,USR001233,4.03,1,9,2026-02-15
USR001740,Elijah Bahl,elijah.bahl2003@rediffmail.com,2542654168,2023-12-06,BLR,iOS,UPI,416.76,REF0033SC,USR001482,3.4,1,8,2026-05-24
USR001741,Eiravati Goyal,eiravati_goyal56@yahoo.com,2893632786,2021-07-03,BLR,Android,Debit Card,119.44,REF9392FB,,4.83,1,1,2025-07-06
USR001742,Indira Shan,indira_shan1987@outlook.com,9593116992,2025-04-30,CHN,iOS,Wallet,226.96,REF8070RL,,4.34,1,9,2025-10-03
USR001743,Dakshesh Pal,daksheshpal27@icloud.com,7508849499,2026-06-03,DEL,Android,Cash,225.73,REF1353TT,USR000485,4.63,1,12,2026-06-03
USR001744,Oeshi Dass,oeshi.dass@hdfcbank.com,5951948454,2022-06-16,HYD,iOS,Cash,38.49,REF9635DY,,4.13,1,14,2022-12-03
USR001745,Rohan Gulati,rohangulati1991@rediffmail.com,5419635110,2025-08-19,AMD,Android,Wallet,39.15,REF2259VV,,5.0,1,11,2025-08-20
USR001746,Pushti Karnik,pushtikarnik57@infosys.com,5041737223,2025-10-19,BLR,iOS,UPI,93.69,REF9674VG,,4.66,1,7,2026-06-02
USR001747,Balveer Issac,balveer.issac1989@infosys.com,2817189935,2023-08-15,MUM,Android,Cash,161.6,REF4267GY,USR000426,4.04,0,10,2025-08-24
USR001748,Ridhi Nadig,ridhi_nadig1993@rediffmail.com,1149331088,2022-09-10,BLR,Android,Credit Card,365.24,REF4752HE,,5.0,1,7,2024-03-19
USR001749,Aashi Bal,aashibal@hotmail.com,8036485100,2026-04-25,MUM,Android,UPI,242.83,REF6230BU,,4.15,1,11,2026-07-15
USR001750,Arjun Chahal,arjun.chahal@wipro.com,4616878732,2025-05-29,BLR,Android,Wallet,104.07,REF2182TE,,4.23,1,7,2025-10-17
USR001751,Shaurya Dave,shaurya_dave1990@infosys.com,7433442106,2023-10-07,HYD,Android,Cash,231.88,REF1499KE,USR000511,4.14,1,10,2023-10-09
USR001752,Dominic Arora,dominic.arora52@gmail.com,3555794207,2023-10-22,JAI,Android,UPI,176.9,REF5100SZ,,4.73,1,11,2024-07-31
USR001753,Kalpit Chada,kalpitchada1982@gmail.com,9898787767,2021-07-21,MUM,Android,Credit Card,122.14,REF2239WB,USR001670,4.16,1,11,2026-06-23
USR001754,Faraj Dave,faraj.dave@hdfcbank.com,8939720487,2021-03-02,MUM,iOS,UPI,158.77,REF7513GE,,4.61,1,5,2025-05-03
USR001755,Eiravati Om,eiravati.om14@tcs.com,3418807964,2025-11-22,JAI,iOS,UPI,114.88,REF3045HL,,3.04,1,12,2026-01-12
USR001756,Yashvi Narula,yashvi_narula@hdfcbank.com,5362054493,2024-06-29,LKO,Android,UPI,135.07,REF0315FZ,USR000566,4.53,1,5,2024-08-01
USR001757,Zayan Balasubramanian,zayan_balasubramanian20@wipro.com,6702071537,2021-07-22,LKO,iOS,Cash,50.47,REF3927FR,,5.0,1,10,2025-12-06
USR001758,Ijaya Nayar,ijayanayar@wipro.com,0789677888,2026-06-26,DEL,iOS,UPI,71.34,REF8420RW,,3.74,1,8,2026-07-05
USR001759,Tamanna Dey,,4711246175,2022-02-26,AMD,iOS,Credit Card,105.08,REF9221WC,,3.25,1,6,2023-01-31
USR001760,Prisha Rege,prisha.rege92@gmail.com,4426244704,2024-02-18,JAI,iOS,Cash,106.19,REF7804GB,,4.65,1,9,2025-06-14
USR001761,Jacob Thakkar,jacob.thakkar1986@infosys.com,3257044307,2021-08-05,KOL,Android,Cash,44.8,REF9867FH,,4.53,1,5,2022-03-20
USR001762,Aahana Bhasin,aahana.bhasin6@tcs.com,8177998992,2024-04-19,KOL,iOS,Wallet,263.67,REF3246QB,,4.74,1,10,2024-08-20
USR001763,Barkha Wable,barkha_wable@gmail.com,1864323145,2026-01-17,DEL,Android,Debit Card,255.51,REF4692SD,,4.2,1,8,2026-07-08
USR001764,Ubika Pillai,ubika_pillai75@infosys.com,3437432567,2022-06-11,CHN,Android,Credit Card,56.35,REF6518YH,USR000810,4.92,1,11,2023-06-27
USR001765,Gavin Dubey,gavindubey@rediffmail.com,4111902060,2023-02-23,JAI,iOS,Wallet,169.17,REF4053YI,USR001365,3.87,0,5,2025-10-16
USR001766,Chatresh Bali,chatresh_bali@gmail.com,4426735384,2021-08-31,HYD,iOS,Credit Card,108.98,REF7136PL,USR000113,4.16,0,6,2025-10-15
USR001767,Dhriti Mukhopadhyay,dhriti.mukhopadhyay1986@hdfcbank.com,8455375826,2021-01-20,HYD,Android,Debit Card,319.09,REF2561HA,USR001666,3.76,1,19,2024-09-09
USR001768,Anamika Mukhopadhyay,anamika.mukhopadhyay1983@rediffmail.com,3585935803,2024-06-23,JAI,Android,Cash,132.78,REF8295DI,USR001110,4.32,1,10,2025-04-18
USR001769,Warhi Mutti,warhi.mutti1995@hotmail.com,9735442524,2025-07-16,MUM,Android,Debit Card,148.3,REF5288BV,,4.82,1,9,2025-08-08
USR001770,Madhavi Lalla,madhavilalla43@tcs.com,4006069882,2025-01-02,JAI,iOS,Debit Card,438.85,REF7777QS,,4.15,1,6,2025-09-09
USR001771,Januja Patla,januja.patla1996@rediffmail.com,3854609121,2021-01-07,PUNE,Android,UPI,250.93,REF6486IV,,3.44,1,4,2022-07-26
USR001772,Irya Hora,irya.hora@icloud.com,0993247079,2021-09-08,PUNE,iOS,Credit Card,90.29,REF0407KX,,5.0,1,9,2023-06-27
USR001773,Vansha Minhas,vansha_minhas34@wipro.com,3250394398,2022-11-06,MUM,Android,Credit Card,182.63,REF2625QY,,4.29,1,7,2026-01-01
USR001774,Nachiket Kibe,nachiket_kibe98@outlook.com,4964549595,2024-10-07,LKO,iOS,Credit Card,239.44,REF8442DJ,USR000786,4.58,1,8,2024-10-26
USR001775,Ikbal Tailor,ikbal.tailor@hotmail.com,8322402393,2023-08-06,AMD,Android,UPI,50.72,REF7812CU,,2.53,0,2,2026-01-26
USR001776,Anika Balasubramanian,anika_balasubramanian@gmail.com,5511286381,2022-06-24,AMD,Android,Wallet,345.48,REF6276GD,,4.33,1,6,2022-10-27
USR001777,Neel Barad,neel.barad73@outlook.com,5282767742,2022-08-31,MUM,iOS,Cash,79.5,REF1050IT,,4.39,1,7,2025-03-28
USR001778,Veer Shan,veer.shan58@outlook.com,3969215100,2023-03-19,JAI,iOS,Credit Card,255.73,REF3935SQ,,5.0,1,8,2024-04-02
USR001779,Ekansh Kurian,ekansh_kurian2003@rediffmail.com,9653715573,2023-07-02,KOL,Android,Credit Card,353.25,REF2607CW,,4.44,1,5,2023-11-17
USR001780,Dominic Setty,dominicsetty1993@hdfcbank.com,0793377312,2024-11-17,BLR,iOS,Cash,193.06,REF1052AJ,USR001084,3.99,1,9,2026-02-01
USR001781,Zansi Oak,zansi_oak@hotmail.com,9082680090,2022-06-24,JAI,iOS,Cash,25.11,REF9734FV,,4.92,0,12,2023-06-20
USR001782,Frederick Dugar,frederick_dugar@hotmail.com,5239596023,2024-11-08,JAI,Android,Wallet,37.37,REF7220JP,USR000857,4.34,1,11,2025-02-01
USR001783,Indali Contractor,indalicontractor44@gmail.com,0323088806,2024-09-05,PUNE,iOS,Wallet,111.12,REF3159XN,USR000971,4.55,1,15,2026-01-30
USR001784,Omkaar Mammen,omkaar_mammen1992@gmail.com,7886758755,2021-06-07,LKO,Android,Credit Card,102.47,REF0941DV,,4.65,1,12,2024-05-21
USR001785,Chavvi Nayak,chavvi.nayak1991@icloud.com,2366946272,2022-02-27,BLR,Android,Credit Card,72.11,REF8509VK,USR001318,4.91,1,6,2022-12-25
USR001786,Krish Baral,krish_baral15@tcs.com,5046217643,2021-09-05,AMD,Android,Wallet,222.43,REF8651IH,USR001597,4.18,1,9,2023-05-01
USR001787,Krishna Sen,krishna.sen@gmail.com,8698585749,2024-02-08,HYD,Android,Debit Card,31.36,REF4939SG,USR000213,3.81,1,12,2026-06-12
USR001788,Tanvi Dora,tanvi_dora10@tcs.com,7939789537,2022-01-05,KOL,Android,UPI,465.23,REF1106PZ,,4.24,1,7,2023-07-04
USR001789,Imaran Sankar,imaran.sankar@hotmail.com,2437804704,2021-05-27,AMD,iOS,UPI,65.4,REF7012RK,,4.47,1,11,2025-12-03
USR001790,Yashodhara Sekhon,yashodhara_sekhon@gmail.com,6920327357,2026-04-12,DEL,iOS,Cash,349.36,REF0793YW,USR000379,4.66,1,9,2026-06-03
USR001791,Mohammed Krish,,7895915324,2023-06-22,BLR,iOS,Wallet,354.53,REF1256EL,,3.5,1,12,2024-10-28
USR001792,Gauri Swaminathan,gauriswaminathan1983@infosys.com,3034136532,2024-02-27,DEL,iOS,Debit Card,136.48,REF2566BA,USR000321,4.3,1,6,2025-02-19
USR001793,Sachi Sastry,sachi.sastry@rediffmail.com,0074614337,2024-05-23,HYD,Android,Wallet,68.42,REF9856UI,,3.94,1,10,2026-07-08
USR001794,Dayamai Mander,dayamai_mander1992@hotmail.com,1638762157,2024-08-28,DEL,iOS,Cash,99.93,REF0049FU,,3.92,1,4,2024-10-27
USR001795,Pushti Dara,pushtidara48@hdfcbank.com,,2023-07-19,BLR,iOS,Debit Card,440.79,REF7405QX,,4.47,1,7,2026-04-15
USR001796,Ekalinga Mahal,ekalinga_mahal@tcs.com,,2025-10-26,JAI,iOS,Debit Card,130.3,REF8248UF,,3.19,1,12,2026-05-28
USR001797,Zashil Chopra,zashil_chopra@outlook.com,4921223399,2025-01-04,MUM,Android,Cash,118.08,REF2785OO,USR000382,5.0,1,10,2025-03-24
USR001798,Akshay Shenoy,akshay.shenoy@hotmail.com,4484567715,2024-03-18,DEL,Android,Credit Card,117.15,REF8215KY,,3.28,1,13,2025-03-09
USR001799,Diya Sahni,diya.sahni44@hdfcbank.com,6457677657,2021-11-12,PUNE,iOS,Debit Card,245.93,REF4176YA,,3.89,0,6,2022-03-13
USR001800,Ira Dass,ira.dass@yahoo.com,9645521750,2021-03-10,HYD,iOS,Cash,63.46,REF6664EZ,,4.25,1,9,2024-04-18
USR001801,Yachana Sura,yachana_sura2003@tcs.com,4220618506,2022-08-27,HYD,iOS,Credit Card,47.79,REF4998HF,,3.96,0,5,2023-05-24
USR001802,Rachana Majumdar,rachana_majumdar2004@rediffmail.com,2466390321,2022-04-18,MUM,Android,Debit Card,165.65,REF9298DY,,4.98,1,15,2022-10-20
USR001803,William Khurana,william_khurana40@outlook.com,8406548855,2025-11-27,LKO,Android,UPI,228.06,REF4303FI,USR000498,3.18,1,5,2026-04-03
USR001804,Ishani Dube,ishani_dube@infosys.com,4369745783,2026-01-31,DEL,iOS,Credit Card,364.88,REF8755IS,,4.1,1,11,2026-04-09
USR001805,Gaurav Khurana,gaurav_khurana36@gmail.com,9633895864,2023-03-22,AMD,Android,Credit Card,72.03,REF5179IM,USR000763,3.96,1,11,2024-07-09
USR001806,Chakradhar Das,chakradhar.das@gmail.com,,2023-11-08,KOL,iOS,Wallet,251.45,REF1782UR,USR000291,3.07,0,11,2025-10-26
USR001807,Kai Lalla,kai.lalla1991@yahoo.com,6293684268,2024-04-29,BLR,iOS,Debit Card,17.52,REF9991XV,,4.38,0,8,2025-01-30
USR001808,Vasana Bava,vasana_bava@tcs.com,1909520387,2022-12-28,DEL,iOS,UPI,201.6,REF5179DM,USR001475,4.58,0,8,2023-10-09
USR001809,Faqid Barman,faqid.barman1982@tcs.com,4462201656,2023-09-21,LKO,iOS,Credit Card,51.41,REF2121XZ,USR001240,4.7,1,11,2024-06-06
USR001810,Balhaar Vig,balhaar.vig2004@icloud.com,6253814030,2025-08-04,CHN,iOS,Cash,29.18,REF6339NR,,3.98,1,7,2026-06-02
USR001811,Dominic Mahal,dominicmahal@hotmail.com,8435074509,2023-06-03,AMD,iOS,Cash,102.49,REF7559WH,USR000428,4.84,1,10,2024-09-25
USR001812,Aryan Dey,aryan_dey8@wipro.com,3109077182,2026-04-15,DEL,Android,Debit Card,256.58,REF3328DL,,4.81,1,12,2026-06-23
USR001813,Thomas Suri,thomas_suri@gmail.com,7617275735,2025-05-26,PUNE,Android,Cash,67.03,REF3532WF,USR001587,4.59,1,4,2025-11-06
USR001814,Pranit Ramachandran,pranitramachandran41@gmail.com,3939294270,2022-06-30,KOL,iOS,Credit Card,156.99,REF5481SD,,4.75,1,9,2023-06-09
USR001815,Aachal Kapadia,aachal_kapadia2005@wipro.com,2798958247,2023-03-14,BLR,Android,Credit Card,122.04,REF2150PG,USR000718,4.64,1,7,2023-03-31
USR001816,Timothy Sengupta,timothy.sengupta@gmail.com,7593955714,2025-03-31,CHN,iOS,Credit Card,129.84,REF7339EI,,5.0,1,8,2025-07-05
USR001817,Bahadurjit Raman,bahadurjitraman90@rediffmail.com,0443643644,2022-05-19,CHN,Android,Debit Card,241.19,REF2116RL,,3.43,1,11,2023-05-12
USR001818,Girik Krishnan,girik_krishnan7@rediffmail.com,7227683527,2024-11-21,AMD,Android,Credit Card,31.12,REF4329ZY,,4.24,1,6,2024-11-21
USR001819,Hitesh Bhalla,hitesh.bhalla@hotmail.com,3000900632,2021-05-17,AMD,iOS,UPI,44.58,REF8087IU,USR000475,4.54,0,13,2024-10-26
USR001820,Neha Pingle,neha.pingle1980@gmail.com,8470344633,2024-01-09,LKO,Android,Credit Card,147.38,REF5867CV,USR001713,4.21,0,5,2025-04-27
USR001821,Bhavani Bhattacharyya,bhavani.bhattacharyya88@gmail.com,5175735185,2021-02-13,JAI,Android,Wallet,104.46,REF2465PY,,3.9,1,9,2021-04-30
USR001822,Jalsa Rege,jalsa.rege@outlook.com,3375229648,2023-06-12,BLR,iOS,Debit Card,182.69,REF1769RY,USR001077,4.2,0,9,2025-06-05
USR001823,Joshua Nanda,joshua_nanda1980@infosys.com,7953723766,2023-06-30,KOL,Android,Credit Card,315.33,REF4210KK,,4.72,1,6,2024-08-24
USR001824,Tanish Bhandari,tanish_bhandari@icloud.com,8137229821,2024-12-30,MUM,iOS,Debit Card,97.21,REF0414JB,USR000410,4.05,1,6,2025-04-10
USR001825,Deepa Gupta,deepa_gupta@infosys.com,0149628407,2023-08-21,KOL,iOS,Wallet,211.82,REF0935OW,,3.83,1,10,2023-10-24
USR001826,Simon Menon,simon.menon1995@infosys.com,0078244666,2025-08-04,CHN,iOS,UPI,224.69,REF6953MD,,4.17,0,6,2026-01-25
USR001827,Dayamai Kade,dayamai_kade@icloud.com,0855925629,2021-12-20,CHN,Android,UPI,149.38,REF6948OB,,3.73,1,12,2023-07-30
USR001828,Shivansh Dhar,shivansh_dhar@gmail.com,3468927047,2022-07-05,PUNE,iOS,Debit Card,295.88,REF7266KW,,3.36,1,8,2025-04-26
USR001829,Omaja Rao,omaja_rao@yahoo.com,4961806862,2022-08-24,JAI,iOS,Credit Card,126.62,REF2334OQ,,4.07,1,11,2023-05-31
USR001830,Omkaar Magar,omkaar_magar81@hdfcbank.com,3951869561,2025-02-12,CHN,Android,UPI,105.77,REF8868SH,,4.11,1,10,2025-02-15
USR001831,Wahab Chaudhuri,wahab.chaudhuri@icloud.com,6934769123,2021-12-24,MUM,iOS,Debit Card,107.17,REF3440JI,USR001598,3.99,1,9,2025-04-15
USR001832,Gavin Dugar,gavin_dugar1994@tcs.com,3185200239,2022-06-21,KOL,Android,Debit Card,106.89,REF7793ON,,4.53,1,14,2026-02-06
USR001833,Megha Kalla,meghakalla45@rediffmail.com,8212702318,2022-03-11,AMD,Android,Wallet,12.47,REF1523EM,,4.17,1,15,2022-08-26
USR001834,Ijaya Badami,ijaya_badami1989@gmail.com,5690001917,2021-09-27,KOL,Android,Wallet,45.77,REF9672CH,,4.84,1,5,2026-04-11
USR001835,Aarini Kamdar,aarinikamdar@hdfcbank.com,5474691170,2025-07-31,JAI,Android,UPI,273.56,REF6532ST,USR000974,4.48,1,5,2025-10-24
USR001836,Bachittar Kumar,bachittar.kumar@hdfcbank.com,8083491232,2025-09-19,JAI,iOS,UPI,35.87,REF8702EJ,USR000484,4.05,1,10,2026-03-24
USR001837,Pranav Lanka,pranav_lanka@tcs.com,5276252021,2022-07-01,KOL,Android,Credit Card,470.65,REF1600XM,USR000990,4.25,1,7,2026-02-10
USR001838,Bina Gandhi,bina.gandhi1980@icloud.com,0116781167,2022-01-10,BLR,iOS,Wallet,56.61,REF3116DK,,5.0,1,5,2024-09-09
USR001839,Gopal Nath,gopal.nath@infosys.com,2673022099,2023-11-05,KOL,iOS,Credit Card,40.97,REF8629AL,,4.48,1,13,2024-10-07
USR001840,Barkha Arora,barkha.arora86@infosys.com,8410507550,2022-09-16,BLR,iOS,Wallet,248.87,REF4175NP,USR001729,4.28,1,7,2024-06-21
USR001841,Nitara Suri,nitara.suri1992@hdfcbank.com,8467970083,2025-08-24,MUM,iOS,UPI,177.01,REF8485KJ,USR001755,3.86,1,5,2026-06-07
USR001842,Harinakshi Uppal,harinakshiuppal@infosys.com,1727279732,2023-04-14,KOL,Android,Credit Card,159.36,REF0764QS,,3.61,1,5,2023-09-03
USR001843,Kalpit Apte,kalpit_apte@yahoo.com,1340636801,2025-04-20,JAI,Android,Cash,204.43,REF8290HS,,3.92,1,8,2025-07-10
USR001844,Benjamin Rattan,benjamin.rattan2002@infosys.com,4711706485,2023-07-27,DEL,iOS,Debit Card,122.43,REF9905BL,,4.6,1,6,2024-07-12
USR001845,Gaurav Gade,gauravgade3@hotmail.com,0448138819,2026-05-08,HYD,Android,Credit Card,63.02,REF7968JZ,,3.82,1,9,2026-06-15
USR001846,Xalak Ratti,xalakratti@hotmail.com,9524960170,2024-06-04,KOL,iOS,UPI,85.07,REF0114VS,,4.45,1,9,2026-02-07
USR001847,Falan Subramanian,falan.subramanian@hdfcbank.com,3804534782,2024-05-28,JAI,Android,Debit Card,109.93,REF9217BT,USR001050,4.16,1,13,2026-06-27
USR001848,Daniel Pandit,,9873587272,2025-02-25,MUM,iOS,Cash,248.05,REF7725MU,USR000966,4.38,1,8,2025-11-09
USR001849,Urmi Babu,urmi.babu1992@outlook.com,3986639846,2026-05-08,CHN,Android,UPI,85.91,REF9933OU,,4.16,1,1,2026-07-14
USR001850,Yuvraj Kaul,yuvrajkaul1993@outlook.com,3918867622,2024-04-04,BLR,Android,Debit Card,165.21,REF4844IR,USR000920,4.96,0,1,2026-06-06
USR001851,Madhavi Dugar,madhavi.dugar59@gmail.com,3340142156,2025-12-07,DEL,Android,UPI,108.16,REF7353PT,,4.33,0,7,2026-04-24
USR001852,Onveer Wable,onveerwable@tcs.com,5704445514,2024-05-15,KOL,Android,Debit Card,150.39,REF3452AN,,4.89,1,8,2025-11-05
USR001853,Unni Nori,unni_nori@hdfcbank.com,9574218842,2024-04-01,PUNE,Android,Wallet,227.34,REF3442FE,,4.55,0,9,2024-06-30
USR001854,Neel Choudhry,,9246429987,2026-01-06,KOL,Android,Credit Card,220.21,REF4638HX,,3.72,1,12,2026-04-19
USR001855,Kavya Dani,kavya_dani25@outlook.com,7514518347,2021-10-01,DEL,Android,Cash,120.11,REF2473UN,USR000117,3.93,1,7,2025-04-24
USR001856,Abha Nair,abha_nair@gmail.com,1246437862,2022-10-30,LKO,iOS,Credit Card,410.36,REF9230VD,,3.88,1,12,2024-09-13
USR001857,Agastya Sandal,agastyasandal@icloud.com,0696374912,2022-08-28,BLR,iOS,Credit Card,60.52,REF4301RO,,4.9,1,6,2024-10-01
USR001858,Libni Nigam,libni.nigam1992@icloud.com,,2021-01-19,BLR,iOS,Cash,68.72,REF1879SO,,5.0,1,8,2025-08-31
USR001859,Aditya Chaudry,adityachaudry98@tcs.com,2316004027,2026-02-24,CHN,Android,Wallet,345.73,REF0614CF,,4.16,0,14,2026-05-13
USR001860,Kiaan Chowdhury,kiaan_chowdhury1988@tcs.com,1498425079,2024-12-04,JAI,iOS,Debit Card,165.14,REF2898AY,,5.0,1,11,2025-09-15
USR001861,Yashasvi Lal,yashasvi.lal@rediffmail.com,4144246073,2022-12-23,LKO,iOS,Wallet,131.36,REF6699OW,USR000757,3.14,1,9,2024-07-11
USR001862,Jyoti Gara,jyoti_gara@hdfcbank.com,7576379829,2023-04-06,AMD,iOS,Debit Card,127.8,REF7238BE,,3.84,1,3,2023-12-26
USR001863,Sathvik Ramakrishnan,,4105939481,2022-06-10,BLR,iOS,Credit Card,68.48,REF3055FE,USR000842,3.92,1,7,2025-08-07
USR001864,Harita Saraf,haritasaraf1984@hdfcbank.com,8696609635,2021-05-29,AMD,iOS,Credit Card,187.15,REF5043KD,USR000707,4.34,1,8,2023-07-10
USR001865,Onveer Chahal,onveer_chahal72@hdfcbank.com,2622644180,2026-05-03,JAI,Android,Credit Card,39.15,REF4760FU,,5.0,1,14,2026-07-12
USR001866,Vivaan Nagy,vivaannagy@gmail.com,2437795076,2024-06-05,BLR,iOS,Wallet,45.71,REF2459SD,USR000249,5.0,1,9,2025-02-12
USR001867,Mohammed Narayanan,,8467901752,2024-05-20,JAI,Android,Cash,166.85,REF5573FQ,USR000259,4.28,0,3,2025-07-06
USR001868,Falak Edwin,falakedwin@outlook.com,4999020385,2022-09-02,DEL,iOS,Wallet,126.9,REF2792NR,USR001264,4.95,1,10,2023-01-17
USR001869,Gaurav Oommen,gaurav.oommen82@gmail.com,6957538513,2024-03-01,MUM,Android,Debit Card,342.89,REF4070DJ,USR000419,4.97,1,9,2025-08-11
USR001870,Omisha Bobal,omishabobal90@gmail.com,0408520633,2024-06-09,JAI,iOS,Debit Card,48.03,REF9763VK,,4.12,1,11,2025-07-06
USR001871,Warhi Gulati,warhi_gulati@infosys.com,6593380419,2026-06-09,BLR,Android,Cash,103.89,REF4611HM,USR000690,4.59,0,6,2026-06-23
USR001872,Vihaan Bhat,vihaanbhat5@rediffmail.com,8436602093,2024-02-19,LKO,iOS,Credit Card,103.38,REF1716DP,,4.81,1,9,2025-09-23
USR001873,Ekalinga Balay,,7777365764,2025-12-06,DEL,Android,Wallet,171.73,REF1378ID,,3.46,1,7,2026-02-06
USR001874,Zashil Thaman,zashilthaman83@gmail.com,3511026939,2023-04-18,MUM,iOS,Cash,82.18,REF5545ND,,3.95,1,8,2025-12-26
USR001875,Rehaan Krish,rehaan.krish2001@hotmail.com,1485507026,2025-06-17,CHN,iOS,Debit Card,129.35,REF5533DI,USR000335,4.38,1,13,2025-11-26
USR001876,Akshay Rajan,akshay_rajan8@gmail.com,1448762164,2021-07-18,DEL,Android,Wallet,131.47,REF4062ZY,,4.55,1,8,2022-08-24
USR001877,Zaid Bhagat,zaidbhagat1982@yahoo.com,6957252023,2025-04-10,BLR,Android,Credit Card,103.36,REF8342DS,,4.65,1,7,2026-06-10
USR001878,Naveen Prasad,naveen_prasad36@tcs.com,8919949516,2022-02-01,HYD,iOS,UPI,228.2,REF5893DD,USR001499,4.37,1,9,2023-02-12
USR001879,Dipta Ramesh,dipta.ramesh@hdfcbank.com,5239004152,2025-05-16,CHN,iOS,Wallet,219.94,REF5991VT,USR001536,4.26,1,5,2026-02-13
USR001880,Ganga Kumer,ganga_kumer1995@yahoo.com,9779501467,2023-04-27,PUNE,Android,Cash,114.58,REF4286FI,USR000966,4.0,1,9,2023-07-05
USR001881,Chaitanya Dave,chaitanya.dave72@tcs.com,,2021-12-07,JAI,iOS,UPI,51.57,REF0936FJ,USR000786,3.7,1,11,2023-01-05
USR001882,Veda Bali,vedabali51@yahoo.com,0316134079,2022-12-11,JAI,Android,UPI,116.81,REF8004QE,,3.84,1,9,2025-06-23
USR001883,Ekiya Goel,,8328678515,2021-08-28,KOL,Android,Wallet,28.95,REF9216RW,,5.0,0,7,2021-09-02
USR001884,Jagrati Sidhu,jagrati.sidhu2005@tcs.com,6166894093,2025-08-25,DEL,iOS,Debit Card,39.42,REF0668GE,,3.79,1,12,2025-10-24
USR001885,Harita Prabhakar,haritaprabhakar@tcs.com,1339563224,2021-06-16,JAI,Android,Credit Card,79.72,REF6364AO,,4.27,1,10,2023-08-31
USR001886,Ekalinga Dave,ekalinga.dave20@gmail.com,7486978487,2025-08-08,JAI,iOS,Debit Card,256.09,REF5182XZ,,4.01,1,9,2025-08-18
USR001887,Pavani Kapur,pavani.kapur44@gmail.com,0436922591,2022-11-24,MUM,iOS,Debit Card,242.61,REF9896VM,,4.97,1,5,2026-04-06
USR001888,Vasudha Manda,vasudha_manda1981@hdfcbank.com,7631919863,2026-03-25,HYD,iOS,Debit Card,267.07,REF6423AH,USR000043,4.12,1,13,2026-05-28
USR001889,Lipika Agrawal,lipika.agrawal2003@wipro.com,0635673577,2024-02-18,AMD,Android,Cash,161.97,REF7085QW,USR001392,3.81,0,12,2026-02-19
USR001890,Dhruv Agarwal,dhruv.agarwal43@tcs.com,2730324827,2022-08-01,HYD,Android,UPI,116.59,REF5694KX,USR001754,4.1,1,9,2023-05-25
USR001891,Harita Sachdev,harita.sachdev1994@wipro.com,2038069586,2021-04-07,PUNE,Android,Wallet,501.75,REF4635IR,USR001348,5.0,0,7,2021-12-07
USR001892,Harshil Chandra,harshil_chandra47@outlook.com,7903666636,2021-10-28,DEL,iOS,Credit Card,98.0,REF2185MP,,4.18,1,4,2024-06-17
USR001893,Nathan Sachdeva,nathansachdeva1990@yahoo.com,5033790294,2024-11-30,DEL,Android,Credit Card,215.76,REF9472GE,USR001538,3.42,1,6,2025-02-03
USR001894,Hritik Iyer,hritikiyer49@yahoo.com,7567195030,2023-05-13,AMD,iOS,Wallet,168.72,REF0375NW,USR000835,5.0,1,13,2024-05-15
USR001895,Ekalinga Dass,ekalinga_dass1@tcs.com,9489185298,2021-10-10,KOL,Android,Cash,34.41,REF5687JD,,4.14,1,7,2022-07-02
USR001896,Falak Dara,,7649136165,2022-11-09,DEL,iOS,Credit Card,40.59,REF3882AT,USR000811,4.74,1,9,2024-03-11
USR001897,Lila Chopra,lila.chopra@gmail.com,2948494345,2025-02-05,JAI,Android,Wallet,218.65,REF7652GK,USR000017,3.58,0,7,2025-06-08
USR001898,Rajeshri Oza,rajeshri_oza1991@icloud.com,1595678323,2022-05-01,DEL,Android,Debit Card,38.1,REF7766EU,USR001246,4.0,1,9,2023-10-20
USR001899,Jackson Mane,jacksonmane92@gmail.com,6618536087,2023-01-21,HYD,Android,Cash,320.86,REF9593YZ,,4.21,1,7,2024-02-07
USR001900,Ayush Kapoor,ayushkapoor@hotmail.com,1209966763,2026-06-04,AMD,iOS,Wallet,259.39,REF8072AQ,,4.16,1,8,2026-07-16
USR001901,Chakrika Krishna,chakrika.krishna@hdfcbank.com,7071905657,2024-02-15,LKO,iOS,Debit Card,81.23,REF7203PC,,4.25,1,5,2024-10-02
USR001902,Eesha Lad,eesha_lad1985@wipro.com,3164909546,2023-03-09,PUNE,iOS,Cash,133.93,REF4396FE,USR001816,4.35,1,6,2024-10-08
USR001903,Irya Varughese,irya_varughese14@gmail.com,2531292662,2021-09-10,AMD,iOS,UPI,73.06,REF8873TQ,,4.31,1,9,2023-12-23
USR001904,Falak Varty,falak_varty@hotmail.com,4615970001,2023-05-17,DEL,iOS,UPI,75.59,REF5478DR,USR001769,4.51,1,7,2024-03-27
USR001905,Aarini Ramanathan,aariniramanathan@rediffmail.com,4369390894,2021-05-09,PUNE,iOS,UPI,84.26,REF9007NH,USR000408,3.93,0,4,2025-03-03
USR001906,Widisha Bir,widisha.bir@yahoo.com,0542842511,2021-07-12,PUNE,iOS,UPI,162.19,REF1319HU,,4.09,1,10,2023-12-30
USR001907,Akshay Memon,akshay_memon1983@hotmail.com,2597999032,2022-10-31,CHN,iOS,Cash,362.03,REF1903WW,USR001454,5.0,1,5,2024-12-07
USR001908,Lopa Sani,lopasani2000@tcs.com,9513403997,2026-07-16,AMD,Android,Debit Card,321.4,REF3887RA,,4.66,1,10,2026-07-16
USR001909,Ansh Wable,ansh.wable2002@icloud.com,3293970266,2026-05-30,CHN,iOS,Cash,47.37,REF8387SS,USR000677,4.46,1,6,2026-06-23
USR001910,Dayamai Buch,dayamai.buch2003@icloud.com,1178605776,2024-10-05,JAI,iOS,Wallet,83.89,REF3820EH,,4.47,1,11,2024-10-12
USR001911,Bahadurjit Kari,bahadurjit.kari78@icloud.com,5740589230,2025-06-30,MUM,iOS,Credit Card,31.21,REF7719IT,,4.55,0,10,2026-05-24
USR001912,Indrajit Gara,indrajit_gara@gmail.com,6557136496,2022-01-24,BLR,iOS,Credit Card,63.02,REF3606CF,,4.35,1,15,2022-10-23
USR001913,Diya Karnik,diya_karnik1999@wipro.com,7448825269,2026-03-03,BLR,iOS,Credit Card,113.04,REF7451SV,,3.94,1,7,2026-06-12
USR001914,Isaac Murty,isaac_murty@gmail.com,8515764670,2021-12-05,AMD,iOS,Credit Card,125.7,REF9018XG,,4.56,1,9,2025-11-26
USR001915,Yamini Kadakia,yamini.kadakia@tcs.com,6502758603,2022-01-09,DEL,Android,Debit Card,68.87,REF5068AM,,4.35,0,15,2022-01-09
USR001916,Matthew Konda,matthewkonda2005@icloud.com,4570515578,2021-10-11,HYD,iOS,Wallet,304.64,REF4563SP,,4.86,1,4,2025-03-02
USR001917,Ojas Luthra,ojas_luthra1993@hdfcbank.com,1862869747,2022-10-20,MUM,iOS,Debit Card,184.96,REF2638IA,,4.25,1,10,2023-07-06
USR001918,Arya Singh,arya.singh@gmail.com,1931922941,2021-05-23,HYD,Android,UPI,328.95,REF6237BN,USR001468,3.86,1,10,2026-01-21
USR001919,Manya Goyal,manya_goyal1996@gmail.com,1854554189,2023-06-05,BLR,Android,Wallet,454.24,REF2328WS,,3.68,1,6,2026-01-16
USR001920,Aarush Behl,aarush.behl@hotmail.com,0328267354,2023-04-03,CHN,iOS,UPI,44.75,REF2588PF,,4.27,0,6,2025-09-26
USR001921,Jagvi Savant,jagvi_savant1989@gmail.com,6213250862,2021-12-14,LKO,iOS,Credit Card,78.66,REF9047LW,,4.38,1,9,2022-06-05
USR001922,Chanchal Sarma,chanchal_sarma54@infosys.com,2309258728,2023-10-13,CHN,Android,Wallet,176.97,REF8685YS,,5.0,1,5,2025-11-27
USR001923,Shaurya Brahmbhatt,shauryabrahmbhatt1991@rediffmail.com,8460172628,2025-09-21,KOL,Android,UPI,31.37,REF9467QN,,4.38,1,10,2026-01-24
USR001924,Yutika Mander,yutikamander1983@yahoo.com,1634303101,2025-06-18,CHN,iOS,UPI,162.83,REF0336TM,USR000918,3.96,1,8,2025-11-01
USR001925,Anusha Patil,anusha.patil1999@tcs.com,0857962295,2024-12-02,LKO,iOS,Cash,54.6,REF6636BL,,4.0,1,12,2025-09-12
USR001926,Fariq Bansal,fariq.bansal54@outlook.com,2604690174,2024-04-21,LKO,iOS,Debit Card,232.12,REF1108TH,USR000578,5.0,1,6,2025-12-23
USR001927,Ladli Desai,ladlidesai1982@gmail.com,6678845732,2021-09-27,HYD,iOS,Wallet,249.41,REF9538ON,USR000207,5.0,1,5,2022-08-14
USR001928,Michael Kakar,michael_kakar@gmail.com,0711072985,2022-08-14,JAI,iOS,Credit Card,293.42,REF1650LR,USR000009,4.44,0,6,2026-07-17
USR001929,Pavani Saraf,pavani_saraf1996@icloud.com,5333171479,2025-07-31,LKO,iOS,Wallet,52.37,REF0230WO,,4.68,1,13,2026-06-22
USR001930,Brinda Gokhale,brinda_gokhale85@gmail.com,8152089521,2023-11-18,JAI,Android,Credit Card,115.28,REF5541KK,USR001077,3.75,1,12,2025-09-06
USR001931,Qushi Ganesan,qushi_ganesan2003@infosys.com,7324913943,2021-04-12,KOL,Android,Credit Card,149.79,REF7680HK,,4.99,1,11,2022-09-17
USR001932,Vidhi Krishna,vidhikrishna35@yahoo.com,3844037654,2025-11-17,CHN,iOS,UPI,179.9,REF0325CV,,4.63,1,6,2026-02-08
USR001933,Anirudh Halder,anirudh.halder@infosys.com,4148632908,2024-01-15,HYD,Android,Cash,84.08,REF3999RJ,,4.35,1,3,2025-04-14
USR001934,Hitesh Natt,hiteshnatt2001@rediffmail.com,2377210907,2023-05-05,MUM,iOS,Wallet,191.83,REF5050WR,USR000203,4.04,1,5,2025-09-08
USR001935,Hredhaan Bora,hredhaan.bora33@outlook.com,,2022-11-08,AMD,iOS,Debit Card,304.47,REF4447KS,,3.24,1,6,2024-11-11
USR001936,Sai Kunda,sai.kunda@hotmail.com,4865737449,2021-04-18,KOL,iOS,Debit Card,8.37,REF7174TA,,4.61,1,10,2025-10-31
USR001937,Meera Radhakrishnan,meeraradhakrishnan76@outlook.com,,2023-02-23,PUNE,iOS,Debit Card,135.64,REF6660CI,USR000359,4.98,1,11,2024-08-01
USR001938,Hitesh Agarwal,,3825289404,2025-06-30,HYD,Android,Cash,201.93,REF0474GJ,,3.96,1,12,2026-03-30
USR001939,Laksh Randhawa,laksh.randhawa6@outlook.com,2668480316,2025-09-10,PUNE,iOS,UPI,341.59,REF3935HZ,,3.67,0,13,2026-04-29
USR001940,Mason Lal,masonlal@gmail.com,7642983930,2022-03-11,JAI,iOS,UPI,129.01,REF3678ED,USR001633,4.56,1,6,2026-01-29
USR001941,Mekhala Barman,mekhala.barman1995@icloud.com,8734011499,2025-05-11,CHN,Android,Credit Card,76.28,REF3953MX,USR001185,4.94,1,7,2025-05-17
USR001942,Saksham Sengupta,saksham.sengupta27@infosys.com,9096781945,2026-02-26,LKO,iOS,Credit Card,37.05,REF7475RU,,4.78,1,7,2026-05-23
USR001943,Girindra Balay,girindrabalay1989@gmail.com,7368910804,2021-01-27,CHN,iOS,UPI,228.47,REF6597CO,,4.51,1,7,2023-01-21
USR001944,Tanish Balay,tanish.balay18@gmail.com,8771699165,2023-10-18,HYD,iOS,UPI,236.9,REF1756NO,,4.42,1,4,2025-06-07
USR001945,Ekaraj Dani,ekaraj_dani@hotmail.com,7867126572,2024-06-17,CHN,iOS,Credit Card,242.44,REF8723AP,,4.18,1,9,2024-08-01
USR001946,Ojas Swaminathan,ojasswaminathan57@icloud.com,9196084158,2024-06-04,DEL,iOS,Credit Card,134.8,REF8182XL,,5.0,0,12,2024-11-08
USR001947,Arunima Kala,arunima_kala1988@tcs.com,8559670716,2023-06-14,AMD,iOS,Cash,160.96,REF5537TO,,3.41,1,5,2024-02-01
USR001948,Dalaja Agate,dalajaagate1983@rediffmail.com,7560231064,2022-02-17,DEL,Android,Cash,213.33,REF9448TG,,4.18,1,4,2025-09-22
USR001949,Neel Goda,neelgoda@icloud.com,3449799251,2024-08-17,HYD,Android,Wallet,223.47,REF0797KL,USR001317,4.23,1,7,2025-08-21
USR001950,Anya Sehgal,,3710539259,2023-09-12,CHN,Android,UPI,87.93,REF9736AO,,3.92,1,7,2026-03-08
USR001951,Robert Rattan,robert.rattan1997@gmail.com,3040256004,2025-09-24,LKO,Android,UPI,179.73,REF0677HJ,,3.73,1,7,2026-06-22
USR001952,Udyati Pandey,udyati.pandey@gmail.com,1279717635,2021-10-28,KOL,iOS,Debit Card,125.44,REF1316RZ,,4.61,1,8,2024-02-23
USR001953,Arjun Menon,,7676227025,2021-10-23,HYD,iOS,UPI,82.24,REF0642SD,,2.95,1,12,2024-08-17
USR001954,Eiravati Uppal,eiravati_uppal2005@tcs.com,2560467820,2021-12-17,HYD,iOS,Cash,27.27,REF4316OO,USR001451,4.64,1,14,2026-07-08
USR001955,Ekaja Panchal,ekaja_panchal54@hotmail.com,3409731220,2023-07-07,DEL,iOS,Wallet,109.77,REF3690ZS,,5.0,1,5,2025-04-28
USR001956,Aayush Nair,aayush.nair1995@gmail.com,1694353286,2023-12-11,MUM,Android,Wallet,108.95,REF6676ZU,,4.31,1,8,2025-03-28
USR001957,Wriddhish Venkataraman,wriddhishvenkataraman@tcs.com,,2022-09-12,PUNE,iOS,Credit Card,80.85,REF1780XJ,,4.32,1,8,2025-10-12
USR001958,Kritika Sawhney,kritika.sawhney2005@infosys.com,5261510705,2021-11-15,DEL,iOS,Wallet,174.35,REF0573LH,USR000488,4.04,1,8,2025-03-14
USR001959,Balendra Rastogi,balendrarastogi1996@rediffmail.com,2359989625,2025-10-07,PUNE,Android,Cash,259.02,REF5705KN,,4.81,0,5,2026-07-13
USR001960,Raagini Bakshi,raaginibakshi@gmail.com,5151797519,2025-05-25,MUM,Android,UPI,382.6,REF8692ZP,,3.97,0,5,2026-01-30
USR001961,Ekalinga Gera,ekalingagera30@hdfcbank.com,5801976213,2024-04-15,BLR,Android,Wallet,44.07,REF3784LV,,4.33,1,11,2025-12-09
USR001962,Faraj Nagarajan,faraj.nagarajan54@icloud.com,2224708101,2026-03-20,KOL,iOS,Cash,79.57,REF4616RR,,4.93,0,16,2026-07-15
USR001963,Elijah Wason,elijah.wason@wipro.com,4374812681,2023-04-28,JAI,Android,Credit Card,67.69,REF4812LU,,3.65,0,8,2025-10-27
USR001964,Ekiya Varma,ekiya_varma87@gmail.com,8140334050,2022-03-23,MUM,iOS,Debit Card,22.04,REF7930UA,,3.75,1,8,2022-06-18
USR001965,Harita Vasa,haritavasa@gmail.com,2131166946,2023-12-11,AMD,Android,Cash,278.49,REF8105YT,USR001684,4.36,1,10,2024-09-22
USR001966,Pahal Kuruvilla,pahal.kuruvilla1992@icloud.com,5983620749,2022-09-24,AMD,Android,UPI,255.46,REF0212SB,,4.11,1,5,2024-01-01
USR001967,Falan Gera,falan_gera@yahoo.com,0331465657,2024-07-09,KOL,Android,UPI,45.3,REF8849SU,,3.92,1,7,2025-09-30
USR001968,Siddharth Bajaj,siddharth_bajaj@rediffmail.com,0438964164,2022-09-12,CHN,iOS,Wallet,202.78,REF1665FG,,3.44,1,6,2024-03-04
USR001969,Ranveer De,ranveer_de@gmail.com,2487641261,2023-05-26,CHN,Android,UPI,145.9,REF5086JU,,4.28,1,4,2024-02-25
USR001970,Mekhala Dani,mekhala.dani@gmail.com,9340835442,2026-04-20,AMD,iOS,Wallet,292.6,REF3955FQ,,3.95,1,6,2026-05-10
USR001971,Orinder Aurora,orinderaurora1989@gmail.com,6932596276,2026-05-24,JAI,Android,UPI,53.77,REF7885KI,USR001700,4.43,1,6,2026-05-29
USR001972,Owen Singhal,owensinghal1988@yahoo.com,8399557802,2022-04-10,HYD,Android,Debit Card,124.91,REF2236IP,USR001751,3.46,1,5,2026-05-27
USR001973,Avi Salvi,avi_salvi91@gmail.com,0269447353,2025-06-21,KOL,Android,Wallet,252.18,REF2801DF,,4.44,1,6,2025-11-21
USR001974,Teerth Grewal,teerthgrewal@icloud.com,,2022-12-09,LKO,iOS,Cash,137.14,REF4143NE,USR000169,3.32,1,9,2026-06-15
USR001975,Upadhriti Bedi,upadhritibedi@outlook.com,7720110408,2021-01-27,BLR,Android,UPI,146.16,REF3186QV,,3.68,1,6,2021-08-07
USR001976,Meera Badami,meera_badami@hdfcbank.com,7953342253,2024-09-29,AMD,iOS,UPI,124.41,REF3843VD,,3.34,1,11,2025-06-17
USR001977,Jagvi Tailor,jagvi.tailor1993@hotmail.com,7457502188,2024-04-26,BLR,iOS,Debit Card,31.37,REF9392IQ,,3.83,1,4,2024-12-29
USR001978,Rachana Banerjee,rachana.banerjee77@rediffmail.com,3968788420,2025-03-15,DEL,iOS,Credit Card,144.28,REF5211SH,USR001825,3.94,1,12,2025-06-19
USR001979,Jyoti Thakur,jyoti.thakur@gmail.com,6939285320,2026-05-05,MUM,Android,Credit Card,120.24,REF4759XJ,,4.13,1,8,2026-06-24
USR001980,Bimala Sabharwal,bimalasabharwal1993@yahoo.com,8986361395,2026-06-28,HYD,iOS,Cash,72.32,REF2546FA,,3.91,0,5,2026-06-29
USR001981,Ishwar Nayak,ishwarnayak39@gmail.com,0194737796,2023-09-27,PUNE,Android,UPI,255.62,REF9459IT,,4.4,1,8,2026-04-10
USR001982,Ira Master,ira_master47@gmail.com,7822008100,2021-02-25,LKO,Android,Credit Card,166.99,REF2638YL,USR001758,3.42,0,11,2023-02-12
USR001983,Dalbir Rana,dalbir.rana73@hdfcbank.com,7595149096,2023-02-11,DEL,Android,Cash,120.19,REF1428AQ,,4.0,1,9,2025-11-09
USR001984,Ira Varma,ira_varma@outlook.com,2749665294,2023-02-21,LKO,iOS,Debit Card,374.29,REF7108AA,,4.07,1,9,2024-01-10
USR001985,Ucchal Dugal,ucchaldugal93@outlook.com,4335367577,2021-02-23,HYD,iOS,UPI,88.43,REF8305HD,,4.88,1,16,2025-04-24
USR001986,Lipika Natt,,1049791407,2022-06-08,JAI,iOS,Wallet,33.22,REF7734UY,USR001093,4.19,1,9,2025-06-09
USR001987,Frederick Banik,frederick.banik48@outlook.com,6974721712,2022-05-09,HYD,Android,Debit Card,234.04,REF7128BY,,4.38,1,6,2023-11-25
USR001988,Chandresh Kamdar,chandresh_kamdar@gmail.com,9525587673,2022-02-10,BLR,iOS,UPI,137.51,REF4356BG,USR001427,3.32,1,12,2026-06-29
USR001989,Xalak Goda,xalak_goda1983@yahoo.com,6461261499,2024-11-10,DEL,iOS,UPI,69.45,REF5078WF,,4.46,1,8,2025-08-29
USR001990,Patrick Sastry,patrick_sastry@hotmail.com,3909519566,2023-12-19,PUNE,Android,UPI,82.88,REF3631XK,USR001427,3.99,1,9,2025-06-19
USR001991,Jacob Bhagat,jacob.bhagat2005@gmail.com,0787048113,2021-05-13,CHN,Android,Wallet,156.25,REF3006MY,,4.57,1,8,2023-09-04
USR001992,Nathaniel Subramanian,nathaniel.subramanian2000@wipro.com,8677705548,2021-07-19,DEL,iOS,Cash,43.77,REF5373MA,,3.88,1,15,2023-03-27
USR001993,Gopal Nanda,gopal.nanda@gmail.com,0029331326,2021-10-20,KOL,Android,Credit Card,241.01,REF9907FL,,4.37,0,4,2025-11-05
USR001994,Naksh Bhatt,nakshbhatt@wipro.com,4157712918,2021-04-19,BLR,Android,UPI,282.12,REF8937QA,USR001029,4.03,1,5,2023-09-20
USR001995,Odika Chada,odika_chada@gmail.com,8922355285,2025-08-29,BLR,Android,Debit Card,13.26,REF4251UL,,4.15,1,4,2025-10-17
USR001996,Manbir Goel,manbirgoel@gmail.com,8789715359,2022-06-09,PUNE,Android,UPI,310.28,REF8706MA,USR001762,4.66,1,13,2024-09-08
USR001997,Wishi Lata,wishi_lata1984@gmail.com,0728310185,2022-07-24,DEL,Android,Debit Card,211.07,REF6472AH,USR001203,4.25,1,8,2023-04-17
USR001998,Neha Mukherjee,nehamukherjee@wipro.com,1058010886,2024-09-20,LKO,Android,UPI,77.13,REF0880IE,USR000426,3.62,1,10,2025-06-09
USR001999,Fariq Kala,fariq_kala53@hotmail.com,6364653334,2022-01-07,JAI,iOS,UPI,216.61,REF7974QF,,5.0,1,6,2022-11-27
USR002000,Varsha Divan,varsha.divan1988@tcs.com,1915023743,2022-09-16,BLR,iOS,Debit Card,30.86,REF7749AO,,4.79,1,10,2024-05-18
USR002001,Nitesh D’Alia,nitesh_dalia82@wipro.com,4726097962,2022-01-31,CHN,Android,UPI,218.58,REF8734UD,,3.81,1,6,2025-05-09
USR002002,Warinder Rout,warinder.rout@hotmail.com,5919817473,2025-08-09,HYD,iOS,Cash,227.4,REF9145LF,,4.01,1,10,2026-06-25
USR002003,Shravya Mistry,shravya_mistry@wipro.com,3198444961,2023-02-25,KOL,iOS,Debit Card,236.01,REF6653NC,,4.58,1,6,2023-07-10
USR002004,Zashil Sood,zashilsood@outlook.com,7212384877,2024-06-22,KOL,iOS,Debit Card,68.35,REF6395LV,USR000969,4.31,1,5,2025-07-05
USR002005,Gaurangi Prakash,gaurangiprakash2002@rediffmail.com,2290005905,2025-05-12,CHN,iOS,Wallet,121.63,REF5619FJ,,3.97,1,13,2026-04-18
USR002006,Janya Mane,janyamane@hotmail.com,9344246271,2024-07-22,LKO,iOS,Credit Card,264.78,REF4517OY,USR000415,3.71,1,8,2026-07-16
USR002007,Gayathri Khalsa,gayathri.khalsa85@tcs.com,9759809628,2021-11-17,AMD,iOS,Credit Card,16.98,REF2393PD,,4.6,1,14,2024-12-11
USR002008,Vrinda Nanda,vrinda_nanda1995@wipro.com,7376309773,2025-03-15,KOL,Android,Cash,178.75,REF2196AH,USR001608,4.68,1,7,2025-05-05
USR002009,Xalak Tara,xalak.tara2005@wipro.com,4450729629,2024-05-31,JAI,Android,Wallet,234.64,REF9836YA,USR001763,4.52,1,11,2025-01-15
USR002010,Manbir Ravel,manbir_ravel@gmail.com,2546305941,2023-08-04,MUM,Android,Credit Card,280.55,REF0107NO,USR001652,4.81,1,7,2024-10-03
USR002011,Ekaja Jani,ekajajani@gmail.com,8198708840,2024-06-10,KOL,iOS,Cash,38.55,REF5671ED,,4.53,1,8,2024-06-29
USR002012,Janya Hayre,janya.hayre42@gmail.com,2683950705,2021-09-08,CHN,iOS,Credit Card,302.68,REF7553SJ,,3.54,1,5,2023-05-10
USR002013,Qabil Bhattacharyya,qabilbhattacharyya@hdfcbank.com,6838702785,2025-08-30,BLR,iOS,Debit Card,62.95,REF1306MA,,3.77,1,8,2026-03-25
USR002014,Bhavya Garde,bhavyagarde1985@rediffmail.com,1730639085,2025-10-29,LKO,iOS,UPI,62.25,REF3798XJ,USR001681,5.0,1,7,2026-03-12
USR002015,Pavani Varty,,3866560677,2023-02-24,CHN,iOS,UPI,22.58,REF8306JQ,,3.42,1,9,2025-09-05
USR002016,Eta Mannan,eta.mannan2005@gmail.com,7250402589,2024-02-02,HYD,Android,Debit Card,94.14,REF5595CY,USR000228,4.7,0,4,2024-03-06
USR002017,Eshana Wadhwa,eshana_wadhwa1995@rediffmail.com,7845720802,2025-05-09,HYD,iOS,Cash,136.27,REF8810OI,USR001545,4.67,1,7,2025-06-19
USR002018,Unni Mitter,unnimitter1982@gmail.com,0816115566,2024-09-07,HYD,iOS,Cash,38.26,REF4104FX,,4.73,0,8,2025-06-22
USR002019,Ishani Bath,ishani_bath1989@wipro.com,8408922706,2025-11-07,KOL,iOS,Cash,17.37,REF1340TR,USR000152,3.9,1,9,2026-03-15
USR002020,Wyatt Natarajan,wyattnatarajan72@gmail.com,3638364722,2024-09-19,MUM,Android,UPI,271.2,REF9906TM,,4.15,1,7,2025-03-03
USR002021,Balvan Viswanathan,balvan.viswanathan1996@hotmail.com,4244966390,2024-01-20,DEL,Android,Cash,406.26,REF4558VG,,4.69,1,9,2024-09-28
USR002022,Anjali Sahni,anjalisahni86@infosys.com,4096170998,2022-06-19,BLR,Android,Credit Card,146.29,REF0045NL,,4.4,1,7,2022-11-18
USR002023,Mitali Ray,mitali.ray@gmail.com,8469128150,2026-03-01,JAI,iOS,UPI,217.67,REF7317AL,USR001613,5.0,0,6,2026-07-02
USR002024,Mitesh Pingle,mitesh.pingle1996@wipro.com,5361276987,2021-07-20,LKO,iOS,UPI,330.6,REF1645QA,,3.92,1,4,2023-04-02
USR002025,Vrinda Mammen,vrinda_mammen1982@yahoo.com,9897173315,2021-07-08,MUM,Android,Cash,114.33,REF6229WF,,4.25,1,8,2025-01-22
USR002026,Fitan Lanka,fitanlanka1981@icloud.com,5044152644,2023-09-03,JAI,iOS,Wallet,115.14,REF7160RL,,3.89,1,8,2026-01-27
USR002027,Jyoti Kurian,jyoti.kurian@gmail.com,7804987620,2026-06-11,MUM,iOS,UPI,164.37,REF5829YA,,3.82,1,10,2026-06-29
USR002028,Eshana Gala,eshana_gala1993@outlook.com,0741464402,2021-06-18,PUNE,Android,Debit Card,109.88,REF9383CP,USR001223,3.36,1,8,2025-03-07
USR002029,Eshana Pandit,eshana.pandit18@outlook.com,3262138415,2022-11-22,BLR,iOS,Credit Card,116.21,REF6135MS,,5.0,1,9,2025-09-04
USR002030,Kevin Pathak,kevin_pathak1992@outlook.com,5688084820,2025-07-15,MUM,iOS,Cash,95.81,REF5109QW,,3.48,1,13,2026-07-10
USR002031,Samesh Mohanty,sameshmohanty52@hotmail.com,7813267273,2026-07-05,LKO,Android,UPI,74.15,REF7271JZ,USR000218,4.15,1,8,2026-07-15
USR002032,Reva Manne,reva.manne98@rediffmail.com,8194687749,2022-08-30,BLR,Android,Wallet,119.76,REF3262CC,,5.0,1,7,2023-02-22
USR002033,Elijah Jaggi,elijah_jaggi@rediffmail.com,2668490536,2022-06-15,KOL,Android,Wallet,55.71,REF2944MN,USR000088,3.7,1,8,2022-12-01
USR002034,Rayaan Borra,rayaan.borra1@rediffmail.com,7790534038,2026-05-12,KOL,Android,Debit Card,206.19,REF6783WL,USR001435,3.82,1,9,2026-07-16
USR002035,Gopal Vala,gopalvala@hotmail.com,4802362801,2021-05-01,CHN,Android,Wallet,20.83,REF8333GP,USR000289,3.85,1,5,2021-05-16
USR002036,Rishi Bora,rishi.bora69@hotmail.com,9781573415,2024-09-12,BLR,Android,Credit Card,22.91,REF9388SV,USR000304,3.92,1,5,2025-03-16
USR002037,Xiti Salvi,xiti.salvi2004@outlook.com,0460262247,2023-12-14,HYD,iOS,Cash,68.77,REF9106XB,,4.04,0,9,2024-10-13
USR002038,Pooja Chaudhary,pooja_chaudhary86@yahoo.com,2108401579,2025-07-02,MUM,Android,Debit Card,294.41,REF8922VG,,3.5,1,9,2025-08-23
USR002039,Baljiwan Sridhar,baljiwan.sridhar@wipro.com,6650836816,2025-05-16,AMD,Android,Credit Card,172.03,REF9706IT,,4.68,1,9,2026-02-11
USR002040,Urishilla Hayre,urishilla.hayre@gmail.com,,2024-09-23,PUNE,iOS,Cash,46.96,REF8214CC,,4.01,1,8,2026-05-29
USR002041,Andrew Hayer,andrewhayer1983@outlook.com,0562607024,2022-09-07,MUM,iOS,Debit Card,96.53,REF0871RW,USR000159,4.49,1,10,2026-02-13
USR002042,Dev Kashyap,dev.kashyap1996@tcs.com,1522932297,2024-02-13,KOL,iOS,Debit Card,196.22,REF7485PC,,4.57,1,11,2025-11-17
USR002043,Chakrika Suri,chakrikasuri@icloud.com,8864594780,2022-04-03,DEL,iOS,Credit Card,102.84,REF2540HS,,4.83,1,6,2025-01-16
USR002044,Tarak Ratta,tarak_ratta31@infosys.com,7555045838,2025-05-03,MUM,Android,UPI,211.92,REF0792VR,USR001354,5.0,1,8,2026-03-16
USR002045,Azad Bhagat,azad.bhagat70@gmail.com,1135980433,2022-10-16,PUNE,iOS,Debit Card,103.21,REF7500VF,,5.0,1,8,2024-11-16
USR002046,Andrew D’Alia,andrew.dalia1999@rediffmail.com,,2025-02-17,DEL,iOS,Cash,123.78,REF3156LA,,3.47,1,8,2025-04-08
USR002047,Sathvik Narain,sathvik_narain@rediffmail.com,2609316426,2021-05-17,DEL,iOS,Debit Card,79.08,REF0146BF,,4.07,1,13,2022-09-21
USR002048,Charles Dugal,charles.dugal@wipro.com,,2023-06-29,KOL,Android,Credit Card,247.9,REF6331YG,,4.92,1,8,2023-11-17
USR002049,Jai Merchant,jai_merchant35@icloud.com,5199508190,2022-07-29,HYD,iOS,Wallet,110.64,REF3101EF,,4.71,1,5,2023-06-23
USR002050,Ishita Dugar,ishita.dugar1989@gmail.com,5176352413,2022-01-05,PUNE,Android,Cash,59.82,REF0567ZZ,USR000755,4.47,1,10,2023-05-12
USR002051,Varenya Chaudhari,varenya_chaudhari77@tcs.com,6024923577,2022-07-15,MUM,iOS,Credit Card,239.48,REF0228YW,,4.22,1,7,2024-05-22
USR002052,Urishilla Chada,urishilla_chada@yahoo.com,2799752615,2023-07-29,CHN,Android,Wallet,57.12,REF7414LC,USR002044,4.14,0,13,2025-09-11
USR002053,Nandini Krish,nandinikrish18@yahoo.com,1114241248,2021-10-23,LKO,iOS,Cash,126.7,REF8789TH,USR000743,3.97,1,8,2023-01-21
USR002054,Samar Sawhney,samar.sawhney@gmail.com,9066954508,2021-02-11,BLR,iOS,Wallet,20.5,REF4546CN,USR000372,3.81,1,9,2023-08-06
USR002055,Gautam Tailor,gautam_tailor78@gmail.com,6130112738,2023-04-15,AMD,Android,UPI,133.76,REF5703QA,,4.36,1,11,2024-08-20
USR002056,Yash Nadkarni,yashnadkarni1989@hotmail.com,,2026-07-13,BLR,iOS,UPI,94.46,REF3181DK,,4.8,1,8,2026-07-14
USR002057,Azaan Bhatt,azaan.bhatt1991@yahoo.com,6078241164,2021-11-06,DEL,iOS,UPI,8.9,REF7965BQ,,4.22,0,3,2022-02-13
USR002058,Jason Kulkarni,jason_kulkarni@gmail.com,6248223064,2023-09-25,MUM,Android,UPI,119.56,REF3424QT,USR000089,3.97,1,8,2024-10-05
USR002059,Christopher Kapur,christopher.kapur1994@infosys.com,2346652174,2023-02-11,CHN,iOS,UPI,98.11,REF2116GQ,,4.34,1,8,2025-03-06
USR002060,Rachita Madan,rachita.madan@rediffmail.com,5411371346,2021-10-20,HYD,Android,Debit Card,125.38,REF6453WO,,3.86,1,5,2023-09-24
USR002061,Veda Wason,veda.wason1980@gmail.com,6018830415,2023-08-18,AMD,Android,Debit Card,237.22,REF3107IM,,3.74,1,6,2025-04-02
USR002062,Amara Kapoor,amara_kapoor1993@rediffmail.com,6970168525,2026-04-20,PUNE,Android,Cash,40.28,REF4474FP,,4.45,1,9,2026-05-03
USR002063,Tanish Som,tanishsom83@tcs.com,5968974095,2022-12-07,BLR,iOS,Wallet,202.91,REF3175DQ,USR000109,3.63,1,7,2026-02-27
USR002064,Bachittar Palla,bachittarpalla57@wipro.com,1847266806,2024-09-18,MUM,Android,Credit Card,179.33,REF2905UY,USR000284,4.39,1,4,2025-01-12
USR002065,Girish Chana,girish_chana@gmail.com,2789088068,2024-07-19,KOL,Android,Debit Card,111.77,REF3992SE,USR000620,4.39,1,12,2025-02-07
USR002066,Gaurangi Dewan,gaurangi_dewan20@yahoo.com,,2024-07-26,JAI,iOS,Cash,49.34,REF3112QH,,4.37,1,8,2025-03-08
USR002067,Forum Ramakrishnan,forumramakrishnan1987@hdfcbank.com,0385616271,2021-03-01,HYD,iOS,Debit Card,119.09,REF8223PF,,3.78,1,6,2022-07-17
USR002068,Warda Gulati,wardagulati27@tcs.com,3742142094,2021-10-21,CHN,iOS,Debit Card,307.87,REF4134YL,,4.55,1,8,2025-04-25
USR002069,Isaac Pingle,isaac.pingle@gmail.com,4250592530,2021-07-31,AMD,Android,Wallet,30.33,REF2079PE,,4.09,0,5,2024-10-10
USR002070,Megha Merchant,megha.merchant@icloud.com,9572381612,2022-07-17,DEL,iOS,Debit Card,185.35,REF9558FF,USR001753,4.32,1,5,2024-09-28
USR002071,Ethan Khatri,ethankhatri51@infosys.com,7535024694,2022-07-27,PUNE,iOS,Credit Card,133.94,REF9213UG,,4.36,1,9,2023-12-18
USR002072,Pratyush Kari,pratyushkari37@gmail.com,,2023-04-22,CHN,iOS,Cash,88.44,REF8412NI,USR001745,4.05,1,9,2024-03-14
USR002073,Urvi Bhargava,urvi_bhargava50@gmail.com,3708587837,2023-04-14,BLR,iOS,UPI,58.99,REF2087YP,,4.77,1,13,2026-07-11
USR002074,Logan Prashad,logan.prashad1990@gmail.com,9371519317,2024-10-08,DEL,iOS,Credit Card,388.13,REF9213HB,,4.34,1,9,2025-12-09
USR002075,Aarush Hora,aarush_hora@gmail.com,8113370494,2024-04-11,HYD,iOS,Debit Card,79.4,REF8449IJ,,4.83,1,10,2024-06-24
USR002076,Ria Sura,riasura90@hotmail.com,5588234811,2022-02-06,CHN,iOS,Wallet,87.41,REF6245UT,,4.39,1,7,2025-12-19
USR002077,Zansi Nagy,zansi_nagy@wipro.com,7798258753,2025-01-20,LKO,iOS,Credit Card,91.24,REF8082KP,,4.67,1,6,2026-07-06
USR002078,Ekani Keer,ekani.keer32@wipro.com,6667063311,2021-10-02,MUM,iOS,Wallet,87.96,REF7156XS,,4.25,1,12,2026-06-20
USR002079,Geetika Kannan,geetika.kannan51@wipro.com,3134037791,2021-11-16,DEL,iOS,Debit Card,56.43,REF9161GL,USR001617,3.83,1,4,2024-08-11
USR002080,Ayaan Sachdeva,ayaan.sachdeva2003@tcs.com,0045820721,2021-10-15,JAI,iOS,Credit Card,126.67,REF7037KO,USR000276,3.78,1,11,2022-07-25
USR002081,Chanchal Sankar,chanchal.sankar1994@infosys.com,5506529905,2026-02-24,CHN,Android,Wallet,223.99,REF6247ST,,3.98,1,9,2026-07-13
USR002082,Arjun Seshadri,arjunseshadri@hotmail.com,7890355081,2026-04-24,JAI,Android,Cash,86.1,REF3679OH,,4.13,1,11,2026-06-26
USR002083,Arunima Nagy,arunima_nagy1988@hdfcbank.com,1744205405,2022-06-03,LKO,iOS,Wallet,250.91,REF9968ZV,,4.53,1,8,2025-10-12
USR002084,Aditya Ghosh,aditya.ghosh1981@gmail.com,5993001341,2021-08-21,HYD,Android,Debit Card,5.54,REF1556EZ,,4.58,1,10,2025-12-01
USR002085,Anirudh Bora,anirudhbora@yahoo.com,4840000400,2026-01-15,PUNE,iOS,Wallet,69.7,REF4058DY,USR001414,4.02,1,9,2026-05-30
USR002086,Lekha Wadhwa,lekha.wadhwa45@tcs.com,5256048992,2025-02-11,JAI,Android,Debit Card,123.84,REF4645QN,USR000280,4.14,1,10,2025-04-14
USR002087,Darpan Chacko,darpan_chacko40@hotmail.com,9511812165,2024-11-08,HYD,iOS,Credit Card,82.54,REF4662UC,,3.34,1,8,2025-02-21
USR002088,Forum Bajaj,forum_bajaj15@tcs.com,0717416477,2022-02-08,DEL,Android,UPI,50.69,REF2508RH,,3.99,1,9,2024-12-31
USR002089,Yug Dara,yugdara2002@wipro.com,2546168444,2021-07-06,LKO,Android,Credit Card,151.99,REF6310SO,,3.24,1,12,2025-12-10
USR002090,Zayan Morar,zayan_morar1982@infosys.com,8113724479,2023-09-18,MUM,iOS,UPI,62.23,REF6964XW,USR001595,4.18,1,11,2026-02-02
USR002091,Chandani Wagle,chandani_wagle@hdfcbank.com,4658463924,2025-08-31,KOL,iOS,Debit Card,5.07,REF2975KF,,4.11,1,9,2026-05-24
USR002092,Yagnesh Sridhar,yagnesh_sridhar1994@gmail.com,9737805342,2021-02-27,PUNE,Android,Debit Card,304.08,REF8878BP,USR001461,3.8,1,8,2024-10-07
USR002093,Pallavi Date,pallavi_date21@wipro.com,7666091919,2022-05-21,PUNE,Android,Credit Card,229.89,REF5191ID,,5.0,1,4,2025-09-17
USR002094,Shivansh Chowdhury,shivansh_chowdhury@yahoo.com,,2023-08-17,AMD,iOS,Cash,130.46,REF3526QI,USR001353,4.34,1,10,2025-02-15
USR002095,Osha Sem,oshasem2005@yahoo.com,5639670447,2025-06-04,JAI,iOS,Credit Card,210.81,REF7697AH,USR001893,4.41,1,10,2025-09-03
USR002096,Upadhriti Bhakta,upadhriti_bhakta@tcs.com,5544940998,2021-05-23,PUNE,Android,Credit Card,8.3,REF7714CW,,4.54,1,12,2026-04-18
USR002097,Vritti Kuruvilla,vritti.kuruvilla@icloud.com,5576633542,2022-01-26,DEL,iOS,Credit Card,31.38,REF5752XY,,4.38,1,5,2022-02-11
USR002098,Shivani Dyal,shivanidyal1995@tcs.com,2769588708,2023-08-19,AMD,Android,UPI,235.29,REF0509VN,,4.95,1,5,2026-06-10
USR002099,Nimrat Sampath,nimrat.sampath@yahoo.com,4482943500,2022-02-11,DEL,Android,UPI,157.61,REF9426ZB,,3.81,1,7,2022-07-30
USR002100,Vanya Tandon,vanyatandon@infosys.com,4716491916,2022-08-18,AMD,Android,UPI,110.66,REF7961BW,,3.9,1,11,2026-04-27
USR002101,Oscar Oza,oscaroza56@rediffmail.com,6915697807,2025-05-25,KOL,Android,Cash,102.89,REF3695BR,,5.0,0,5,2026-01-23
USR002102,Ansh Viswanathan,ansh_viswanathan@infosys.com,9023743269,2023-04-13,CHN,Android,Cash,55.58,REF9823DE,,4.6,1,11,2025-05-25
USR002103,Gautam Raghavan,gautam_raghavan1986@gmail.com,1294640311,2021-11-08,BLR,iOS,Credit Card,108.78,REF2494GJ,,4.6,1,7,2023-12-25
USR002104,Radhika Parikh,radhika_parikh86@gmail.com,0339059666,2021-06-30,LKO,Android,Debit Card,209.83,REF8287MG,USR000055,3.9,0,5,2024-01-25
USR002105,Sarthak Subramaniam,sarthak.subramaniam1992@gmail.com,8463773485,2022-11-17,AMD,Android,UPI,126.56,REF9423KS,,4.66,0,8,2024-09-20
USR002106,Fariq Setty,fariq_setty1990@icloud.com,5055326799,2021-03-04,JAI,Android,Credit Card,597.88,REF0302CE,,4.9,1,8,2024-04-24
USR002107,Maanas Rana,maanasrana24@infosys.com,8894912867,2026-02-25,HYD,Android,Debit Card,39.44,REF2448PS,USR002050,4.09,1,2,2026-04-18
USR002108,Fiyaz Ben,fiyaz_ben@gmail.com,2969652415,2024-03-13,MUM,iOS,Wallet,69.69,REF2877QF,USR002070,4.08,1,7,2025-05-10
USR002109,Bhavika Bahri,bhavika_bahri69@infosys.com,1912943370,2021-07-07,AMD,Android,Wallet,187.8,REF7318DJ,,4.35,1,8,2022-05-02
USR002110,Meghana Kapadia,meghana.kapadia3@wipro.com,9353110158,2026-07-18,AMD,Android,Debit Card,170.36,REF2657HG,USR000141,4.66,1,13,2026-07-20
USR002111,Vansha Bhandari,vansha.bhandari64@wipro.com,9317560730,2022-09-15,KOL,Android,Debit Card,107.91,REF4567OF,USR000099,4.35,1,9,2025-11-03
USR002112,Vasana Basu,vasanabasu@gmail.com,9262189224,2021-04-27,HYD,Android,Debit Card,171.53,REF2173DN,,4.96,1,4,2026-01-21
USR002113,Gaurika Madan,gaurikamadan1@tcs.com,5143580471,2021-04-30,DEL,Android,Cash,26.81,REF0061NH,USR000962,4.11,1,5,2021-09-12
USR002114,Fitan Mutti,fitanmutti1985@wipro.com,5960276934,2021-12-22,JAI,Android,Debit Card,449.87,REF1800TV,,3.99,0,11,2023-07-15
USR002115,Aahana Thakkar,aahana_thakkar1985@wipro.com,,2025-02-23,HYD,Android,Debit Card,231.64,REF7796AD,,4.0,1,15,2026-05-23
USR002116,Anjali Gara,anjaligara39@hdfcbank.com,0694861754,2025-06-04,MUM,Android,Credit Card,391.65,REF5625EW,,4.19,1,8,2026-01-09
USR002117,Jack Mital,jack.mital1991@tcs.com,8019755708,2025-04-25,AMD,Android,Debit Card,50.09,REF1827XF,,5.0,0,9,2025-08-15
USR002118,Adweta Madan,adweta_madan1983@infosys.com,2942670880,2024-10-13,HYD,Android,Cash,259.2,REF2678YU,,3.31,1,11,2025-05-08
USR002119,Yauvani Sagar,yauvani_sagar1980@gmail.com,9704241698,2025-03-10,CHN,Android,Wallet,53.56,REF5015HO,,4.39,1,7,2025-11-07
USR002120,Reva Anne,revaanne@rediffmail.com,4365972397,2023-09-22,KOL,iOS,UPI,107.37,REF1420CY,,3.48,1,10,2026-05-29
USR002121,Tripti Chacko,triptichacko21@rediffmail.com,6017518007,2023-06-05,JAI,iOS,UPI,307.13,REF6610UQ,USR001625,5.0,1,5,2024-04-30
USR002122,Janani Shan,janani_shan@tcs.com,7706672192,2023-11-21,JAI,Android,Cash,241.43,REF7842GS,,3.82,1,5,2024-06-07
USR002123,Samesh Anne,samesh_anne44@icloud.com,7259783367,2024-05-18,JAI,Android,Wallet,310.17,REF2834LH,USR000991,4.6,1,7,2025-04-08
USR002124,Hemani Loyal,hemani_loyal1982@outlook.com,8801225620,2023-06-08,PUNE,iOS,Wallet,93.23,REF4089GK,USR000770,4.2,1,10,2025-07-03
USR002125,Manthan Parmar,manthan.parmar76@hotmail.com,2063703559,2023-06-22,MUM,iOS,Debit Card,193.2,REF8361VA,,4.54,1,7,2024-07-11
USR002126,Kritika Bose,kritika.bose8@gmail.com,,2023-12-31,JAI,iOS,UPI,398.64,REF5915HZ,,4.88,1,5,2026-05-10
USR002127,Mekhala Hans,mekhalahans1991@icloud.com,3687320922,2024-05-20,BLR,iOS,Debit Card,342.46,REF6629ZZ,,4.88,1,7,2026-03-04
USR002128,Lila Loyal,lila.loyal@gmail.com,7387183410,2024-07-06,HYD,Android,Credit Card,77.4,REF5450ZJ,,4.9,1,8,2024-07-24
USR002129,Yutika Mani,yutika.mani@yahoo.com,0460356089,2023-03-13,DEL,iOS,Debit Card,155.61,REF0066UI,USR000095,4.84,1,9,2025-06-12
USR002130,Upma Pradhan,upma.pradhan3@gmail.com,9058304702,2022-03-08,MUM,Android,Wallet,48.11,REF7064KR,USR000172,4.31,1,6,2022-04-04
USR002131,Adya Pillay,adyapillay@hdfcbank.com,5019857547,2024-08-26,KOL,Android,Debit Card,160.49,REF7890KD,,4.05,1,8,2026-04-05
USR002132,Vedhika Mohanty,vedhika_mohanty87@outlook.com,2850725532,2023-10-11,MUM,iOS,Debit Card,74.45,REF3880IS,,4.4,1,1,2025-08-20
USR002133,Kala Bhalla,kala_bhalla@outlook.com,4711788750,2023-02-19,JAI,iOS,Credit Card,200.81,REF0528XE,,5.0,1,9,2024-11-02
USR002134,Amara Chahal,amara_chahal65@tcs.com,1200740451,2023-05-29,JAI,iOS,Debit Card,49.2,REF5139VS,,3.97,1,13,2026-04-15
USR002135,Urvashi Ray,urvashi_ray@gmail.com,9473879309,2022-04-14,PUNE,iOS,Credit Card,123.57,REF5699NN,,4.28,1,7,2025-01-20
USR002136,Charan Peri,charan_peri1985@rediffmail.com,7124137394,2024-09-19,AMD,iOS,Debit Card,183.3,REF2523MD,,4.63,1,6,2024-09-23
USR002137,Qushi Ramachandran,qushi_ramachandran69@gmail.com,3653145945,2024-06-03,JAI,Android,Debit Card,107.91,REF9125IE,,4.58,1,11,2026-06-19
USR002138,Ikbal Memon,ikbal_memon@hdfcbank.com,7989763302,2025-06-07,CHN,iOS,UPI,110.68,REF6815CW,,4.83,0,5,2026-06-11
USR002139,Tristan Vasa,tristan.vasa@infosys.com,0250927040,2021-04-15,AMD,Android,Debit Card,374.83,REF3042ZN,USR000804,3.78,0,8,2024-06-19
USR002140,Yutika Mitter,yutikamitter45@gmail.com,6027578966,2024-07-24,PUNE,Android,Credit Card,254.53,REF0438BY,,4.71,0,6,2024-08-22
USR002141,Rishi Wagle,rishi.wagle9@infosys.com,3309701998,2024-11-12,DEL,iOS,Debit Card,101.62,REF3680WN,USR000758,3.67,0,11,2026-06-10
USR002142,Janaki Chaudhary,janakichaudhary@yahoo.com,9863678281,2024-11-01,HYD,Android,Wallet,91.19,REF2477DO,,2.85,1,8,2025-10-05
USR002143,Mohini Thaman,mohini.thaman1993@rediffmail.com,0425284658,2024-03-25,DEL,iOS,Credit Card,73.91,REF6896AA,,4.31,1,10,2024-09-30
USR002144,Naksh Mangal,nakshmangal87@outlook.com,9703108083,2025-07-09,PUNE,Android,UPI,248.88,REF0681RC,,4.05,1,8,2026-03-19
USR002145,Aarini Wali,aarini.wali@icloud.com,4833465867,2021-06-14,CHN,iOS,UPI,219.37,REF4809IW,,4.34,1,13,2026-01-26
USR002146,Yamini Balan,yamini_balan@tcs.com,0599743087,2026-03-06,CHN,iOS,Debit Card,466.29,REF2602GN,,4.93,1,12,2026-05-01
USR002147,Wridesh Sarna,wridesh.sarna86@hotmail.com,8704155781,2023-05-02,AMD,Android,Credit Card,14.7,REF8037HL,,3.28,0,9,2025-06-29
USR002148,Vanya Nigam,,9944331782,2025-01-12,BLR,iOS,Debit Card,155.43,REF3731SK,,5.0,1,11,2025-07-08
USR002149,Nilima Saran,nilima_saran@infosys.com,0784640157,2021-08-31,JAI,iOS,Wallet,160.82,REF7305PN,USR000243,2.69,1,9,2024-01-16
USR002150,Yasti Nadig,yastinadig1998@gmail.com,5424586672,2026-04-30,MUM,iOS,Wallet,21.84,REF7466IH,,4.46,1,9,2026-06-08
USR002151,Krishna Salvi,krishna.salvi@tcs.com,6015413827,2021-09-14,KOL,iOS,Credit Card,415.32,REF9299DD,,4.02,1,3,2022-04-06
USR002152,Krishna Jain,krishna.jain1991@yahoo.com,4686296610,2023-12-23,DEL,iOS,Cash,222.73,REF3868HN,,4.4,1,4,2024-03-24
USR002153,Devika Iyer,devika_iyer99@rediffmail.com,2627350600,2023-01-21,DEL,Android,Cash,87.49,REF3565FR,USR000973,4.52,1,8,2023-08-28
USR002154,Radha Borra,radhaborra@tcs.com,1009166595,2024-05-26,LKO,Android,UPI,95.31,REF1266SY,,4.27,1,6,2025-03-21
USR002155,Urvi Venkataraman,urvi.venkataraman@wipro.com,4205225898,2022-02-20,CHN,Android,Wallet,111.28,REF4543CD,,3.76,1,4,2024-03-23
USR002156,Ikbal Sabharwal,ikbalsabharwal@rediffmail.com,1070861171,2023-09-18,AMD,Android,UPI,143.56,REF7307XM,,4.05,1,8,2025-12-31
USR002157,Niharika Madan,niharikamadan1982@gmail.com,4349465265,2026-05-20,PUNE,Android,Wallet,116.02,REF3402WC,USR000663,4.09,0,8,2026-06-21
USR002158,Fariq Bumb,fariq_bumb1986@icloud.com,5953887559,2023-09-29,HYD,Android,Credit Card,259.84,REF0534FF,USR001009,4.42,1,10,2025-12-20
USR002159,Abha Boase,abha_boase1999@infosys.com,2301643032,2023-09-19,MUM,Android,Debit Card,183.01,REF8759VL,USR002105,4.37,1,9,2026-03-31
USR002160,Utkarsh Kari,utkarsh.kari2004@rediffmail.com,7867404772,2021-06-15,PUNE,Android,UPI,159.06,REF9774SP,USR001302,4.6,0,9,2021-09-27
USR002161,Chakrika Chauhan,chakrikachauhan@infosys.com,0099784429,2023-12-03,HYD,iOS,Cash,241.33,REF4649EJ,,4.33,1,6,2026-05-29
USR002162,Aashi Deep,aashi.deep1993@hdfcbank.com,6585970248,2023-03-30,AMD,iOS,UPI,127.54,REF8299PE,USR000195,3.61,0,9,2024-10-07
USR002163,Gaurang Pathak,gaurangpathak@yahoo.com,6512343440,2022-12-14,CHN,Android,Cash,192.56,REF9105PX,,3.96,1,3,2023-10-09
USR002164,Ekavir Khatri,ekavir.khatri13@gmail.com,5784590731,2024-09-23,BLR,iOS,Credit Card,156.62,REF7080AP,USR001285,5.0,1,6,2025-01-03
USR002165,Qabil Ramaswamy,qabil.ramaswamy@wipro.com,1544788937,2021-07-21,HYD,Android,Debit Card,279.75,REF2821OG,,4.12,0,9,2022-07-11
USR002166,Aryan Prabhakar,aryanprabhakar2000@icloud.com,3276243265,2021-09-06,KOL,Android,Wallet,271.21,REF7070XB,,4.2,1,6,2023-01-05
USR002167,Aadhya Swaminathan,aadhya.swaminathan@hotmail.com,3798775239,2025-02-20,KOL,Android,Wallet,139.46,REF7207MH,,4.75,1,6,2025-12-30
USR002168,Zilmil Mital,zilmilmital@wipro.com,9838579282,2022-06-11,MUM,Android,Wallet,84.46,REF9963YK,,4.34,0,7,2025-01-01
USR002169,Henry Mutti,henry.mutti@infosys.com,7871553331,2025-09-13,LKO,iOS,UPI,16.32,REF6290GA,USR001880,4.53,1,7,2025-09-16
USR002170,Chanchal Talwar,chanchal_talwar45@gmail.com,6176502100,2024-08-09,CHN,iOS,Debit Card,179.66,REF7931YQ,,3.89,1,13,2025-10-13
USR002171,Ucchal Bhalla,ucchalbhalla@rediffmail.com,5380631905,2023-07-18,KOL,iOS,UPI,116.77,REF0278BT,USR001828,4.23,1,9,2024-03-12
USR002172,Oliver Tank,oliver.tank4@icloud.com,6897531152,2022-12-27,KOL,Android,Credit Card,279.11,REF3769NK,,3.8,1,9,2025-02-15
USR002173,Sai Nair,sainair84@wipro.com,4449419964,2021-07-21,HYD,iOS,Debit Card,76.23,REF4387IQ,,5.0,1,7,2021-10-24
USR002174,Arunima Ahuja,arunima.ahuja1989@gmail.com,5736850705,2021-05-21,CHN,iOS,Wallet,323.79,REF5962OQ,,4.48,1,8,2022-05-16
USR002175,Azaan Handa,azaan.handa1992@hdfcbank.com,2075914456,2023-07-26,KOL,Android,Debit Card,103.08,REF1825FP,USR000419,4.66,1,9,2025-08-31
USR002176,Krisha Andra,krishaandra1998@icloud.com,3401026557,2025-12-22,KOL,iOS,Wallet,24.86,REF6196ZZ,USR001026,4.11,1,6,2026-03-31
USR002177,Janani Shankar,janani.shankar@hdfcbank.com,7410506859,2022-03-20,KOL,Android,UPI,145.09,REF6475AP,USR000901,4.57,1,9,2024-12-10
USR002178,Pooja Grewal,poojagrewal83@gmail.com,6165373053,2025-04-17,PUNE,Android,Credit Card,73.78,REF0233DN,,3.18,1,6,2026-04-13
USR002179,Omisha Dixit,omisha.dixit@tcs.com,1507106616,2024-05-10,HYD,iOS,UPI,409.45,REF4289AF,USR001083,4.54,1,4,2024-06-30
USR002180,Daniel Luthra,daniel.luthra2002@rediffmail.com,7796319946,2021-09-20,JAI,Android,Debit Card,155.76,REF9036DD,,5.0,1,6,2024-08-17
USR002181,Triya Madan,triya_madan1998@icloud.com,9830878847,2025-10-03,AMD,iOS,Wallet,549.41,REF7099YR,,4.48,1,6,2026-06-26
USR002182,Tarak Shah,tarak_shah1991@hdfcbank.com,6862748230,2021-04-27,PUNE,Android,Credit Card,97.75,REF7988GJ,USR000509,4.31,1,14,2021-12-09
USR002183,Gaurangi Pant,gaurangipant@gmail.com,6721156781,2024-06-23,JAI,Android,UPI,123.36,REF0971UQ,,4.54,1,4,2025-11-09
USR002184,Nidra Morar,nidra.morar96@gmail.com,6509423159,2022-02-14,MUM,Android,Cash,426.56,REF4082IL,,4.55,1,9,2024-03-05
USR002185,Jacob Bhatnagar,jacob.bhatnagar2002@infosys.com,3690047904,2022-09-17,LKO,iOS,Credit Card,251.91,REF6378FY,,3.65,1,6,2025-11-08
USR002186,Dhruv Narasimhan,dhruv.narasimhan83@gmail.com,4278911926,2025-12-22,LKO,Android,Wallet,73.35,REF6449QD,,4.08,1,9,2026-02-02
USR002187,Chandresh Sami,chandresh.sami31@infosys.com,6661177294,2023-10-09,PUNE,Android,Credit Card,66.08,REF8900NG,USR000909,4.81,1,6,2026-01-07
USR002188,Hema Venkataraman,hemavenkataraman21@hdfcbank.com,0497795724,2022-11-06,CHN,Android,UPI,409.15,REF2067DJ,,4.05,1,7,2026-03-23
USR002189,Dhruv Venkatesh,dhruvvenkatesh1998@gmail.com,9896224947,2023-11-23,PUNE,Android,Debit Card,98.74,REF0030MF,,4.04,1,5,2026-06-05
USR002190,Yashawini Kakar,yashawini_kakar14@gmail.com,9010263349,2025-10-09,CHN,Android,Cash,250.14,REF6419RL,,4.97,1,5,2025-12-22
USR002191,Christopher Wali,christopher_wali@gmail.com,6823955434,2024-12-05,BLR,iOS,Cash,136.59,REF2277SW,,3.7,1,5,2025-02-11
USR002192,Jacob Dara,jacob_dara1986@tcs.com,9415139855,2022-01-09,HYD,iOS,UPI,236.9,REF4821PH,USR001619,4.59,1,5,2023-05-01
USR002193,Warda Kibe,warda_kibe1992@wipro.com,5232434213,2022-04-24,MUM,iOS,Wallet,77.44,REF3237XA,USR000216,5.0,1,7,2025-09-10
USR002194,Noah Ahuja,noahahuja@wipro.com,0064558048,2025-05-07,LKO,Android,Cash,317.6,REF9579BU,,5.0,1,5,2026-04-10
USR002195,Zilmil Raghavan,zilmil.raghavan1992@gmail.com,7293706258,2025-02-02,DEL,Android,UPI,141.2,REF2940ER,,3.79,1,5,2025-08-13
USR002196,Indira Yohannan,indira.yohannan@hdfcbank.com,3167501153,2022-02-27,HYD,iOS,Credit Card,78.72,REF7360HD,,3.89,0,10,2024-09-11
USR002197,Bhavika Sawhney,bhavika_sawhney2002@tcs.com,8637137998,2021-01-23,BLR,iOS,Credit Card,159.43,REF2703TX,,4.17,1,6,2024-09-07
USR002198,Yuvraj Toor,yuvraj_toor@tcs.com,1223965753,2025-09-16,HYD,Android,Wallet,124.85,REF7080ZS,,4.28,1,9,2026-01-19
USR002199,Falak Rajagopal,falak.rajagopal@hotmail.com,,2025-06-08,CHN,iOS,Debit Card,151.65,REF7644VH,USR001109,4.0,1,8,2025-08-26
USR002200,Avni Reddy,avni_reddy85@rediffmail.com,9613807186,2024-05-15,CHN,iOS,Wallet,317.29,REF2220IQ,,4.14,0,9,2024-08-16
USR002201,Adya Oak,adyaoak9@gmail.com,3829216298,2021-01-17,LKO,iOS,UPI,253.34,REF0699ZP,,4.57,1,8,2023-01-06
USR002202,Warhi Cherian,warhi.cherian1982@gmail.com,0569562509,2025-08-29,BLR,iOS,Debit Card,57.86,REF6042FG,,4.05,1,8,2026-07-19
USR002203,Om Wadhwa,om.wadhwa@yahoo.com,6081107149,2022-02-13,PUNE,iOS,Debit Card,288.53,REF6941IN,,4.97,1,8,2023-02-19
USR002204,Yasti Balan,yastibalan@tcs.com,4437213267,2024-12-27,KOL,iOS,Cash,112.94,REF2360PX,,4.13,1,7,2026-03-05
USR002205,Faqid Thaman,faqidthaman@outlook.com,4309797568,2024-03-10,CHN,Android,UPI,110.19,REF7638YO,,4.64,1,3,2025-09-15
USR002206,Dominic Vora,dominic_vora25@wipro.com,9131126597,2024-08-31,BLR,iOS,UPI,269.09,REF4218HJ,,4.81,1,13,2025-02-28
USR002207,Hredhaan Deol,hredhaan_deol56@hdfcbank.com,7042327588,2024-05-23,HYD,Android,Debit Card,90.02,REF4603DI,USR001520,2.97,1,10,2024-09-04
USR002208,Arjun Sachdeva,arjunsachdeva@icloud.com,6527261891,2023-06-10,PUNE,iOS,Credit Card,200.51,REF8118UN,USR000724,4.39,1,4,2025-08-03
USR002209,Ekaraj Sharaf,ekarajsharaf48@icloud.com,6223801370,2022-11-28,DEL,iOS,Credit Card,435.01,REF0953GC,,4.3,1,4,2026-01-16
USR002210,Abdul Borde,abdul_borde42@infosys.com,1360772720,2025-11-08,DEL,Android,Cash,257.43,REF2098FM,,3.59,1,6,2026-06-27
USR002211,Samarth Panchal,samarth.panchal2004@infosys.com,0162625104,2025-11-01,AMD,iOS,Debit Card,193.5,REF4509JA,USR001876,3.37,1,12,2026-01-03
USR002212,Janani Borde,janani_borde1992@rediffmail.com,2096730924,2021-10-07,JAI,iOS,Credit Card,166.92,REF9461FP,,4.27,1,11,2023-05-13
USR002213,Oni Sachdeva,oni.sachdeva@gmail.com,0363857433,2024-04-21,JAI,iOS,Wallet,65.96,REF0741OM,USR000437,4.72,1,8,2025-08-02
USR002214,Ayaan Misra,ayaanmisra58@rediffmail.com,7501468314,2024-06-26,AMD,Android,UPI,166.13,REF9195GB,USR000881,3.25,1,8,2025-12-14
USR002215,Kamala Patel,kamala.patel88@icloud.com,0181902320,2023-01-05,KOL,iOS,Debit Card,37.32,REF6500OK,USR001388,4.24,1,14,2023-06-10
USR002216,Nidra Babu,nidra_babu74@gmail.com,7519267750,2022-06-19,LKO,Android,Credit Card,76.02,REF1651MH,USR000850,4.79,1,10,2024-07-11
USR002217,Yutika Mander,yutika.mander63@gmail.com,6887202048,2026-03-13,CHN,iOS,UPI,80.13,REF4616PK,,4.73,1,9,2026-06-25
USR002218,Utkarsh Mane,utkarsh.mane43@gmail.com,4427197453,2024-12-29,CHN,Android,Cash,89.82,REF7103YY,,3.74,1,14,2026-04-25
USR002219,Charan Bawa,charanbawa1993@gmail.com,9547356427,2021-03-10,BLR,iOS,UPI,47.0,REF1459XW,,3.62,1,8,2025-01-05
USR002220,Baljiwan Bakshi,baljiwan.bakshi98@tcs.com,8146470236,2025-11-27,CHN,Android,Wallet,74.12,REF2943AO,,5.0,1,4,2026-01-29
USR002221,Agastya Ganesh,agastya.ganesh@icloud.com,5313417622,2024-10-06,KOL,Android,Debit Card,59.66,REF0741FD,,4.7,0,9,2025-05-20
USR002222,Kala Lata,,7905848281,2023-02-12,LKO,iOS,UPI,30.14,REF8095TE,,4.43,1,5,2026-07-16
USR002223,Harshil Bal,harshil_bal7@hotmail.com,6120646467,2026-03-01,JAI,iOS,Credit Card,379.3,REF7393NW,,4.3,1,5,2026-07-04
USR002224,Ganga Batta,gangabatta1992@hdfcbank.com,4399925709,2021-04-16,HYD,iOS,Credit Card,253.39,REF6478WY,USR001153,3.65,1,8,2022-06-22
USR002225,Hemangini Natt,hemangininatt96@yahoo.com,2552032865,2022-04-22,MUM,Android,Credit Card,149.81,REF9286HA,USR001519,3.7,1,7,2024-10-08
USR002226,Ikshita Grewal,ikshitagrewal53@yahoo.com,3067308303,2025-12-20,AMD,iOS,Debit Card,50.96,REF9181KY,,5.0,1,7,2026-04-17
USR002227,Vaishnavi Shetty,vaishnavi_shetty1991@outlook.com,9105071970,2023-06-30,JAI,iOS,UPI,157.79,REF8840GV,,4.24,1,7,2026-03-26
USR002228,Arunima Bakshi,arunima_bakshi96@gmail.com,3876738431,2024-08-24,HYD,iOS,Cash,108.75,REF9574WT,,4.4,1,8,2025-01-12
USR002229,Triya Gade,,2732437039,2025-05-25,HYD,iOS,Wallet,19.11,REF5567BM,,3.43,1,7,2026-03-06
USR002230,Ikbal Lanka,ikbal_lanka12@icloud.com,0768329876,2021-02-16,AMD,iOS,Wallet,264.12,REF1905AZ,,3.83,1,4,2022-11-09
USR002231,Harshil Sinha,harshil_sinha95@hotmail.com,3637437380,2024-08-27,HYD,Android,Cash,339.67,REF8160WZ,,4.3,1,7,2024-09-29
USR002232,Falan Guha,falan_guha84@hotmail.com,8261114762,2025-01-26,JAI,Android,Credit Card,254.58,REF1318QM,,4.53,1,5,2025-10-22
USR002233,Veer Padmanabhan,veerpadmanabhan@outlook.com,5647311688,2026-05-08,BLR,Android,Credit Card,95.21,REF0734DI,,3.64,1,8,2026-07-02
USR002234,Anirudh Atwal,anirudh_atwal@infosys.com,0148578165,2025-10-18,LKO,Android,UPI,553.18,REF5926ZO,USR001006,4.94,1,6,2026-03-24
USR002235,Ekapad Trivedi,ekapad_trivedi1986@icloud.com,6288261734,2024-05-09,JAI,iOS,Debit Card,73.2,REF6088DR,,4.14,1,5,2024-08-05
USR002236,Saksham Brar,saksham.brar2000@rediffmail.com,8137229380,2022-07-21,KOL,iOS,UPI,450.76,REF6087NW,,3.61,1,7,2024-04-08
USR002237,Aradhana Choudhury,aradhana_choudhury1984@infosys.com,,2024-10-01,DEL,iOS,Wallet,155.3,REF4503AX,,3.58,1,8,2025-11-26
USR002238,Vansha Hora,,3722781815,2023-02-03,BLR,iOS,Wallet,46.94,REF1647AQ,,3.95,1,7,2026-06-16
USR002239,Bahadurjit Gill,bahadurjit.gill64@gmail.com,1603384178,2021-05-19,CHN,Android,Credit Card,62.67,REF5392XS,,3.94,1,6,2021-05-26
USR002240,Akshay Sodhi,akshay.sodhi@gmail.com,8105039167,2025-09-13,AMD,Android,Cash,307.26,REF7602GF,,4.43,1,8,2025-12-11
USR002241,Sachi Kant,sachi.kant1994@hdfcbank.com,8227814695,2023-02-10,DEL,iOS,Wallet,558.01,REF8128GQ,,4.03,1,8,2024-06-22
USR002242,Xavier Ghosh,xavier_ghosh@hdfcbank.com,8611562306,2021-12-10,CHN,iOS,Debit Card,260.48,REF3953XA,,4.93,0,7,2022-08-29
USR002243,Lekha Swamy,lekhaswamy97@outlook.com,2804471208,2021-12-07,HYD,iOS,Credit Card,48.18,REF7801RK,,5.0,1,8,2022-05-24
USR002244,Yahvi Narayan,yahvinarayan@hotmail.com,8861732776,2025-11-06,AMD,iOS,Debit Card,397.47,REF3624JC,USR000370,3.86,1,9,2026-02-18
USR002245,Dominic Khatri,dominickhatri1991@gmail.com,0657416984,2022-02-05,CHN,iOS,Debit Card,98.06,REF0639PR,,4.33,1,8,2022-07-15
USR002246,Kamya Saha,kamyasaha@gmail.com,3577778592,2023-09-29,JAI,iOS,Debit Card,108.2,REF3663RP,,4.38,1,6,2024-01-25
USR002247,Yochana Handa,yochana_handa1991@gmail.com,9239604244,2024-02-09,KOL,iOS,Debit Card,188.53,REF9458OA,,4.36,1,5,2026-06-17
USR002248,Nachiket Dara,nachiket.dara@tcs.com,5988161037,2022-02-25,MUM,Android,Debit Card,195.68,REF5025YF,,4.26,0,5,2025-05-11
USR002249,Yashoda Balasubramanian,yashodabalasubramanian48@hdfcbank.com,1269808655,2022-06-13,KOL,Android,Debit Card,72.75,REF6329SA,USR000709,4.36,1,11,2024-03-12
USR002250,Aarush Tandon,aarush.tandon1989@rediffmail.com,3294027594,2026-06-27,DEL,Android,Credit Card,187.93,REF1086XG,USR001288,4.12,1,5,2026-07-01
USR002251,Janya Patla,janya.patla25@outlook.com,,2022-05-26,MUM,iOS,Debit Card,215.82,REF2501ZX,,3.42,1,5,2022-09-13
USR002252,Ekavir Apte,ekavirapte99@icloud.com,0557384109,2023-06-23,JAI,Android,UPI,197.32,REF5748YN,,4.13,1,7,2025-10-04
USR002253,Ekalinga Oza,ekalinga.oza@gmail.com,6024456979,2025-09-16,KOL,Android,Debit Card,22.82,REF6006YH,,3.41,0,9,2026-02-18
USR002254,Siya Narasimhan,siyanarasimhan14@gmail.com,6068342605,2024-06-11,LKO,iOS,Debit Card,334.01,REF1814NO,USR001708,4.92,1,8,2025-04-21
USR002255,Radhika Ratta,radhikaratta1996@gmail.com,8758804140,2025-03-13,KOL,iOS,Cash,178.76,REF3388KO,USR000242,4.83,1,11,2026-06-14
USR002256,Gauri Cheema,gauri.cheema1982@icloud.com,3790229309,2022-05-28,BLR,Android,Wallet,121.22,REF3634HC,,4.11,1,5,2024-09-28
USR002257,Rudra Maharaj,rudra.maharaj1986@outlook.com,9900725668,2024-07-30,KOL,Android,Wallet,410.23,REF4431RK,,4.33,1,7,2026-03-04
USR002258,Oni Pall,onipall82@gmail.com,1510413677,2025-06-26,MUM,Android,UPI,264.7,REF7230YP,,3.92,1,8,2025-10-21
USR002259,Kabir Deo,kabir_deo1990@icloud.com,3719675579,2024-02-03,AMD,Android,Credit Card,63.96,REF7679XZ,USR000125,4.67,1,6,2024-03-21
USR002260,Arjun Gade,arjungade1990@tcs.com,8269769413,2022-06-05,HYD,iOS,UPI,110.72,REF1209TV,USR001433,4.15,1,7,2022-12-02
USR002261,Yashawini Raman,yashawini.raman@rediffmail.com,6391418359,2025-07-03,DEL,Android,Cash,132.53,REF6674XI,,3.49,0,8,2026-01-13
USR002262,Bishakha Lad,bishakha_lad2002@gmail.com,0725445278,2025-10-02,CHN,iOS,Debit Card,14.53,REF0949DR,,4.46,1,9,2026-04-24
USR002263,Nihal Soman,nihal_soman43@rediffmail.com,1939146037,2021-06-20,JAI,iOS,Wallet,93.38,REF6109VQ,,4.21,1,11,2025-04-28
USR002264,Ishwar Bahl,ishwar_bahl2002@infosys.com,7075013993,2022-03-28,JAI,iOS,Cash,95.68,REF8280OU,,4.34,1,11,2025-02-05
USR002265,Daksha Ramesh,daksharamesh@hdfcbank.com,1862667861,2021-06-01,HYD,iOS,UPI,38.34,REF9256CN,,4.27,1,8,2022-02-18
USR002266,Wyatt Anne,wyatt.anne1998@gmail.com,4986409466,2024-02-13,KOL,Android,Debit Card,497.37,REF6338ZN,,4.06,1,8,2025-10-08
USR002267,Umang Ramesh,umangramesh1990@yahoo.com,9541217620,2021-02-04,HYD,iOS,UPI,227.06,REF5497CB,,4.51,1,8,2025-03-10
USR002268,Aachal Tripathi,aachal.tripathi47@icloud.com,9205365045,2026-05-02,LKO,iOS,Debit Card,138.07,REF8012HN,USR000500,4.05,1,6,2026-06-04
USR002269,Balvan Buch,balvanbuch@gmail.com,5240415758,2022-05-06,LKO,iOS,UPI,149.46,REF6869AM,,5.0,1,10,2024-08-20
USR002270,Owen Srinivasan,owensrinivasan99@rediffmail.com,3356942018,2023-03-18,AMD,Android,Cash,191.81,REF4276HA,USR002092,4.64,1,11,2026-02-08
USR002271,Oeshi Gill,oeshi.gill1985@tcs.com,1031841732,2021-11-02,LKO,Android,Debit Card,304.16,REF4457ZY,,5.0,1,11,2025-07-20
USR002272,Kala Pathak,kala_pathak1997@outlook.com,0384672644,2025-04-06,MUM,Android,Credit Card,65.38,REF6523QO,USR000859,3.47,1,7,2025-04-27
USR002273,Charita Kade,charita_kade2005@yahoo.com,2562860781,2025-08-31,KOL,iOS,Wallet,84.48,REF0198NL,,4.31,0,9,2026-05-15
USR002274,Yash Kurian,yash.kurian11@hotmail.com,1850582405,2022-07-05,CHN,iOS,Cash,87.75,REF3847YV,,3.85,0,8,2023-05-01
USR002275,Neelima Bajaj,neelima_bajaj@hdfcbank.com,5973725303,2024-12-23,PUNE,Android,Cash,39.01,REF5465EI,,4.39,1,10,2026-05-07
USR002276,Zashil Madan,zashilmadan2005@infosys.com,4009231950,2026-06-12,JAI,iOS,Credit Card,22.97,REF1584YT,,4.01,1,7,2026-07-02
USR002277,Avi Barad,avi_barad83@gmail.com,9262055556,2022-06-11,PUNE,Android,Debit Card,98.28,REF7873AV,,4.07,1,10,2024-06-08
USR002278,Hemani Savant,hemani.savant2003@gmail.com,9943109518,2023-06-22,JAI,iOS,Credit Card,37.07,REF2849FX,,5.0,1,7,2023-07-08
USR002279,Alexander Oak,alexander.oak@tcs.com,9783018986,2021-08-14,KOL,Android,UPI,45.42,REF8857JC,USR001341,4.01,1,8,2024-11-04
USR002280,Shravya Master,shravyamaster99@wipro.com,6703271887,2024-01-14,HYD,iOS,Cash,102.64,REF5984ZW,USR001563,4.81,1,15,2025-03-09
USR002281,Kevin Banerjee,kevin.banerjee43@hdfcbank.com,4690743906,2026-05-10,MUM,Android,Debit Card,325.59,REF5875DY,USR000836,4.91,1,6,2026-06-04
USR002282,Benjamin Dixit,benjamin_dixit@hotmail.com,7319718901,2025-06-16,JAI,iOS,Wallet,80.11,REF4847FM,,3.87,0,10,2026-02-19
USR002283,Pranit Bora,pranit_bora@icloud.com,6166647107,2021-11-12,KOL,Android,Cash,259.13,REF1203WZ,,4.65,1,10,2024-07-31
USR002284,Jeevika Deshmukh,jeevikadeshmukh1984@tcs.com,3001618321,2024-07-12,PUNE,Android,Wallet,70.82,REF9352CV,,3.72,1,6,2025-05-14
USR002285,Ekaraj Rajagopal,ekaraj.rajagopal1990@wipro.com,8604283167,2022-12-16,KOL,iOS,Credit Card,197.1,REF5290DF,,4.77,1,10,2024-12-31
USR002286,Avni Som,avni.som12@gmail.com,6067377889,2022-03-22,JAI,Android,UPI,320.7,REF2324YV,,5.0,1,5,2024-10-06
USR002287,Darpan Sharaf,darpan.sharaf1997@gmail.com,4798011705,2022-03-22,LKO,iOS,Wallet,162.38,REF2141IH,,4.18,1,14,2025-02-02
USR002288,Suhani Patla,suhani_patla@gmail.com,3675947910,2025-08-28,PUNE,Android,Cash,184.28,REF6476VV,,3.2,1,9,2025-10-18
USR002289,Barkha Zacharia,barkha_zacharia1999@gmail.com,0804533430,2024-11-10,CHN,iOS,UPI,280.09,REF9999ON,,3.43,1,10,2025-04-28
USR002290,Bachittar Agate,bachittar_agate75@gmail.com,5547539641,2024-10-10,HYD,iOS,Cash,105.44,REF4982BY,,4.17,1,11,2026-01-03
USR002291,Urishilla Dhaliwal,urishilladhaliwal61@gmail.com,8217263308,2022-09-13,LKO,iOS,Credit Card,47.21,REF6382VF,,4.14,1,6,2024-05-31
USR002292,Farhan Chhabra,farhan.chhabra1992@yahoo.com,4430657721,2023-04-21,LKO,Android,Credit Card,80.05,REF0480IS,,3.91,1,11,2024-10-16
USR002293,Aadi Wali,aadi.wali15@wipro.com,3521526737,2021-08-19,PUNE,Android,Debit Card,94.58,REF1271SZ,,5.0,1,14,2024-03-31
USR002294,Nirja Vora,nirjavora2002@icloud.com,1473594689,2023-07-21,HYD,iOS,Cash,359.57,REF1107WA,,4.61,1,3,2024-11-24
USR002295,Eesha Sharaf,eeshasharaf94@outlook.com,9773951660,2022-12-23,PUNE,iOS,Cash,198.8,REF5374LV,,4.48,0,5,2024-05-27
USR002296,Alka Badal,alka_badal1991@gmail.com,5199632304,2023-12-30,PUNE,iOS,Wallet,73.91,REF3237VB,USR001287,4.36,1,6,2024-06-02
USR002297,Faqid Chand,faqidchand13@rediffmail.com,3841629062,2024-10-12,LKO,iOS,Wallet,36.32,REF7725TL,,5.0,1,6,2025-08-16
USR002298,Mitali Bera,mitalibera2005@outlook.com,0518343493,2025-06-01,JAI,iOS,UPI,67.55,REF8815US,,4.62,1,8,2025-12-28
USR002299,Saanvi Kothari,saanvi_kothari86@hdfcbank.com,4167621874,2022-09-08,DEL,iOS,UPI,97.34,REF6356HD,USR001822,4.73,1,9,2026-03-28
USR002300,Kalpit Iyer,kalpitiyer92@outlook.com,4870929516,2025-08-08,HYD,iOS,UPI,60.73,REF3096SF,,5.0,1,5,2026-01-18
USR002301,Alka Vora,alka.vora10@infosys.com,7331258128,2025-04-19,KOL,Android,UPI,83.7,REF2890JT,,3.87,1,7,2025-07-25
USR002302,Hemang Sathe,hemang_sathe74@tcs.com,5224696851,2024-09-11,DEL,Android,Wallet,113.54,REF7663RA,,3.72,1,9,2025-10-08
USR002303,Triya Chawla,triyachawla@wipro.com,4547050057,2024-05-08,BLR,iOS,Debit Card,27.9,REF6921EX,,4.92,1,10,2025-06-19
USR002304,Devika Warrior,devika_warrior63@wipro.com,3831276078,2025-06-09,LKO,iOS,Wallet,94.81,REF4580FA,,3.3,1,9,2025-10-14
USR002305,Joshua Kunda,joshua.kunda@yahoo.com,8160353417,2024-12-11,JAI,iOS,UPI,157.31,REF3359SI,,4.4,1,8,2026-03-21
USR002306,Hardik Chauhan,hardik_chauhan1995@outlook.com,7391298358,2022-12-09,MUM,Android,Cash,91.45,REF6546GZ,USR001115,3.91,0,5,2024-01-01
USR002307,Tara Soman,tara_soman1982@outlook.com,1568539091,2022-04-10,KOL,iOS,Credit Card,206.16,REF4480RG,,4.22,1,10,2026-04-07
USR002308,Aarnav Handa,aarnavhanda1991@gmail.com,2906419965,2021-02-15,HYD,Android,UPI,372.5,REF7447KQ,,3.67,1,13,2024-11-25
USR002309,Ucchal Salvi,ucchalsalvi@gmail.com,5872802386,2021-02-21,JAI,Android,Debit Card,130.28,REF8402SK,USR001701,4.03,1,10,2022-06-21
USR002310,Janya Bal,janya.bal@gmail.com,0030053782,2025-11-05,JAI,iOS,Wallet,11.79,REF5626CA,,3.75,0,6,2025-12-28
USR002311,Charan Halder,charanhalder@hotmail.com,8169223976,2024-09-08,BLR,iOS,Credit Card,144.37,REF8687OK,,3.85,1,8,2024-12-01
USR002312,Ekansh Bhargava,ekansh_bhargava@hotmail.com,2929428635,2025-11-07,CHN,iOS,Debit Card,94.02,REF6215RE,,3.39,1,7,2026-03-22
USR002313,Sai Zachariah,saizachariah@rediffmail.com,5910923355,2022-10-12,CHN,iOS,UPI,174.09,REF8349KT,USR000400,4.57,1,1,2025-10-06
USR002314,Adweta Ratta,adweta.ratta@icloud.com,6190558753,2022-01-20,JAI,Android,Debit Card,125.18,REF8857JG,USR000845,4.28,1,6,2025-02-24
USR002315,Chameli Bhattacharyya,chameli_bhattacharyya@gmail.com,2027989145,2025-01-19,KOL,iOS,UPI,74.38,REF0296FR,,5.0,1,7,2025-11-01
USR002316,Urvashi Edwin,urvashi_edwin@rediffmail.com,,2021-06-02,CHN,Android,Credit Card,36.18,REF4811JN,USR001094,4.59,1,7,2021-10-02
USR002317,Anamika Kurian,anamikakurian1993@wipro.com,6288658072,2021-01-04,JAI,iOS,Wallet,356.56,REF8458TI,,3.83,1,7,2023-08-21
USR002318,Faris Tank,,5292555680,2021-08-11,JAI,Android,Wallet,223.08,REF0080WD,,4.27,1,4,2025-10-05
USR002319,Hemang Nori,hemangnori1992@gmail.com,2424947002,2023-09-16,MUM,iOS,Credit Card,17.52,REF8469UA,,3.91,1,4,2026-07-03
USR002320,Liam Morar,liam_morar84@outlook.com,5772487747,2021-07-30,JAI,iOS,Cash,241.78,REF5190ZP,USR000927,4.51,1,5,2026-07-18
USR002321,Kevin Yadav,kevinyadav1987@wipro.com,,2023-08-15,CHN,Android,Cash,44.46,REF6308NV,,3.83,0,7,2025-11-13
USR002322,Balhaar Sahni,,1804202230,2025-05-26,CHN,Android,Cash,413.8,REF9091YR,,4.63,1,7,2026-06-14
USR002323,Rachita Grover,rachita_grover1984@rediffmail.com,5552586856,2022-11-20,MUM,iOS,UPI,39.42,REF5975DP,USR000284,4.58,1,6,2024-12-24
USR002324,Xiti Sood,xitisood@hotmail.com,7130002554,2021-01-23,AMD,iOS,Credit Card,10.27,REF8506WY,USR001361,3.68,1,11,2026-03-26
USR002325,Yashodhara Palla,yashodhara_palla@infosys.com,4470414505,2023-04-03,DEL,Android,Credit Card,27.49,REF6453PS,USR000103,4.82,1,8,2026-05-04
USR002326,Hitesh Bhatti,hitesh.bhatti1@icloud.com,3875955942,2025-05-02,PUNE,Android,Cash,390.25,REF6337CB,,3.86,1,8,2025-08-08
USR002327,Max Mani,maxmani@gmail.com,7118016774,2025-07-04,PUNE,Android,Wallet,262.23,REF2981QM,,3.86,1,4,2025-11-10
USR002328,Zinal Narula,zinal.narula12@hotmail.com,3694749347,2025-02-13,MUM,iOS,UPI,117.58,REF3604IN,,3.85,1,6,2025-05-14
USR002329,Finn Raman,finnraman59@icloud.com,6458084319,2024-07-24,LKO,iOS,Cash,172.84,REF6889NT,,3.16,1,12,2025-03-06
USR002330,Ayaan Nagi,ayaannagi@outlook.com,0557402845,2023-09-23,DEL,Android,UPI,35.1,REF6521SC,,4.26,1,10,2026-07-13
USR002331,Kavya Chandra,kavyachandra1997@hotmail.com,3078373183,2024-12-01,KOL,Android,Debit Card,132.6,REF9587BK,USR001607,4.91,1,6,2025-08-17
USR002332,Advika Narang,advika_narang@gmail.com,8024557116,2023-07-07,KOL,iOS,UPI,40.45,REF5941KV,,4.4,1,6,2026-01-20
USR002333,Jeremiah Varkey,jeremiah.varkey11@yahoo.com,0231740281,2022-04-05,CHN,iOS,Cash,199.46,REF2743VG,,4.28,1,10,2024-10-22
USR002334,Anusha Johal,anusha_johal97@hotmail.com,2633564162,2022-04-08,BLR,iOS,Cash,107.46,REF0607YO,,3.66,1,9,2026-06-18
USR002335,Matthew Chandra,matthew_chandra@gmail.com,5172368504,2021-01-01,CHN,iOS,Cash,121.13,REF9870ZK,,4.26,1,5,2024-04-16
USR002336,Yatan Nath,yatannath1998@outlook.com,4055306113,2022-12-07,KOL,Android,Debit Card,192.41,REF4852YD,,4.68,1,6,2023-11-04
USR002337,Urvashi Patla,urvashi_patla87@rediffmail.com,8705683355,2023-04-27,MUM,Android,UPI,187.14,REF9004XP,USR001937,4.48,1,9,2025-07-08
USR002338,Mitesh Lad,miteshlad@infosys.com,,2021-11-03,JAI,iOS,Credit Card,183.76,REF5638XL,USR000861,4.06,1,9,2023-07-02
USR002339,Brijesh Bassi,brijesh_bassi1998@infosys.com,3807926609,2023-11-06,CHN,iOS,Cash,361.86,REF3997TH,,4.53,1,14,2025-12-04
USR002340,Harshil Sha,harshil.sha80@icloud.com,6558990658,2025-11-08,KOL,Android,Credit Card,266.46,REF4044DX,,3.61,1,10,2026-07-04
USR002341,Bimala Gopal,bimala_gopal1985@icloud.com,0631910697,2023-06-19,LKO,iOS,Wallet,158.4,REF6972KM,USR000841,3.57,1,10,2025-09-28
USR002342,Gavin Mitra,gavin_mitra1985@gmail.com,6122328614,2025-05-28,MUM,Android,Wallet,45.96,REF1363VL,,4.74,1,6,2025-11-27
USR002343,Advika Dugal,advika.dugal1999@yahoo.com,2320001327,2026-06-04,BLR,iOS,Credit Card,456.42,REF0245TI,USR000789,4.86,1,8,2026-07-17
USR002344,Alka Keer,alkakeer@rediffmail.com,9135329561,2023-02-16,DEL,iOS,UPI,50.71,REF8928QR,,3.75,1,8,2025-03-30
USR002345,Nikita Sura,nikita_sura1984@hotmail.com,9779536140,2024-09-02,BLR,Android,Debit Card,81.86,REF7629RV,,4.51,1,9,2025-10-08
USR002346,Manya Korpal,manyakorpal1989@icloud.com,7315672617,2025-01-05,DEL,Android,Wallet,540.62,REF8307CM,,4.39,1,8,2025-10-03
USR002347,Upma Seshadri,upma.seshadri33@hotmail.com,4382146292,2022-11-29,HYD,Android,UPI,421.12,REF3629JS,,5.0,1,12,2026-06-14
USR002348,Ronith Tella,ronith.tella@icloud.com,5906270940,2026-01-27,BLR,Android,Debit Card,44.37,REF2228OM,USR001819,4.52,1,6,2026-05-12
USR002349,Naveen Goyal,naveen.goyal@gmail.com,7089393504,2026-06-12,KOL,iOS,Cash,119.39,REF1441KT,,4.58,0,6,2026-06-23
USR002350,Arya Chowdhury,aryachowdhury1984@icloud.com,3387895919,2021-03-12,MUM,iOS,Cash,65.0,REF6293MP,,4.45,1,13,2023-07-09
USR002351,Harini Subramaniam,harini.subramaniam40@rediffmail.com,8257232300,2025-05-10,AMD,Android,Cash,136.82,REF0530LO,,3.59,1,6,2026-07-07
USR002352,Chavvi Thakur,,7529148356,2025-08-02,MUM,iOS,Cash,170.24,REF7086EJ,,4.4,0,15,2026-01-02
USR002353,Tara Acharya,tara_acharya1990@gmail.com,4110556241,2022-01-10,JAI,Android,Wallet,135.71,REF5086KI,USR001328,4.77,1,9,2022-06-19
USR002354,Alka Bawa,alka.bawa1988@icloud.com,7033642453,2021-02-13,BLR,Android,UPI,185.17,REF2667AP,USR002004,5.0,1,6,2023-02-22
USR002355,Logan Reddy,loganreddy@hotmail.com,0371524310,2024-09-10,MUM,Android,Debit Card,140.39,REF2065RU,,4.0,1,6,2025-01-22
USR002356,Janya Khosla,janya_khosla69@outlook.com,2649747870,2024-10-26,LKO,iOS,Debit Card,125.12,REF9156IP,USR000209,5.0,1,10,2025-06-18
USR002357,Viraj Bansal,viraj.bansal@rediffmail.com,1010124480,2026-03-24,HYD,Android,UPI,150.56,REF6764SK,,4.68,1,8,2026-05-10
USR002358,Yashodhara Subramaniam,yashodhara.subramaniam30@icloud.com,4491007231,2024-08-12,DEL,iOS,UPI,174.18,REF5694IG,,4.71,1,5,2025-05-04
USR002359,Amol Sachdeva,,2107043105,2025-02-27,JAI,iOS,Cash,129.06,REF4920SK,,4.81,1,7,2026-01-10
USR002360,Edhitha Barad,,7514148351,2025-01-19,MUM,iOS,Wallet,29.88,REF5031XU,,3.87,1,14,2026-05-28
USR002361,Karan Shankar,karan.shankar1987@gmail.com,5386115111,2021-05-31,LKO,Android,UPI,45.81,REF5609WH,USR002304,3.81,1,8,2022-04-12
USR002362,Reyansh Lall,reyanshlall@hotmail.com,6504725531,2023-07-11,DEL,iOS,Cash,200.2,REF6271QN,,4.49,1,6,2024-08-18
USR002363,Abhimanyu Sarna,abhimanyu_sarna@icloud.com,4524088609,2026-04-05,PUNE,iOS,UPI,12.2,REF0737EL,USR000865,4.68,1,8,2026-07-16
USR002364,Nikita Barad,nikita_barad31@gmail.com,9319140099,2026-04-02,AMD,iOS,UPI,95.04,REF6925XO,,4.19,1,7,2026-05-11
USR002365,Krishna Goyal,krishnagoyal74@hdfcbank.com,9492543450,2022-12-10,LKO,Android,Cash,96.82,REF8129CT,,4.04,1,4,2024-04-09
USR002366,Xavier Walia,xavierwalia1989@icloud.com,4811051292,2025-04-05,KOL,iOS,Wallet,112.58,REF2664PL,USR001057,3.59,1,7,2025-09-04
USR002367,Waida Sinha,waida_sinha1996@wipro.com,6778107082,2021-12-04,LKO,iOS,Debit Card,216.13,REF7243BV,,4.4,1,9,2023-10-26
USR002368,Fiyaz Kanda,fiyaz_kanda61@gmail.com,9208236616,2021-11-17,LKO,Android,Credit Card,129.26,REF4089YO,USR002188,3.93,0,9,2025-07-04
USR002369,Jackson Dey,jackson_dey54@gmail.com,6961108403,2025-01-16,DEL,iOS,UPI,231.22,REF2017JL,,3.92,1,10,2026-03-21
USR002370,Mahika Sule,mahika.sule@hdfcbank.com,6333995066,2024-11-23,BLR,Android,Debit Card,57.87,REF9092QP,USR000630,4.43,1,9,2024-12-26
USR002371,Irya Bahri,irya_bahri24@outlook.com,9083069250,2026-03-06,DEL,Android,Debit Card,154.05,REF6760YT,USR000991,4.7,1,9,2026-04-02
USR002372,Devika Brahmbhatt,devikabrahmbhatt1984@yahoo.com,3616050299,2022-06-14,AMD,iOS,Wallet,114.43,REF9805XB,,4.28,1,9,2022-07-10
USR002373,Yamini Choudhary,yamini.choudhary98@infosys.com,6784903217,2022-11-07,LKO,iOS,Wallet,225.16,REF9076FL,,4.01,1,7,2023-10-08
USR002374,Radhika Sarna,,4375315752,2023-05-01,AMD,iOS,UPI,151.66,REF7491HX,,4.68,1,3,2024-09-22
USR002375,Meera Banik,,6748675675,2023-06-03,BLR,iOS,Wallet,91.36,REF2950TI,,3.74,1,7,2024-09-28
USR002376,Bhavani Jaggi,bhavani.jaggi83@gmail.com,1207800378,2021-10-21,LKO,Android,Cash,232.02,REF3515PQ,USR000228,3.46,1,7,2024-03-24
USR002377,Abdul Thakkar,abdul_thakkar1995@gmail.com,6099097578,2023-09-29,HYD,iOS,Debit Card,109.95,REF1010PO,USR000216,3.56,1,6,2025-05-02
USR002378,Wishi Randhawa,wishi.randhawa80@yahoo.com,0439461622,2025-03-16,DEL,iOS,Wallet,79.92,REF8516ZF,,4.45,1,13,2026-05-05
USR002379,Harini Luthra,harini.luthra@tcs.com,2846559218,2023-03-31,LKO,Android,Debit Card,71.51,REF2772BG,,4.36,1,10,2024-06-07
USR002380,Zashil Kalla,zashil_kalla30@yahoo.com,5391802384,2024-11-22,HYD,iOS,Wallet,129.13,REF9568GZ,USR002093,3.27,1,3,2025-03-02
USR002381,Chavvi Kumer,chavvi.kumer38@outlook.com,,2025-09-13,HYD,Android,Credit Card,148.88,REF8761YO,,4.7,1,9,2026-04-17
USR002382,David Vala,david_vala@rediffmail.com,7947631834,2024-03-13,JAI,iOS,Credit Card,202.93,REF3373YX,,4.09,1,7,2025-06-25
USR002383,Vidhi Yogi,vidhi_yogi42@gmail.com,6151216760,2022-05-25,BLR,iOS,UPI,74.94,REF2900KS,,3.46,1,8,2025-02-16
USR002384,Prisha Nadig,prishanadig80@hotmail.com,2565829385,2026-05-12,CHN,Android,Debit Card,55.09,REF8960FB,USR001226,4.58,1,11,2026-06-24
USR002385,Viraj Rastogi,viraj.rastogi@hdfcbank.com,6690814498,2021-09-27,PUNE,Android,Cash,157.63,REF4044OV,,4.09,1,6,2021-12-08
USR002386,Umang Goswami,umang.goswami79@gmail.com,0707919048,2022-12-09,DEL,iOS,Credit Card,6.34,REF6029TZ,,4.13,1,4,2024-09-04
USR002387,Yutika Kara,yutika.kara1996@wipro.com,2982945418,2023-10-16,PUNE,iOS,Wallet,96.21,REF7860EW,,4.43,1,5,2026-04-18
USR002388,Vyanjana Mohanty,vyanjana.mohanty2001@wipro.com,4382039500,2022-07-23,KOL,Android,UPI,167.69,REF3378HG,,4.22,1,4,2024-12-20
USR002389,Aadi Banerjee,aadi.banerjee@hotmail.com,6036733614,2026-04-27,KOL,Android,Debit Card,176.01,REF7867CV,USR000004,3.77,1,12,2026-06-24
USR002390,Radha Kapur,radhakapur28@gmail.com,6148243648,2024-09-12,KOL,iOS,Wallet,140.22,REF2474FW,,4.31,1,8,2025-12-27
USR002391,Janaki Tandon,janaki.tandon1986@gmail.com,1460174196,2023-11-01,DEL,Android,UPI,109.11,REF5178KS,USR001166,4.56,1,12,2025-12-23
USR002392,Falak Sachar,falak_sachar85@yahoo.com,2783877765,2023-11-18,JAI,Android,Cash,40.28,REF4000UL,,4.21,1,6,2023-12-27
USR002393,Barkha Padmanabhan,barkha_padmanabhan77@wipro.com,0282656529,2021-08-22,KOL,iOS,Cash,86.14,REF4023TE,,4.77,1,16,2022-02-19
USR002394,Kala Krishnamurthy,kala.krishnamurthy@icloud.com,4989397595,2024-04-25,KOL,iOS,Wallet,182.66,REF3675YL,,4.16,1,7,2025-10-26
USR002395,Chandran Lala,chandran_lala1984@yahoo.com,4765839018,2025-01-03,AMD,Android,UPI,90.95,REF5364OK,,4.46,1,9,2025-04-27
USR002396,Wriddhish Vaidya,wriddhish.vaidya@rediffmail.com,1583443029,2022-12-22,KOL,iOS,UPI,410.53,REF7692CD,,4.74,1,5,2024-03-23
USR002397,Patrick Mand,patrick.mand@outlook.com,8046886989,2026-05-05,JAI,iOS,UPI,98.94,REF9738UT,,4.95,1,10,2026-06-18
USR002398,Vinaya Gandhi,vinaya.gandhi72@gmail.com,1578737815,2022-06-24,LKO,Android,Wallet,444.28,REF0876MQ,,4.73,1,8,2025-05-13
USR002399,Siddharth Radhakrishnan,siddharth.radhakrishnan@tcs.com,7314031916,2022-09-16,PUNE,iOS,UPI,99.55,REF6162EV,,3.5,1,8,2026-02-11
USR002400,Raagini Srinivasan,raaginisrinivasan45@yahoo.com,2247922476,2024-07-05,AMD,Android,Cash,249.36,REF6616KT,,4.13,1,12,2024-07-21
USR002401,Manya Savant,manya_savant@rediffmail.com,5792578523,2023-08-20,AMD,iOS,Credit Card,307.98,REF8670RD,USR000820,4.91,1,9,2024-03-10
USR002402,Brinda Boase,brinda_boase38@gmail.com,5424711558,2022-08-03,JAI,iOS,Credit Card,191.16,REF5298DB,USR000424,4.39,1,7,2023-05-24
USR002403,Frado Saxena,fradosaxena27@rediffmail.com,0677693131,2022-12-02,CHN,Android,Cash,192.49,REF2218HK,,5.0,1,8,2023-02-14
USR002404,Mugdha Minhas,,3533210125,2022-05-01,JAI,iOS,Credit Card,66.39,REF6453JM,,5.0,1,10,2022-11-16
USR002405,Brinda Parmar,brinda.parmar1985@outlook.com,1705682583,2025-04-30,CHN,Android,Cash,444.67,REF4675XM,USR000244,3.88,0,9,2025-05-14
USR002406,Damini Prabhakar,damini_prabhakar53@gmail.com,9883686364,2022-04-08,DEL,iOS,Debit Card,200.57,REF2014ZN,USR002328,4.34,1,8,2025-06-10
USR002407,Rishi Deo,rishi.deo58@wipro.com,2060429429,2023-10-14,HYD,iOS,UPI,282.65,REF4498HB,,3.62,1,6,2026-01-08
USR002408,Sanya Lala,sanya_lala96@gmail.com,9782099387,2021-01-09,BLR,Android,Credit Card,58.05,REF9211NL,USR000920,4.56,1,15,2026-01-19
USR002409,Yashasvi Handa,yashasvihanda@rediffmail.com,5954761680,2021-06-11,PUNE,Android,Debit Card,34.94,REF2112BN,USR002116,4.87,1,5,2026-03-19
USR002410,Abeer Narain,abeer_narain2000@gmail.com,1314336057,2021-03-30,JAI,Android,Credit Card,196.37,REF6803CT,USR000521,4.4,1,10,2023-12-24
USR002411,Hemangini Lata,hemanginilata37@gmail.com,,2023-02-21,HYD,iOS,UPI,106.04,REF4321VG,,4.72,1,5,2025-10-18
USR002412,Urvi Chokshi,urvi_chokshi@outlook.com,1364176592,2021-11-24,CHN,Android,Debit Card,32.58,REF9599IK,,4.38,1,5,2024-02-06
USR002413,Mitali Bakshi,mitali.bakshi@infosys.com,0115360964,2022-04-09,MUM,Android,Cash,71.74,REF0594IO,USR000625,5.0,1,11,2024-05-26
USR002414,Waida Johal,waida.johal1998@gmail.com,6015353053,2024-10-03,LKO,iOS,UPI,135.1,REF3945OM,,5.0,1,7,2024-10-28
USR002415,Charita Tandon,charita.tandon39@rediffmail.com,8555169324,2025-07-27,LKO,Android,Debit Card,119.97,REF2562TR,,4.55,1,10,2026-02-05
USR002416,Kala Issac,kala.issac1982@gmail.com,9166770952,2024-10-02,HYD,iOS,UPI,76.82,REF0574GF,,4.78,1,9,2025-05-15
USR002417,Advika Gulati,advika_gulati82@infosys.com,0889258578,2025-10-23,JAI,Android,Debit Card,31.23,REF1858YH,USR001401,4.63,1,5,2025-12-05
USR002418,Tanish Sethi,tanish.sethi@outlook.com,0588694853,2022-09-27,CHN,iOS,UPI,139.95,REF3980ME,,5.0,0,1,2025-01-22
USR002419,Ranbir Kunda,ranbir_kunda35@gmail.com,4050181361,2023-10-28,AMD,Android,UPI,102.06,REF0748DJ,USR000429,4.58,1,8,2024-07-22
USR002420,Daksha Chopra,daksha.chopra29@outlook.com,1094525539,2021-11-09,AMD,iOS,Wallet,133.48,REF7000RG,,4.27,0,10,2026-04-16
USR002421,Amruta Chaudhuri,amruta.chaudhuri2003@outlook.com,0109321529,2024-07-08,LKO,iOS,UPI,216.74,REF6255BF,,3.44,1,6,2025-02-28
USR002422,Darika Varma,darika_varma@hdfcbank.com,9652612166,2025-07-29,KOL,iOS,UPI,22.97,REF4176HH,USR001579,4.33,1,10,2025-08-06
USR002423,Aarav Bose,aarav_bose83@rediffmail.com,0167965567,2021-04-04,PUNE,iOS,Wallet,73.44,REF9481SO,USR000149,5.0,0,4,2021-09-17
USR002424,Lipika Tiwari,lipikatiwari1994@outlook.com,4462280749,2021-12-06,PUNE,Android,Wallet,121.31,REF3238UP,USR001183,4.29,0,10,2022-01-18
USR002425,Hema Pillai,hema_pillai@icloud.com,8168362577,2023-02-15,LKO,iOS,Cash,77.01,REF0538RU,USR000285,3.85,0,8,2025-09-29
USR002426,Bhavini Das,bhavini_das1989@yahoo.com,5798155518,2021-01-09,MUM,iOS,Wallet,70.76,REF2108FL,,4.35,1,6,2025-04-25
USR002427,Aahana Koshy,aahana_koshy7@infosys.com,,2025-07-29,DEL,iOS,Cash,36.12,REF4955KN,USR000303,4.18,0,11,2026-03-12
USR002428,Dalaja Dhaliwal,dalaja_dhaliwal@wipro.com,9802029172,2026-03-04,MUM,iOS,Debit Card,89.95,REF5221EM,USR001461,3.86,1,5,2026-05-28
USR002429,Bachittar Muni,bachittar_muni@hdfcbank.com,3145625303,2022-09-13,LKO,iOS,Debit Card,118.37,REF6513UQ,,4.62,1,6,2023-08-10
USR002430,Jack Chowdhury,jack_chowdhury1986@rediffmail.com,4421437780,2022-05-15,DEL,Android,Debit Card,56.38,REF0241OB,,3.9,1,8,2025-08-26
USR002431,Urvi Bajwa,urvi_bajwa89@tcs.com,9769799872,2026-05-15,LKO,iOS,Wallet,49.89,REF5592VI,USR001862,4.25,1,7,2026-06-11
USR002432,Faras Bhatt,farasbhatt@icloud.com,6499672763,2025-01-20,BLR,Android,Cash,193.8,REF5696PX,,5.0,1,7,2026-07-12
USR002433,Isaiah Cherian,isaiah.cherian1995@rediffmail.com,5220112704,2023-03-06,JAI,iOS,UPI,150.66,REF3968BC,USR000321,5.0,1,10,2024-07-12
USR002434,Lakshit Kade,lakshit_kade@gmail.com,1616697446,2021-03-10,KOL,Android,Debit Card,456.11,REF2259UO,,3.58,0,7,2024-10-12
USR002435,Ekansh Choudhary,ekansh_choudhary97@outlook.com,7239037155,2021-09-06,KOL,Android,Debit Card,176.14,REF9707HH,USR002407,3.55,1,5,2024-10-21
USR002436,Shivansh Rau,shivansh_rau@infosys.com,8469371478,2025-08-06,LKO,iOS,UPI,162.61,REF8602ZT,USR001213,4.57,1,11,2026-07-11
USR002437,Tripti Bhatti,tripti.bhatti@infosys.com,4400274894,2022-05-29,BLR,iOS,UPI,149.61,REF7508QB,,5.0,1,4,2024-08-15
USR002438,Nidra Ramakrishnan,nidra.ramakrishnan@wipro.com,8671188161,2024-08-21,DEL,iOS,UPI,44.7,REF2443CM,,3.6,1,6,2025-02-14
USR002439,Sanaya Sheth,sanaya_sheth2004@infosys.com,8452733188,2021-04-24,MUM,iOS,Wallet,80.8,REF8277PO,USR000289,4.63,1,7,2026-01-20
USR002440,Tanay Nayak,tanaynayak39@infosys.com,9707907704,2021-06-17,BLR,Android,Credit Card,173.33,REF1567US,USR002278,4.58,1,5,2024-04-30
USR002441,Rohan Chawla,rohanchawla1995@icloud.com,2592129856,2025-04-15,JAI,iOS,Wallet,106.01,REF5530BE,USR000894,4.24,0,10,2025-05-22
USR002442,Nicholas Narain,nicholas.narain1996@gmail.com,8565264243,2022-05-17,KOL,iOS,Debit Card,38.25,REF7240XX,,4.54,1,7,2022-10-07
USR002443,Arjun Goyal,arjun_goyal2000@wipro.com,0649607265,2021-02-12,KOL,Android,UPI,69.44,REF7428VI,,4.31,1,8,2023-05-07
USR002444,Champak Sabharwal,champaksabharwal1993@yahoo.com,5009321956,2022-04-03,DEL,Android,Credit Card,214.48,REF2014GD,,4.08,0,11,2026-07-16
USR002445,Pahal Palan,pahal.palan2005@wipro.com,1588445236,2024-07-05,LKO,Android,Wallet,165.79,REF9320XU,,4.22,1,6,2025-09-22
USR002446,Bahadurjit Garde,bahadurjit_garde@rediffmail.com,7604062321,2024-03-16,HYD,Android,Debit Card,363.27,REF4941GV,USR002186,4.65,1,5,2024-08-15
USR002447,Urvashi Gola,urvashi.gola1985@rediffmail.com,6531434220,2022-05-08,AMD,iOS,Cash,50.25,REF5175HM,,4.4,1,9,2025-07-13
USR002448,Tamanna Shankar,tamannashankar@gmail.com,7499589367,2022-06-13,CHN,iOS,Credit Card,168.0,REF7043FY,,5.0,1,11,2025-12-23
USR002449,Manya Sinha,manya_sinha72@gmail.com,0111305292,2025-05-23,HYD,Android,UPI,108.07,REF4286CF,,4.32,1,7,2025-06-04
USR002450,Udyati Tak,udyatitak7@infosys.com,8063244896,2022-10-12,PUNE,Android,Wallet,138.67,REF3835KJ,,3.87,1,8,2023-09-18
USR002451,Omya Cheema,omyacheema1992@gmail.com,2793399702,2021-11-08,DEL,iOS,Wallet,356.82,REF8460RH,,4.21,1,14,2024-06-23
USR002452,Devika Solanki,devikasolanki1998@icloud.com,9654419043,2022-01-25,PUNE,iOS,UPI,12.86,REF1461VY,,3.05,1,10,2022-02-07
USR002453,Tara Bali,tara_bali1998@gmail.com,6237246456,2022-04-11,AMD,Android,Cash,134.39,REF7702NQ,,4.31,1,10,2025-01-06
USR002454,Nidhi Nagarajan,nidhi.nagarajan91@gmail.com,6791117851,2023-07-14,CHN,Android,UPI,132.04,REF0485FF,USR000888,4.88,1,6,2025-09-22
USR002455,Faras Ravi,faras.ravi@tcs.com,9253841875,2023-03-16,AMD,iOS,UPI,250.99,REF2592RD,USR001495,4.05,1,8,2026-04-26
USR002456,Neel Dutta,neeldutta1984@icloud.com,3660798334,2023-03-26,HYD,Android,Cash,55.43,REF7617ZX,,4.51,1,12,2026-06-21
USR002457,Manya Chowdhury,manyachowdhury1987@rediffmail.com,6866808079,2026-02-05,BLR,Android,UPI,355.99,REF0833EG,,4.86,1,6,2026-06-18
USR002458,Quincy Dhar,quincy.dhar@tcs.com,3604709280,2025-04-11,CHN,iOS,Credit Card,31.19,REF5653DB,USR001934,4.52,0,9,2025-06-18
USR002459,Tarak Sodhi,tarak_sodhi@infosys.com,9392268949,2025-08-27,MUM,iOS,Credit Card,198.21,REF3371QJ,,4.33,1,11,2026-04-04
USR002460,Yatin Koshy,yatin.koshy@infosys.com,2407281959,2022-11-02,PUNE,iOS,UPI,151.29,REF5427AV,,4.26,0,6,2022-12-11
USR002461,Yashawini Balasubramanian,yashawini.balasubramanian54@gmail.com,3362724452,2024-01-07,CHN,Android,Credit Card,153.06,REF8161QG,,4.1,1,11,2024-07-02
USR002462,Vrinda Kaul,vrindakaul36@hotmail.com,2155325016,2022-10-22,DEL,Android,Cash,283.31,REF2759QI,USR000780,4.37,1,9,2024-04-30
USR002463,Janaki Char,janaki_char@gmail.com,6086249513,2024-03-22,MUM,iOS,Cash,235.06,REF9932KC,USR002295,4.11,1,10,2024-04-21
USR002464,Ucchal Naik,ucchal.naik33@outlook.com,4711813207,2026-01-17,KOL,iOS,Cash,181.28,REF3966UA,,4.06,1,11,2026-07-09
USR002465,Adya Ratta,adyaratta1989@hotmail.com,3698516765,2021-02-08,KOL,Android,Wallet,201.46,REF2391LT,,4.9,1,11,2024-05-11
USR002466,Nitara Savant,nitarasavant@infosys.com,3644995143,2021-07-24,PUNE,Android,Wallet,374.46,REF5999EM,,4.35,1,9,2022-05-12
USR002467,Chaman Chawla,chaman_chawla1998@rediffmail.com,1777442221,2021-07-16,MUM,iOS,UPI,247.67,REF7043RQ,,3.91,1,5,2021-08-22
USR002468,Rehaan Varghese,rehaanvarghese1984@tcs.com,4731751029,2025-01-12,HYD,Android,Debit Card,105.36,REF2421ZT,,4.82,1,4,2025-12-17
USR002469,Wahab Ganguly,wahab_ganguly1981@hdfcbank.com,5351356343,2022-10-27,JAI,Android,Wallet,477.47,REF5838UA,,3.91,1,9,2026-05-21
USR002470,Lajita Karpe,lajita_karpe21@tcs.com,1543382541,2023-04-09,BLR,iOS,Credit Card,109.42,REF1719RO,,5.0,1,6,2023-07-13
USR002471,Bachittar Rao,bachittar.rao11@tcs.com,5802845718,2025-09-06,BLR,iOS,Wallet,84.89,REF7689JS,,4.9,1,5,2026-06-15
USR002472,Prisha Goda,prishagoda2002@icloud.com,3145365133,2026-06-09,HYD,Android,Debit Card,176.74,REF6919QP,,3.95,1,13,2026-07-01
USR002473,Libni Bumb,libni.bumb48@hdfcbank.com,5433707367,2024-01-19,KOL,Android,Debit Card,922.08,REF8613AD,,3.89,1,5,2024-06-01
USR002474,Kavya Khatri,kavya_khatri1999@gmail.com,8940697296,2024-09-15,PUNE,Android,UPI,42.6,REF1274EA,,3.78,1,9,2025-09-11
USR002475,Omkaar Hayre,omkaar.hayre57@wipro.com,7875864740,2022-01-21,AMD,Android,UPI,166.39,REF7204FJ,,3.54,1,4,2026-04-23
USR002476,Sneha Natt,sneha_natt@gmail.com,1614384039,2023-03-08,DEL,iOS,Cash,299.22,REF1925WP,,3.96,1,5,2023-05-26
USR002477,Ria Sahota,riasahota1984@tcs.com,4250956360,2022-02-17,KOL,iOS,UPI,86.84,REF7267VS,USR002106,4.5,1,6,2023-03-24
USR002478,Ranveer D’Alia,ranveerdalia@hdfcbank.com,6783435859,2025-12-24,JAI,Android,UPI,62.59,REF3855KG,,4.55,1,9,2026-04-29
USR002479,Yug Vala,yug.vala1996@icloud.com,2254376366,2024-05-22,AMD,Android,Wallet,93.29,REF9197XD,USR001345,4.86,1,13,2026-05-04
USR002480,Rajeshri Prabhakar,rajeshriprabhakar1992@wipro.com,5394506989,2025-12-12,JAI,iOS,Credit Card,147.21,REF2871ED,,4.18,1,3,2026-06-17
USR002481,Warinder Bhat,warinderbhat@icloud.com,5417939431,2025-05-03,CHN,Android,Cash,64.97,REF5829QI,,3.5,1,9,2026-04-24
USR002482,Zayyan Mukherjee,zayyan_mukherjee@icloud.com,6242857404,2024-04-17,CHN,iOS,Debit Card,115.03,REF4914KE,,4.17,1,5,2026-03-18
USR002483,Anmol Iyer,anmol_iyer@hdfcbank.com,6307799751,2026-01-29,BLR,iOS,Credit Card,48.31,REF0527OS,,4.5,1,8,2026-04-26
USR002484,Guneet Mandal,guneet_mandal2000@infosys.com,4615041170,2026-04-03,CHN,Android,Debit Card,89.09,REF0906TP,,3.83,1,6,2026-06-07
USR002485,Eesha Chakrabarti,eeshachakrabarti64@wipro.com,2950114747,2023-08-05,LKO,iOS,Debit Card,205.26,REF8292ID,,3.88,1,11,2025-05-09
USR002486,Ekanta Date,ekanta.date@gmail.com,9049757456,2024-02-05,MUM,iOS,Wallet,227.04,REF2990TW,,4.31,1,10,2026-05-28
USR002487,Shivansh Korpal,shivansh.korpal@wipro.com,9034830824,2024-08-28,MUM,iOS,Wallet,66.42,REF8442YO,,5.0,1,7,2024-12-02
USR002488,Nidra Kumar,nidrakumar@yahoo.com,5934177334,2023-10-05,JAI,Android,Wallet,229.47,REF1301BY,,4.3,1,8,2024-03-05
USR002489,Harish Wali,harish.wali@wipro.com,6392318678,2023-04-18,LKO,iOS,Credit Card,175.96,REF3071JU,,3.49,1,9,2025-02-28
USR002490,Warinder Khosla,warinder_khosla@yahoo.com,2579535644,2022-10-08,HYD,Android,Wallet,37.04,REF1108ZD,USR001356,4.43,1,5,2023-06-08
USR002491,Qasim Virk,qasim.virk1987@hotmail.com,6240238492,2021-09-20,HYD,iOS,Wallet,453.33,REF1193WS,,4.3,1,8,2023-05-11
USR002492,Advika Nagi,advika_nagi40@infosys.com,0395728693,2022-12-07,AMD,Android,Credit Card,84.23,REF0317OW,USR001684,5.0,1,4,2023-07-27
USR002493,Aryan Rajagopal,aryanrajagopal1995@hdfcbank.com,8276534802,2023-08-21,KOL,Android,Credit Card,210.01,REF9539OY,USR002309,3.73,1,6,2025-01-12
USR002494,Warinder Pathak,warinder.pathak@wipro.com,1015444847,2021-01-30,KOL,iOS,UPI,52.4,REF4966HN,,4.33,0,5,2023-05-09
USR002495,Henry Shukla,henry_shukla48@hotmail.com,1775990254,2021-02-24,PUNE,iOS,Debit Card,254.31,REF9207RD,USR002284,4.56,1,12,2025-01-17
USR002496,Patrick Ahuja,patrickahuja2005@outlook.com,7281029729,2021-04-15,BLR,iOS,Credit Card,126.58,REF9839EB,,4.09,0,10,2023-09-09
USR002497,Tanish Sheth,tanish_sheth@gmail.com,6330225176,2022-03-20,HYD,Android,Wallet,134.32,REF5755HJ,,4.02,1,8,2023-04-16
USR002498,Nitesh Suresh,niteshsuresh1985@gmail.com,3345958295,2024-11-22,HYD,iOS,Cash,30.37,REF6689NL,,4.26,1,6,2025-04-16
USR002499,Eshana Bali,eshana.bali56@gmail.com,7537637825,2024-03-01,AMD,iOS,Debit Card,140.64,REF6562EL,,4.57,0,10,2025-04-15
USR002500,Widisha Sarkar,widishasarkar5@infosys.com,7705186506,2021-05-18,PUNE,Android,Credit Card,13.46,REF6485IB,USR000849,4.7,1,8,2024-08-26
USR002501,Hardik Prasad,hardikprasad1998@wipro.com,5687042646,2021-12-02,MUM,iOS,Credit Card,13.3,REF7996RV,,4.07,1,8,2025-01-03
USR002502,Chandani Ranganathan,chandani.ranganathan@icloud.com,8285041627,2021-05-29,LKO,Android,Cash,149.84,REF9795CU,,4.68,1,6,2025-10-18
USR002503,Pranit Natt,pranitnatt1994@outlook.com,8029446276,2021-12-21,KOL,Android,UPI,41.49,REF5020ON,,4.31,1,13,2022-09-04
USR002504,Urishilla Chand,urishilla_chand@gmail.com,5458938533,2025-05-16,DEL,iOS,Debit Card,120.87,REF3514GD,,4.83,1,13,2025-10-28
USR002505,Rachita Palan,rachita.palan38@hdfcbank.com,2287512090,2021-11-05,BLR,Android,UPI,70.84,REF5849MO,,3.56,1,7,2022-10-13
USR002506,Zaid Bhatnagar,,6336098910,2023-10-28,LKO,iOS,Credit Card,102.4,REF1817QT,,3.95,1,10,2024-07-31
USR002507,Harsh Sethi,harsh_sethi23@yahoo.com,9758344594,2025-08-04,DEL,iOS,Debit Card,27.92,REF5045MW,,4.52,1,2,2026-06-21
USR002508,Gaurav Varkey,,4907872550,2023-08-12,CHN,iOS,Wallet,69.46,REF2104KB,,5.0,0,5,2025-01-27
USR002509,Samarth Shankar,samarth_shankar1984@tcs.com,7960616941,2024-05-26,CHN,iOS,Debit Card,75.75,REF5415HM,,3.9,1,7,2025-09-07
USR002510,Ladli Munshi,ladli.munshi2001@gmail.com,2770699226,2023-07-19,BLR,iOS,Credit Card,101.97,REF3512IQ,,4.55,1,11,2023-11-21
USR002511,Ayush Saran,ayush.saran83@gmail.com,6100235120,2025-03-29,KOL,iOS,UPI,120.72,REF9156KR,,3.59,1,5,2025-03-29
USR002512,Imaran Natt,imarannatt@gmail.com,4385633759,2025-02-01,KOL,Android,Credit Card,91.98,REF9459TX,USR001645,3.26,1,6,2026-02-23
USR002513,Widisha Agate,widisha.agate2001@outlook.com,1133795233,2023-12-09,HYD,Android,Credit Card,106.93,REF8491PU,,4.33,1,4,2024-09-02
USR002514,Advik Shroff,advikshroff1980@gmail.com,7963387908,2023-03-28,DEL,Android,Cash,57.05,REF1432RF,,3.93,1,6,2026-05-10
USR002515,Pratyush Bhagat,pratyush_bhagat1983@gmail.com,3519788164,2024-11-18,JAI,iOS,Wallet,236.86,REF1322VD,,3.86,1,6,2025-03-03
USR002516,Bina Dhaliwal,bina_dhaliwal@wipro.com,0284224170,2022-08-08,DEL,iOS,Credit Card,265.93,REF9571ZW,USR002245,4.0,1,12,2025-11-05
USR002517,Anya Kadakia,anya.kadakia7@gmail.com,5792517333,2023-04-25,MUM,Android,Debit Card,325.58,REF1831PF,,4.9,0,9,2023-10-29
USR002518,Nicholas Batta,nicholasbatta37@gmail.com,7968546211,2023-10-14,JAI,iOS,UPI,94.48,REF5813AG,,4.72,1,11,2023-10-26
USR002519,Yoshita Devan,yoshitadevan78@wipro.com,7664536292,2026-03-21,HYD,Android,UPI,217.13,REF6700AK,USR000706,4.76,1,8,2026-06-08
USR002520,Wriddhish Madan,wriddhish.madan45@wipro.com,9509291848,2024-11-19,PUNE,Android,Cash,40.33,REF1350OG,,4.09,1,8,2026-02-24
USR002521,Reva Dhaliwal,reva.dhaliwal@wipro.com,0474421756,2024-06-14,CHN,Android,UPI,93.74,REF9945RQ,USR001657,4.15,0,10,2025-04-01
USR002522,Eshana Chaudhuri,eshana_chaudhuri1992@infosys.com,6574814525,2021-07-10,HYD,Android,Wallet,215.11,REF3949AQ,,4.02,1,8,2024-12-15
USR002523,Chanchal Raghavan,,3043178421,2024-11-07,LKO,iOS,Wallet,54.84,REF2888QZ,,4.25,1,10,2025-11-27
USR002524,Harini Lad,harinilad1992@tcs.com,7727154224,2022-12-05,AMD,Android,Wallet,503.82,REF3913XB,,4.78,1,9,2023-03-10
USR002525,Anvi Chaudhari,anvi.chaudhari87@outlook.com,2372074197,2022-07-13,LKO,Android,Cash,47.17,REF1250TN,USR001383,4.24,1,11,2025-05-08
USR002526,Warinder Edwin,warinder_edwin@gmail.com,8773352108,2021-02-24,LKO,iOS,Credit Card,59.08,REF5370RD,USR001532,4.1,1,9,2025-06-09
USR002527,Ojasvi Kara,ojasvikara1997@hdfcbank.com,4510885899,2021-07-05,DEL,iOS,UPI,163.03,REF5837XW,,4.45,1,2,2022-11-29
USR002528,Pratyush Dar,pratyush.dar7@hdfcbank.com,2064339553,2022-04-01,BLR,Android,Credit Card,230.2,REF8181GZ,,4.43,1,10,2025-06-25
USR002529,Hardik Saxena,hardik.saxena45@wipro.com,9324243009,2024-08-25,CHN,Android,UPI,115.15,REF4334KR,,4.1,1,8,2025-01-23
USR002530,Kiaan Memon,kiaan_memon1983@infosys.com,2447839071,2021-01-18,PUNE,iOS,Debit Card,124.92,REF1731YM,,3.73,1,5,2021-12-19
USR002531,Faras Bedi,faras.bedi1985@yahoo.com,8272449520,2021-05-12,CHN,iOS,Debit Card,101.79,REF2125FN,,3.87,1,6,2024-05-21
USR002532,Luke Zachariah,luke.zachariah@icloud.com,7789516650,2026-05-17,MUM,iOS,Cash,219.76,REF7699OE,,4.81,1,12,2026-07-16
USR002533,Ansh Dhawan,ansh_dhawan1993@tcs.com,1231625751,2022-11-20,JAI,Android,Debit Card,20.05,REF1800XR,,4.38,1,9,2023-09-11
USR002534,Urishilla Muni,urishilla_muni@yahoo.com,8471845816,2024-06-21,AMD,iOS,Wallet,151.48,REF0003YA,,3.82,1,10,2025-04-02
USR002535,Nathan Handa,nathan.handa1990@rediffmail.com,5112980310,2021-08-25,LKO,Android,Cash,181.9,REF3021LL,,3.57,1,14,2022-11-04
USR002536,Balhaar Rajagopal,,5229254654,2023-07-19,PUNE,Android,Cash,300.72,REF2623CB,USR001544,4.89,1,5,2024-12-10
USR002537,Chameli Prabhakar,chameli_prabhakar@hotmail.com,6535423724,2022-07-25,JAI,iOS,Debit Card,14.33,REF7631BM,,4.71,1,6,2023-12-03
USR002538,Nimrat Subramaniam,nimrat_subramaniam4@hotmail.com,7904552242,2025-07-04,KOL,Android,Credit Card,92.54,REF6676VI,,4.63,1,2,2025-11-03
USR002539,Bhavya Sengupta,bhavya_sengupta@yahoo.com,7196034897,2023-11-28,DEL,iOS,Credit Card,89.24,REF0596QJ,USR000144,3.87,1,9,2024-04-10
USR002540,Lajita Oza,lajita_oza@gmail.com,2115424015,2026-05-21,BLR,iOS,UPI,402.94,REF3116CH,,4.82,1,11,2026-06-30
USR002541,Ojasvi Bala,ojasvibala@rediffmail.com,5836454875,2021-08-04,BLR,Android,Credit Card,161.23,REF0437NY,,4.96,1,5,2021-09-02
USR002542,Abha Deol,abha_deol1990@outlook.com,0436827568,2022-10-16,CHN,iOS,Cash,42.86,REF9799XW,,3.85,1,8,2024-08-24
USR002543,Raagini Srivastava,raagini.srivastava1996@tcs.com,8158086789,2026-03-20,DEL,Android,Cash,355.86,REF4978UD,,3.68,1,12,2026-04-11
USR002544,Bhanumati Sachar,bhanumati.sachar@hdfcbank.com,9275237100,2024-04-11,DEL,iOS,Cash,128.04,REF4511MO,USR002414,3.65,1,4,2026-04-12
USR002545,Eesha Borah,eesha.borah1997@icloud.com,5320936130,2022-08-10,AMD,Android,Debit Card,56.2,REF2959PY,USR000994,3.51,1,10,2023-01-19
USR002546,Vasatika Dugar,vasatikadugar@icloud.com,6758069328,2025-02-11,BLR,Android,Credit Card,18.47,REF1446RY,,3.59,1,5,2025-09-11
USR002547,Ranveer Bandi,ranveer.bandi1984@icloud.com,7184679087,2025-03-14,AMD,iOS,Credit Card,98.33,REF9401FD,,4.77,1,5,2025-12-16
USR002548,Luke Sem,luke_sem@rediffmail.com,4601006977,2026-07-04,DEL,Android,Credit Card,204.44,REF7373OG,USR001979,4.7,1,7,2026-07-18
USR002549,Dev Varghese,devvarghese91@yahoo.com,6180610853,2024-01-05,HYD,Android,Debit Card,184.35,REF4009SD,,3.93,1,12,2024-12-25
USR002550,Abeer Doctor,abeer.doctor8@yahoo.com,6839051011,2023-05-21,BLR,Android,Credit Card,297.69,REF7007DB,,3.73,1,3,2025-12-03
USR002551,Isaac Ahluwalia,isaac.ahluwalia22@icloud.com,8710149411,2023-01-01,LKO,iOS,Credit Card,370.04,REF8169MY,USR000516,3.51,1,11,2025-08-04
USR002552,Janani Choudhury,janani_choudhury1999@hdfcbank.com,5861672117,2021-02-16,CHN,Android,Debit Card,316.6,REF6328JV,USR000625,4.76,1,6,2022-12-26
USR002553,Diya Narain,diyanarain69@infosys.com,1825480575,2026-07-03,LKO,iOS,Wallet,112.84,REF0254TY,,4.73,0,5,2026-07-12
USR002554,Lakshit Sahota,lakshitsahota2@tcs.com,3175487713,2025-05-26,CHN,iOS,Wallet,67.1,REF9502SJ,USR001602,4.57,1,9,2026-07-02
USR002555,Kalpit Atwal,kalpit.atwal89@tcs.com,7674482287,2026-01-13,CHN,iOS,Wallet,35.57,REF2020ZF,,4.0,1,7,2026-03-07
USR002556,Chandani Sankaran,chandani_sankaran1998@outlook.com,6676296029,2022-12-23,JAI,iOS,Wallet,81.55,REF8073ND,USR001734,4.61,1,7,2023-11-19
USR002557,Aarini Tailor,aarini.tailor@yahoo.com,5458446577,2023-05-14,CHN,Android,Wallet,161.51,REF6499EO,,4.59,1,6,2026-06-23
USR002558,Oliver Shroff,oliver.shroff@hotmail.com,3227665484,2022-05-17,LKO,Android,UPI,229.12,REF1371WM,USR002067,4.49,0,6,2025-03-03
USR002559,Priya Mody,priya.mody@icloud.com,0021436659,2024-07-03,DEL,iOS,Cash,98.29,REF2749XZ,,4.61,0,7,2024-09-18
USR002560,Laban Kothari,laban.kothari66@gmail.com,5668228965,2025-07-14,HYD,iOS,Wallet,466.82,REF4538JL,,4.17,1,5,2025-09-18
USR002561,Timothy Acharya,timothyacharya38@hotmail.com,6191577014,2026-03-12,KOL,iOS,Cash,147.56,REF7549OJ,,5.0,1,7,2026-06-14
USR002562,Lajita Dube,lajitadube1984@hdfcbank.com,9428115876,2024-06-06,LKO,iOS,Debit Card,288.27,REF1115VX,USR001404,4.86,1,8,2025-05-03
USR002563,Janya Bajaj,janyabajaj1985@hotmail.com,1510981009,2023-06-27,MUM,iOS,Cash,70.5,REF5091YM,,4.1,1,9,2025-02-02
USR002564,Vinaya Kar,vinaya.kar51@gmail.com,6942763808,2025-10-14,PUNE,Android,UPI,168.29,REF4430CI,,4.85,1,15,2026-07-12
USR002565,Omisha Kara,omisha_kara@gmail.com,1075398714,2024-06-03,BLR,Android,Debit Card,181.98,REF2632ZZ,,3.99,1,7,2025-06-21
USR002566,Timothy Balasubramanian,,4383816742,2024-09-23,BLR,iOS,Wallet,254.84,REF1426US,,4.14,1,5,2025-06-18
USR002567,Urvi Lad,urvi.lad22@outlook.com,,2024-01-26,BLR,iOS,UPI,54.95,REF8954DW,USR001485,4.41,1,11,2025-12-25
USR002568,Yashoda Sule,yashoda.sule71@hdfcbank.com,7989822455,2024-12-09,BLR,Android,Wallet,94.09,REF3894FV,USR000091,5.0,0,10,2025-08-22
USR002569,Isaiah Mital,,7854539057,2021-12-04,PUNE,iOS,Cash,87.16,REF4042HB,,4.59,0,9,2025-02-09
USR002570,Patrick Kale,patrick.kale@gmail.com,0025539525,2023-09-07,LKO,iOS,UPI,301.53,REF9866IV,USR000970,4.05,1,12,2024-07-18
USR002571,Hitesh Gill,hiteshgill1993@gmail.com,8701311175,2022-09-12,HYD,iOS,Cash,233.21,REF6377QV,,4.25,0,9,2025-05-07
USR002572,Nisha Dhar,nisha.dhar@infosys.com,5156944387,2023-05-26,JAI,iOS,UPI,92.54,REF1733XJ,USR000980,4.56,1,9,2025-01-09
USR002573,Tanveer Pall,tanveerpall1981@tcs.com,8256273964,2024-11-26,HYD,Android,Credit Card,181.96,REF8717EO,USR001188,3.77,1,3,2025-10-04
USR002574,Aadi Dhaliwal,aadidhaliwal2001@infosys.com,4277515367,2024-12-27,MUM,iOS,Wallet,61.32,REF3316FX,,4.53,1,7,2025-12-31
USR002575,Leena Prashad,leena.prashad@rediffmail.com,6859441649,2021-11-12,MUM,Android,Credit Card,384.44,REF2097VW,,3.96,1,4,2025-01-05
USR002576,Eesha Muni,eesha_muni1980@yahoo.com,1806036323,2024-07-06,KOL,iOS,UPI,154.77,REF3311FU,,5.0,1,6,2026-07-04
USR002577,Prisha Pandya,prisha.pandya1987@yahoo.com,7398714845,2026-01-22,LKO,Android,Cash,46.26,REF5185KJ,USR002074,4.77,1,4,2026-05-24
USR002578,Geetika Seshadri,geetika_seshadri67@hotmail.com,4651831633,2021-02-16,HYD,iOS,Debit Card,82.4,REF4430AD,,4.17,0,6,2023-07-16
USR002579,Balveer Natarajan,balveer_natarajan@rediffmail.com,6607025076,2025-01-05,AMD,iOS,Debit Card,349.59,REF2533TB,,4.92,1,10,2025-06-11
USR002580,Anirudh Varma,anirudhvarma1982@wipro.com,0689655326,2022-03-04,MUM,iOS,UPI,363.94,REF6606KP,,3.66,1,9,2025-11-19
USR002581,Devansh Gole,devanshgole@gmail.com,9684835960,2025-04-25,DEL,iOS,Wallet,82.82,REF4741PT,,4.04,1,5,2025-05-10
USR002582,Abhimanyu Varghese,abhimanyu_varghese2001@yahoo.com,8819392719,2025-11-17,AMD,Android,UPI,90.01,REF0018QR,,4.83,1,4,2026-04-21
USR002583,Vanya Dave,vanya.dave4@gmail.com,1817576018,2021-10-08,HYD,Android,Wallet,50.44,REF1899ZO,USR002020,4.79,1,8,2022-05-17
USR002584,Jonathan Sabharwal,jonathan_sabharwal44@outlook.com,5289328166,2021-04-10,JAI,iOS,Credit Card,179.73,REF0867RU,USR000886,4.57,1,1,2022-12-11
USR002585,Fiyaz Sharma,fiyazsharma1@gmail.com,3527625593,2024-11-26,JAI,Android,Cash,130.26,REF5177ME,,3.58,1,10,2025-05-20
USR002586,Ekani Sarkar,ekani.sarkar@infosys.com,3917271548,2025-10-09,PUNE,Android,Debit Card,59.91,REF7651FH,,4.3,1,9,2026-03-30
USR002587,Bhavna Dara,bhavna_dara@tcs.com,3460749687,2025-05-20,DEL,Android,Debit Card,156.16,REF3628FV,,4.21,1,10,2025-08-12
USR002588,Daksha Kulkarni,daksha.kulkarni53@hotmail.com,3982125588,2022-02-05,KOL,Android,Credit Card,90.22,REF5744BS,,3.99,0,7,2025-01-29
USR002589,Tejas Bhattacharyya,tejas_bhattacharyya@gmail.com,6508656996,2023-04-27,KOL,iOS,Cash,113.01,REF7740XW,,3.56,1,5,2026-01-03
USR002590,Farhan Kari,farhan.kari16@tcs.com,3834106572,2022-04-12,MUM,iOS,Debit Card,275.01,REF3874SE,,4.97,1,6,2023-03-23
USR002591,Naksh Basak,nakshbasak@hdfcbank.com,9336777441,2023-11-17,MUM,Android,Debit Card,182.56,REF9976YX,USR000326,3.84,1,8,2024-11-29
USR002592,Isaac Venkatesh,isaac.venkatesh@tcs.com,4093582717,2021-05-21,MUM,iOS,Cash,159.27,REF0843LE,,4.01,1,8,2021-12-15
USR002593,Rajeshri Ranganathan,rajeshri_ranganathan23@tcs.com,1847887978,2023-03-30,DEL,iOS,Debit Card,520.8,REF3203FQ,,4.94,1,9,2024-10-02
USR002594,Ishani Shroff,ishani.shroff2005@outlook.com,9179461906,2023-02-17,JAI,iOS,Credit Card,233.51,REF8845GO,,4.71,1,10,2023-08-19
USR002595,Ansh Yohannan,,6686899842,2022-10-07,CHN,iOS,Cash,35.1,REF9239ZW,,3.65,1,10,2025-01-24
USR002596,Darpan Kari,darpan.kari29@infosys.com,1142076513,2021-01-15,MUM,Android,Cash,63.03,REF0032YZ,,3.86,1,6,2024-08-24
USR002597,Vamakshi Sarkar,vamakshisarkar@infosys.com,1084929704,2022-07-01,BLR,Android,Wallet,153.89,REF3529SM,,4.01,1,4,2023-08-30
USR002598,Ekaraj Dhar,ekaraj_dhar@gmail.com,2135456143,2024-10-22,AMD,Android,Cash,227.23,REF5386IC,USR000121,3.74,1,11,2026-07-03
USR002599,Janani Konda,jananikonda@gmail.com,8590400241,2025-07-04,CHN,Android,Credit Card,50.56,REF1538OM,USR002162,4.7,1,12,2026-05-21
USR002600,Yagnesh Swaminathan,yagneshswaminathan46@infosys.com,4241471897,2021-12-20,AMD,iOS,Cash,67.42,REF7036TQ,,4.41,1,14,2025-12-12
USR002601,Lohit Goel,lohit_goel56@hotmail.com,2748215175,2023-05-27,LKO,iOS,Debit Card,129.4,REF6217YE,USR000347,4.55,1,8,2026-01-25
USR002602,Maanas Mahal,maanasmahal9@yahoo.com,1965196627,2021-01-16,DEL,Android,Wallet,157.89,REF0796PF,,4.59,1,8,2025-03-16
USR002603,Rachita Tripathi,rachita_tripathi1986@yahoo.com,8577171219,2023-08-03,LKO,iOS,Debit Card,81.56,REF1457DB,,3.76,1,7,2024-11-24
USR002604,Ladli Sridhar,ladli_sridhar@wipro.com,2279624452,2023-05-16,CHN,iOS,UPI,134.16,REF9939YF,,4.31,0,8,2023-08-18
USR002605,Theodore Taneja,theodoretaneja39@gmail.com,5949186849,2022-08-05,PUNE,iOS,Wallet,63.71,REF7843AS,,5.0,0,5,2023-12-08
USR002606,Abhimanyu Kadakia,abhimanyukadakia@icloud.com,6870375578,2025-10-14,CHN,Android,Credit Card,73.19,REF8749TM,,4.45,1,8,2026-04-11
USR002607,Ekta Kala,ekta.kala7@hotmail.com,6430813222,2024-01-01,AMD,iOS,Wallet,70.81,REF5457TS,,3.71,1,11,2025-08-10
USR002608,Nihal Sama,nihalsama1982@icloud.com,0945573149,2024-07-29,AMD,iOS,UPI,235.35,REF5750QE,,4.15,1,7,2025-07-13
USR002609,Vyanjana Sarma,vyanjana.sarma@outlook.com,2807100245,2024-10-14,JAI,iOS,UPI,62.88,REF2662JZ,,4.05,1,9,2024-10-16
USR002610,Wriddhish Ramachandran,wriddhishramachandran59@gmail.com,9338338768,2022-06-12,CHN,iOS,UPI,145.6,REF8864HO,,4.4,1,10,2025-09-17
USR002611,Hemani Varghese,hemani.varghese1995@wipro.com,6816522350,2022-09-11,AMD,Android,Cash,44.91,REF8386HL,,5.0,1,7,2026-05-07
USR002612,Viraj Parsa,viraj.parsa@hotmail.com,8068496033,2022-08-22,JAI,iOS,Wallet,61.16,REF7993EI,USR001921,5.0,1,10,2025-10-12
USR002613,Megha Sheth,meghasheth8@wipro.com,2810767778,2021-11-18,MUM,Android,Cash,402.47,REF4299UW,,4.06,1,13,2026-02-11
USR002614,Chakradev Parmer,chakradevparmer83@gmail.com,9933053740,2025-01-30,DEL,Android,Cash,317.47,REF6739EE,,4.18,1,9,2025-08-26
USR002615,Warinder Khurana,warinderkhurana1980@infosys.com,7365188491,2023-04-05,JAI,Android,UPI,144.62,REF6242YH,,4.29,1,13,2023-04-07
USR002616,Charvi Bail,charvibail2002@rediffmail.com,2476398572,2021-02-13,AMD,Android,Credit Card,75.76,REF9866FN,,4.25,0,10,2025-06-22
USR002617,Chandani Karan,chandani.karan35@infosys.com,9998669245,2026-04-08,LKO,Android,Credit Card,161.52,REF6850AD,USR000144,3.98,1,7,2026-06-20
USR002618,Yahvi Sibal,yahvi_sibal45@outlook.com,5434536499,2024-11-24,KOL,iOS,Debit Card,125.15,REF0514NB,,4.4,1,9,2026-01-17
USR002619,Tanmayi Dhar,tanmayi_dhar2004@tcs.com,4615330027,2022-07-05,PUNE,iOS,Debit Card,55.65,REF6107FU,,3.27,1,9,2024-11-25
USR002620,Oni Singhal,oni.singhal25@gmail.com,0514538690,2021-07-30,AMD,iOS,Wallet,259.0,REF0275VD,,4.86,0,7,2023-07-16
USR002621,Widisha Oommen,widishaoommen50@hotmail.com,9915585939,2021-05-05,BLR,iOS,Credit Card,275.95,REF1681JW,,4.76,0,11,2022-08-10
USR002622,Hamsini Goswami,hamsini_goswami1981@rediffmail.com,4894413999,2026-03-13,PUNE,iOS,Credit Card,92.86,REF2244UW,USR002506,3.9,1,10,2026-03-21
USR002623,Sathvik Ben,sathvik_ben16@hdfcbank.com,6959070569,2021-06-27,KOL,iOS,Credit Card,124.28,REF5176KM,,3.65,1,6,2023-01-04
USR002624,Devansh Dey,devansh_dey93@infosys.com,1173069938,2023-09-15,LKO,Android,UPI,530.78,REF5106NA,,4.6,1,6,2025-09-17
USR002625,Zilmil Ranganathan,zilmilranganathan1985@yahoo.com,0284052185,2022-02-02,BLR,iOS,Wallet,114.93,REF2145II,USR001057,4.51,1,8,2022-10-25
USR002626,Gopal Doctor,gopal.doctor1995@hdfcbank.com,5896549818,2026-01-08,HYD,iOS,Credit Card,142.35,REF0560JM,USR002375,4.75,0,6,2026-03-02
USR002627,Ira Morar,iramorar58@yahoo.com,7054874870,2021-04-19,DEL,iOS,Credit Card,148.5,REF4409PI,,4.34,1,8,2022-09-15
USR002628,Kamya Ramanathan,kamya_ramanathan@gmail.com,6150123506,2025-12-22,HYD,Android,Cash,34.41,REF5662OB,,4.02,1,9,2026-05-02
USR002629,Ikshita Bail,ikshitabail83@wipro.com,5789379391,2023-09-25,JAI,Android,Debit Card,154.32,REF6566DX,,4.25,0,7,2026-03-13
USR002630,Benjamin Halder,benjamin_halder1989@hdfcbank.com,6091027647,2023-09-05,KOL,iOS,Cash,246.39,REF9474OD,USR002572,4.47,1,8,2025-11-03
USR002631,Om Buch,om.buch1984@icloud.com,2662377381,2023-01-23,AMD,Android,Wallet,303.65,REF1424RP,,3.91,1,4,2023-12-11
USR002632,Adya Pingle,adya.pingle@wipro.com,0346332874,2026-06-09,LKO,iOS,Cash,60.74,REF3309IP,,3.96,1,9,2026-07-18
USR002633,Odika Wali,odikawali@gmail.com,0058953815,2021-03-19,HYD,iOS,Cash,197.85,REF2565ZJ,,4.36,1,3,2023-11-03
USR002634,Gauri Setty,gauri_setty45@gmail.com,7949148815,2021-02-16,HYD,Android,UPI,179.82,REF7501UR,,4.09,1,9,2023-03-24
USR002635,Zayyan Choudhry,zayyanchoudhry2000@gmail.com,6562666885,2025-01-29,DEL,Android,Debit Card,339.22,REF1446AF,USR001786,3.73,1,5,2026-04-18
USR002636,Thomas Tank,thomastank87@yahoo.com,9959902344,2023-07-27,HYD,iOS,Wallet,96.75,REF4553XO,,5.0,1,7,2024-02-03
USR002637,Lakshmi Sanghvi,lakshmi_sanghvi@hotmail.com,1861462883,2024-04-10,PUNE,Android,UPI,366.66,REF2381BL,USR001372,5.0,1,8,2024-10-16
USR002638,Samuel Iyer,samueliyer33@infosys.com,1356117027,2025-04-05,KOL,Android,Wallet,93.18,REF6358DQ,USR002347,3.98,1,11,2026-03-17
USR002639,Rehaan Sehgal,rehaansehgal@gmail.com,1761968225,2022-02-16,JAI,iOS,Debit Card,72.16,REF8473TT,,3.23,1,3,2023-09-24
USR002640,Jai Kale,jai_kale1992@rediffmail.com,8747407397,2023-11-18,AMD,Android,UPI,278.98,REF8858RQ,USR000373,4.69,1,12,2023-12-04
USR002641,Nikita Om,nikita.om@outlook.com,0618344251,2025-03-02,BLR,iOS,Wallet,160.53,REF2961VF,,4.61,1,7,2025-10-24
USR002642,Dhriti Brahmbhatt,,2863484016,2023-07-15,CHN,Android,Cash,142.47,REF1809UQ,,4.8,1,10,2025-12-03
USR002643,Daksha Mohan,daksha.mohan@hdfcbank.com,5201569146,2021-09-11,DEL,Android,Debit Card,152.52,REF1706QM,,3.88,1,7,2024-02-10
USR002644,Raghav Soman,raghavsoman46@wipro.com,9134178109,2022-09-26,CHN,iOS,Cash,511.16,REF1641WE,,5.0,1,7,2026-04-04
USR002645,Chandani Pai,chandani_pai13@hdfcbank.com,1495583873,2021-07-07,AMD,iOS,UPI,65.14,REF0719XE,,4.38,1,9,2024-12-20
USR002646,Pooja Brahmbhatt,poojabrahmbhatt39@yahoo.com,8816848272,2023-01-20,JAI,Android,UPI,161.48,REF6807LM,USR002011,4.41,1,8,2024-06-08
USR002647,Devika Rajan,devika.rajan85@rediffmail.com,3006045199,2026-06-07,HYD,iOS,Cash,155.23,REF3099CD,,4.11,1,10,2026-06-27
USR002648,Chatresh Balakrishnan,chatreshbalakrishnan2004@tcs.com,2722373695,2026-07-16,MUM,Android,Wallet,86.63,REF0818EO,,4.05,1,11,2026-07-18
USR002649,Garima Bava,garimabava@hdfcbank.com,3522654930,2023-07-01,CHN,Android,Debit Card,101.35,REF0432PY,,4.8,1,10,2025-10-03
USR002650,Kala Char,kala_char2005@wipro.com,6426060098,2021-11-03,HYD,Android,Cash,138.04,REF5397MX,,3.28,1,12,2025-06-15
USR002651,Gaurav Kuruvilla,gaurav.kuruvilla1983@hotmail.com,1199136564,2026-03-21,HYD,iOS,Credit Card,424.71,REF9727QA,,4.64,1,10,2026-05-27
USR002652,Brijesh Sachar,brijesh_sachar80@rediffmail.com,,2025-08-12,HYD,iOS,UPI,157.83,REF0254LB,USR002237,4.1,1,7,2025-09-04
USR002653,Samar Parsa,samarparsa1983@hdfcbank.com,8959458922,2022-09-06,LKO,Android,Credit Card,82.42,REF2892KM,,4.68,1,7,2024-02-19
USR002654,Anika Saxena,anikasaxena1992@hotmail.com,5128895638,2023-05-23,MUM,Android,Credit Card,89.81,REF5174FU,USR001385,3.71,1,3,2023-08-21
USR002655,Dalbir Kade,dalbir.kade1996@yahoo.com,2133875342,2024-02-03,KOL,Android,Cash,25.69,REF3676BW,,4.21,0,3,2024-03-19
USR002656,Bhavya Narula,bhavya.narula22@icloud.com,8396838252,2023-02-03,BLR,iOS,Wallet,15.06,REF1448NY,USR000916,4.09,1,4,2025-12-24
USR002657,Yuvraj Nori,yuvrajnori1991@gmail.com,7346606899,2023-11-29,DEL,Android,UPI,71.56,REF5430NM,USR001206,4.17,1,6,2026-03-08
USR002658,Ojasvi Cheema,ojasvicheema@hotmail.com,0302212395,2026-02-16,MUM,iOS,Cash,438.84,REF2471WE,,3.84,0,7,2026-07-14
USR002659,Laban Halder,labanhalder64@gmail.com,1422632621,2024-03-24,MUM,Android,Cash,162.62,REF5121AM,,3.99,0,10,2025-06-15
USR002660,Balhaar Loke,balhaarloke92@gmail.com,7877880115,2024-08-07,CHN,Android,Cash,270.74,REF4453EG,,3.05,1,7,2025-01-20
USR002661,Quincy Hayre,quincy.hayre36@gmail.com,5469033693,2026-02-11,MUM,iOS,UPI,93.23,REF9132BI,USR002421,4.18,1,7,2026-04-08
USR002662,Yug Goda,yuggoda10@hotmail.com,4552787626,2021-03-28,LKO,iOS,UPI,149.99,REF1057FK,,5.0,1,12,2026-07-12
USR002663,Viraj Atwal,viraj.atwal2005@gmail.com,9507867969,2022-12-16,KOL,Android,Wallet,131.68,REF0235BS,USR000029,4.82,1,7,2025-02-18
USR002664,Jatin Mannan,jatin_mannan@gmail.com,2319002415,2024-08-23,HYD,Android,Wallet,350.35,REF9993QH,,3.2,1,9,2025-09-06
USR002665,Teerth Sethi,teerth.sethi1999@yahoo.com,2702899666,2023-06-03,DEL,Android,Cash,224.12,REF5175HW,USR000498,4.2,1,9,2024-02-27
USR002666,Simon Boase,simon.boase@yahoo.com,0651494739,2022-01-08,PUNE,iOS,Cash,44.37,REF8685IV,,3.46,1,10,2024-11-13
USR002667,Irya Sarna,irya.sarna1998@rediffmail.com,0275960889,2022-08-06,PUNE,iOS,Cash,143.65,REF6543FB,,4.52,1,3,2025-06-05
USR002668,Garima Verma,garima.verma28@gmail.com,3149452125,2024-03-14,KOL,Android,Debit Card,93.91,REF5869CM,,4.6,1,7,2025-03-01
USR002669,Yauvani Chokshi,yauvani_chokshi1997@gmail.com,9915141405,2023-04-10,CHN,Android,Cash,58.97,REF8606IP,,3.71,1,11,2024-09-09
USR002670,Amaira Srinivas,amairasrinivas42@infosys.com,3641226472,2023-10-21,MUM,iOS,UPI,345.11,REF0850QF,,4.76,1,10,2025-05-08
USR002671,Harini Kakar,harinikakar@hdfcbank.com,4081744253,2021-03-03,KOL,Android,Cash,148.46,REF5439VL,,4.67,1,6,2025-12-07
USR002672,Sneha Sankaran,sneha_sankaran@icloud.com,8812246614,2022-06-22,PUNE,iOS,Wallet,235.28,REF9685WO,,4.18,1,11,2023-09-16
USR002673,Neel Anand,neel_anand84@gmail.com,6351591175,2024-05-30,CHN,Android,Debit Card,151.02,REF2809ZF,USR002535,3.91,0,5,2026-04-03
USR002674,Samar Khare,samar_khare@rediffmail.com,8604377587,2022-01-26,JAI,iOS,Wallet,203.48,REF3317DI,,4.26,1,8,2024-04-04
USR002675,Balendra Contractor,balendra_contractor87@tcs.com,0032569647,2026-06-04,CHN,iOS,Credit Card,138.46,REF2537FF,,,1,0,
USR002676,Gavin Sachdeva,gavin_sachdeva2004@tcs.com,4226631543,2026-01-31,DEL,Android,Wallet,298.31,REF4133EG,USR001827,3.72,0,7,2026-05-10
USR002677,Jacob Koshy,jacobkoshy2000@rediffmail.com,3667136463,2021-01-17,HYD,iOS,Cash,190.3,REF0990NP,,3.83,1,9,2022-07-24
USR002678,Simon Dewan,simondewan@gmail.com,5297993496,2021-04-05,MUM,iOS,Debit Card,152.21,REF5145KL,,4.29,1,6,2025-12-18
USR002679,Hiral Goda,hiral.goda44@hdfcbank.com,6406412315,2025-08-11,AMD,Android,Credit Card,31.25,REF5775JP,USR000605,3.69,1,7,2026-01-23
USR002680,Abhiram Sethi,abhiram_sethi24@gmail.com,3270349141,2021-03-11,DEL,iOS,Cash,362.75,REF4024QD,,4.83,1,8,2022-12-03
USR002681,Sai Sachdev,saisachdev35@gmail.com,1264543676,2021-11-04,DEL,iOS,Credit Card,93.62,REF0526MO,,4.87,0,4,2026-02-22
USR002682,Madhavi Srinivas,madhavisrinivas1980@gmail.com,6301333279,2026-05-22,LKO,Android,Debit Card,1.48,REF8796EQ,,3.86,1,8,2026-06-06
USR002683,Omisha Sule,omisha_sule@outlook.com,1494918514,2026-03-02,LKO,iOS,Debit Card,63.03,REF8821CA,,5.0,1,11,2026-04-28
USR002684,Sathvik Mandal,sathvik_mandal2004@gmail.com,6822879561,2025-07-12,JAI,iOS,Cash,72.86,REF7561AV,USR000807,4.46,1,8,2026-06-25
USR002685,Jyoti Gara,jyoti.gara1995@infosys.com,8908850690,2022-09-15,DEL,Android,UPI,150.95,REF4109YY,,3.87,1,5,2025-02-05
USR002686,Ekavir Brar,ekavir.brar40@hotmail.com,3023859512,2026-01-20,JAI,Android,Cash,162.58,REF3034VV,USR000064,4.34,1,9,2026-01-30
USR002687,Chakradev Jayaraman,chakradev_jayaraman45@yahoo.com,3398951113,2023-11-30,LKO,iOS,Credit Card,22.4,REF9207JJ,,4.61,1,6,2024-12-04
USR002688,Nakul Sarna,nakul_sarna@gmail.com,2360842296,2022-09-08,JAI,Android,Credit Card,193.43,REF9977YP,,3.51,1,7,2025-06-15
USR002689,Yashodhara Puri,yashodharapuri@yahoo.com,0620681484,2022-02-19,PUNE,Android,UPI,447.11,REF6514QR,,4.76,1,12,2025-02-01
USR002690,Lohit Bedi,lohit_bedi61@rediffmail.com,1300843391,2023-01-19,HYD,Android,Cash,139.99,REF9919GS,,4.23,0,11,2023-12-10
USR002691,Raksha Roy,raksharoy@wipro.com,0749504432,2023-12-27,BLR,iOS,Debit Card,223.44,REF4198HW,,4.49,1,13,2025-12-09
USR002692,Lucky Venkatesh,luckyvenkatesh@gmail.com,1693624088,2022-03-02,MUM,Android,Wallet,35.67,REF7192KJ,,3.82,1,10,2025-07-21
USR002693,Rohan Suri,rohan.suri50@outlook.com,1037622659,2021-03-12,AMD,iOS,UPI,84.59,REF5163IP,USR001079,3.78,0,9,2022-06-05
USR002694,Inaya Chacko,inaya.chacko1999@icloud.com,8116446684,2024-04-25,LKO,iOS,Debit Card,290.87,REF4152XY,,4.08,1,7,2025-08-10
USR002695,Harish Bhargava,harish.bhargava1993@icloud.com,8511858110,2021-09-08,PUNE,Android,Credit Card,109.66,REF7132RN,,4.14,1,10,2023-03-28
USR002696,Zaid Nazareth,zaidnazareth70@tcs.com,9014081235,2021-02-21,DEL,Android,Debit Card,47.86,REF1460IM,USR001236,3.54,1,16,2024-07-03
USR002697,Chandran Dhar,chandran.dhar1991@infosys.com,9278884787,2024-07-07,MUM,Android,Wallet,150.2,REF6316FY,,3.87,1,9,2024-08-30
USR002698,Damyanti Tara,damyanti_tara@yahoo.com,0473080282,2024-05-28,CHN,Android,Wallet,235.2,REF1819MI,,3.87,1,7,2025-01-07
USR002699,Deepa Chanda,deepa.chanda@wipro.com,4469789425,2021-12-09,BLR,Android,Cash,65.33,REF1311ST,,3.57,0,11,2025-01-22
USR002700,Ansh Chand,ansh_chand33@gmail.com,3345004195,2022-10-02,JAI,Android,Wallet,196.18,REF9634LW,,5.0,1,11,2024-06-27
USR002701,Lopa Ramakrishnan,loparamakrishnan@wipro.com,1668464820,2023-02-28,KOL,iOS,Wallet,229.7,REF1130NB,USR001841,4.3,1,8,2025-04-11
USR002702,Yauvani Cherian,yauvani_cherian@rediffmail.com,2344405572,2021-09-18,MUM,Android,Cash,47.99,REF9872HT,,4.14,1,11,2024-09-22
USR002703,Nimrat Hayre,nimrathayre@wipro.com,1604941723,2025-06-07,HYD,Android,Credit Card,293.18,REF4772FY,,4.3,1,12,2025-11-07
USR002704,Pallavi Vyas,pallavi.vyas1988@outlook.com,1858935840,2026-01-18,KOL,iOS,Wallet,155.08,REF1901CD,USR001119,4.96,1,8,2026-06-06
USR002705,Nathan Saha,nathansaha40@hotmail.com,4165666715,2022-11-28,JAI,iOS,Cash,47.05,REF4705SD,,4.83,0,8,2026-01-22
USR002706,Andrew Cheema,andrew_cheema@outlook.com,3596792625,2026-06-04,CHN,Android,UPI,122.01,REF7111IC,USR001593,4.6,1,4,2026-06-19
USR002707,Ayaan Khanna,ayaan_khanna75@hdfcbank.com,4808618683,2025-01-26,HYD,iOS,Debit Card,100.3,REF5257AF,,3.64,0,1,2025-05-03
USR002708,Kashvi Kalla,kashvi.kalla27@yahoo.com,3398930904,2024-02-06,PUNE,iOS,Credit Card,123.06,REF0434JK,USR001011,4.47,1,7,2025-07-01
USR002709,Amol Cherian,amol_cherian@hotmail.com,5025787090,2023-03-18,PUNE,iOS,Credit Card,228.7,REF0037AW,,4.23,1,7,2025-10-17
USR002710,Abhimanyu Madan,abhimanyumadan1997@tcs.com,1991838648,2023-05-21,MUM,Android,Debit Card,116.66,REF9590JR,USR001053,3.78,1,7,2023-10-17
USR002711,Fariq Sachar,fariq_sachar@gmail.com,1775296942,2022-01-02,KOL,iOS,Credit Card,354.27,REF8362AL,USR002490,4.56,0,10,2025-05-28
USR002712,Gaurang Lanka,gaurang.lanka53@infosys.com,2770508755,2021-06-17,HYD,Android,Debit Card,121.3,REF6915RT,,4.65,1,8,2021-06-17
USR002713,Lekha Sathe,lekha_sathe2002@gmail.com,9193870741,2021-06-02,CHN,Android,UPI,60.1,REF0562QS,USR002149,4.77,0,7,2023-08-17
USR002714,Siddharth Ghosh,siddharth.ghosh1994@infosys.com,6247863572,2024-07-11,LKO,Android,Debit Card,162.93,REF4201PR,,4.98,1,8,2025-11-15
USR002715,Yachana Apte,yachana.apte98@gmail.com,4684321095,2024-09-26,HYD,iOS,Wallet,189.5,REF3627OO,USR000150,5.0,1,7,2026-05-17
USR002716,Triveni Guha,triveni.guha1991@icloud.com,9919984676,2022-04-04,BLR,Android,Debit Card,27.7,REF4968AG,,3.57,1,9,2024-06-04
USR002717,George Baral,george.baral1983@hotmail.com,5762109028,2025-09-26,PUNE,iOS,Wallet,48.51,REF1709KX,,3.66,1,5,2025-12-15
USR002718,Arin Bajwa,arinbajwa55@rediffmail.com,1566305727,2024-06-20,MUM,iOS,Wallet,73.92,REF0579SV,USR000750,4.26,1,5,2026-07-07
USR002719,Shravya Nagar,shravya_nagar65@infosys.com,0537013760,2024-11-09,JAI,iOS,UPI,32.41,REF5622BK,USR002146,4.26,1,8,2025-10-26
USR002720,Zilmil Hans,zilmil_hans1995@rediffmail.com,5677946685,2022-03-12,HYD,iOS,Debit Card,260.8,REF7203JU,USR002033,3.65,1,11,2022-06-24
USR002721,Nachiket Sahota,nachiket_sahota1988@wipro.com,7465857856,2025-04-17,PUNE,iOS,Debit Card,135.46,REF3241WS,,4.31,1,5,2026-01-07
USR002722,Saumya Khurana,saumya_khurana@hdfcbank.com,9851652287,2023-06-26,MUM,iOS,Debit Card,141.17,REF4519LR,,4.16,1,6,2024-10-26
USR002723,Maya Khosla,,8777476397,2022-06-03,DEL,iOS,Credit Card,268.17,REF3511JD,,4.8,1,11,2023-05-16
USR002724,Praneel Tank,,6888674205,2024-10-23,JAI,iOS,Debit Card,149.82,REF1031HI,,4.84,1,4,2025-07-14
USR002725,Maanas Boase,maanas.boase1987@yahoo.com,5186515312,2025-07-27,PUNE,iOS,Cash,74.27,REF0578SZ,,3.98,1,5,2025-08-12
USR002726,Yachana Sule,yachana_sule@hdfcbank.com,6514660170,2023-12-29,PUNE,iOS,Cash,410.26,REF1413TH,USR002487,5.0,1,5,2024-04-30
USR002727,Hredhaan Natt,hredhaan.natt1980@rediffmail.com,4124655295,2025-07-20,DEL,iOS,Credit Card,198.28,REF5939AD,,4.57,1,7,2025-08-17
USR002728,William Dewan,williamdewan2000@rediffmail.com,1131800214,2025-07-19,CHN,Android,Debit Card,139.16,REF7873UH,USR000579,4.13,1,3,2026-02-12
USR002729,Saanvi Murty,saanvi_murty@yahoo.com,3432823913,2025-12-30,CHN,iOS,Wallet,159.89,REF9800UW,USR001750,4.21,1,6,2026-03-08
USR002730,Zansi Kothari,zansi.kothari2002@outlook.com,8469873297,2025-10-22,BLR,iOS,Credit Card,29.56,REF2183AY,,4.17,1,4,2026-06-21
USR002731,Hredhaan Gupta,hredhaan.gupta88@gmail.com,4698459890,2021-05-23,DEL,Android,UPI,57.32,REF5845BJ,USR002004,3.76,0,7,2023-11-02
USR002732,Unni Vohra,unnivohra@rediffmail.com,6465889987,2026-06-24,JAI,iOS,Cash,47.71,REF9066BK,,3.58,1,9,2026-07-09
USR002733,Lucky Wagle,luckywagle76@gmail.com,2749390981,2022-05-31,HYD,iOS,Wallet,238.76,REF2444YP,,4.74,1,9,2024-06-29
USR002734,Harita Char,harita_char43@gmail.com,3684054165,2026-02-10,PUNE,Android,Wallet,141.8,REF1220LW,USR001915,4.1,1,10,2026-02-17
USR002735,Wishi Soni,wishi.soni@gmail.com,0322607347,2024-07-27,JAI,Android,Credit Card,250.73,REF2370AX,,5.0,1,9,2025-03-28
USR002736,Dayita Sami,dayita.sami@yahoo.com,3233854376,2023-08-04,CHN,iOS,Cash,222.04,REF8432BD,,4.09,1,6,2026-07-05
USR002737,Faras Sami,faras_sami@wipro.com,6822431212,2026-03-31,JAI,iOS,UPI,61.14,REF7305JV,,4.52,1,9,2026-06-27
USR002738,Om Jha,om_jha1986@wipro.com,4125706707,2023-04-09,PUNE,Android,UPI,335.1,REF5588NH,,4.12,0,11,2024-10-07
USR002739,Charita Singh,charita_singh60@hotmail.com,1315687310,2023-06-23,JAI,iOS,Cash,414.01,REF7924QT,,4.64,1,9,2023-07-14
USR002740,Pushti Kashyap,pushti.kashyap25@tcs.com,5831090358,2024-11-14,DEL,iOS,Debit Card,104.2,REF2426ZS,,4.7,1,7,2026-03-19
USR002741,Urvashi Palla,urvashipalla80@outlook.com,9264210238,2023-11-03,HYD,iOS,Debit Card,28.55,REF5872YM,USR000339,4.87,1,8,2025-01-14
USR002742,Radhika Sachdeva,radhikasachdeva@hdfcbank.com,6959901964,2025-12-26,DEL,iOS,Cash,41.73,REF7288BF,USR000819,3.81,1,15,2026-02-11
USR002743,Avi Gera,avi.gera1999@wipro.com,7000082220,2021-11-13,KOL,Android,UPI,184.5,REF3356JM,,4.48,1,9,2022-10-04
USR002744,Jagrati Rajagopal,jagrati_rajagopal@yahoo.com,0466171014,2023-02-20,HYD,Android,UPI,104.59,REF5322CI,,3.87,1,10,2024-01-24
USR002745,Harish Dara,harish.dara@wipro.com,6650688857,2024-05-08,LKO,Android,Debit Card,170.26,REF7824ZD,USR000247,4.54,1,9,2024-11-08
USR002746,Anmol Khare,anmol.khare1981@rediffmail.com,5063270524,2022-03-17,MUM,iOS,UPI,79.89,REF6027MH,USR000525,5.0,0,10,2023-05-01
USR002747,Raagini Mistry,raagini.mistry1989@outlook.com,7646914284,2021-09-16,DEL,iOS,Cash,235.17,REF1694XX,,3.25,1,9,2026-02-03
USR002748,Sachi Lall,sachilall@outlook.com,7107382322,2022-03-22,JAI,iOS,Wallet,144.78,REF0000SH,,4.86,1,8,2024-12-10
USR002749,Lohit Kadakia,lohit_kadakia@tcs.com,1541776578,2022-11-06,PUNE,Android,Cash,154.39,REF5833EB,,3.7,1,7,2024-12-12
USR002750,Balendra Bahl,balendra_bahl47@wipro.com,8624793933,2023-06-14,CHN,Android,Cash,101.69,REF6610SP,,3.77,1,6,2024-01-01
USR002751,Megha Ramachandran,megharamachandran16@hdfcbank.com,5800875757,2023-12-18,JAI,Android,Debit Card,136.55,REF4891SD,,5.0,0,4,2025-08-14
USR002752,Laban Hans,laban_hans2@tcs.com,4468501381,2025-08-29,LKO,iOS,Debit Card,44.09,REF5131GW,USR002056,4.31,1,4,2026-04-18
USR002753,Peter Kara,peterkara@hotmail.com,7017733701,2024-04-13,MUM,iOS,UPI,94.61,REF3854GJ,,3.87,1,7,2024-08-30
USR002754,Chaitaly Sur,chaitaly.sur1990@tcs.com,3108262775,2026-03-26,KOL,iOS,Debit Card,369.05,REF0653ZC,,4.01,1,5,2026-06-10
USR002755,Anthony Mital,anthony_mital81@outlook.com,6095661182,2021-05-07,JAI,Android,Credit Card,248.32,REF6999VA,,4.74,1,5,2025-09-12
USR002756,Dhriti Thakkar,dhriti.thakkar2003@yahoo.com,8309753363,2025-11-25,BLR,iOS,Debit Card,407.06,REF8921TB,,5.0,1,9,2025-12-25
USR002757,Girindra Varty,girindravarty37@infosys.com,6863454964,2023-08-21,LKO,Android,UPI,221.13,REF1492GO,,4.3,1,3,2025-03-26
USR002758,Hamsini Oza,hamsini_oza@gmail.com,5808756344,2023-05-03,AMD,iOS,UPI,122.95,REF2206ZX,,4.33,1,9,2024-01-29
USR002759,Bina Khatri,binakhatri@rediffmail.com,2778340793,2024-04-15,HYD,iOS,UPI,358.8,REF9108HW,,4.16,1,7,2026-06-19
USR002760,Gabriel Swaminathan,gabriel_swaminathan1983@wipro.com,3402073617,2025-05-22,BLR,Android,Wallet,77.79,REF2818FY,USR001978,4.8,1,6,2025-12-11
USR002761,Yadavi Magar,yadavi_magar1991@hotmail.com,0133021489,2021-07-31,AMD,Android,UPI,56.17,REF4574GE,,4.14,1,6,2023-08-16
USR002762,Neel Chopra,neel.chopra2005@icloud.com,2772443764,2023-01-15,KOL,Android,UPI,91.88,REF0401FU,,4.3,1,4,2026-03-03
USR002763,Pooja Chaudhary,poojachaudhary@tcs.com,6597470914,2025-10-29,KOL,iOS,Cash,22.31,REF5618UV,USR002510,3.22,1,10,2026-04-29
USR002764,Yasti Kapur,yastikapur@gmail.com,5619789681,2025-01-09,DEL,iOS,Credit Card,64.08,REF8719LS,USR000364,4.43,1,10,2026-01-23
USR002765,Lekha Dugar,lekhadugar@wipro.com,6657486597,2024-03-31,AMD,Android,Credit Card,230.8,REF2666RN,,4.11,1,13,2025-04-27
USR002766,Tanish Tripathi,tanishtripathi@gmail.com,0682337339,2021-03-15,JAI,iOS,UPI,39.69,REF7597FB,,4.64,1,9,2021-05-22
USR002767,Radha Tara,radhatara@hdfcbank.com,7385460521,2025-09-19,HYD,Android,UPI,447.09,REF3474SF,USR001168,4.61,0,8,2025-10-13
USR002768,Gaurangi Varkey,gaurangi.varkey1997@icloud.com,8802295576,2024-03-14,KOL,Android,Wallet,41.93,REF7321PN,,3.85,1,6,2024-09-19
USR002769,Wishi Balay,wishi_balay@hdfcbank.com,9062315434,2026-04-17,MUM,Android,Cash,71.92,REF9308HI,USR001843,4.3,0,13,2026-06-22
USR002770,Aarush Mangal,aarushmangal99@outlook.com,7249859634,2025-12-09,BLR,Android,Cash,112.21,REF4919FT,USR002100,4.01,0,11,2026-06-06
USR002771,Omisha Dhaliwal,omishadhaliwal98@infosys.com,0896287013,2021-11-01,KOL,iOS,Debit Card,531.12,REF3650NQ,,3.99,1,11,2023-04-12
USR002772,Dev Bose,devbose61@outlook.com,0459992071,2023-04-13,HYD,iOS,Cash,220.97,REF2156BC,,4.07,1,16,2025-02-11
USR002773,Xavier Cheema,xavier_cheema1986@infosys.com,3461173417,2021-12-12,CHN,iOS,Cash,35.39,REF8980JL,,3.79,1,8,2022-06-10
USR002774,Falak Chada,falakchada@wipro.com,5916491566,2022-05-26,MUM,iOS,Debit Card,62.85,REF4146WX,,3.93,1,17,2024-08-29
USR002775,Darika Upadhyay,darika_upadhyay1993@tcs.com,7443525019,2025-06-14,LKO,Android,Cash,72.94,REF3036MO,,3.93,1,7,2025-12-23
USR002776,Anmol Ramaswamy,anmolramaswamy83@rediffmail.com,7813414524,2026-01-12,MUM,Android,Credit Card,278.34,REF1653ZQ,,3.9,1,9,2026-02-18
USR002777,Diya Kalita,diya_kalita1992@hdfcbank.com,4351840639,2021-10-09,BLR,Android,Credit Card,362.01,REF4864XL,,4.4,1,9,2023-01-23
USR002778,Maanav Shah,maanav.shah7@hotmail.com,9912643847,2023-11-21,KOL,iOS,Debit Card,47.92,REF2946XG,,3.27,1,7,2025-05-07
USR002779,Anay Patil,anay_patil@gmail.com,3392362593,2024-11-06,PUNE,iOS,Wallet,310.55,REF0981KZ,,4.81,1,6,2025-11-21
USR002780,Indrajit Ganguly,indrajit_ganguly@rediffmail.com,8300623818,2022-11-22,MUM,Android,Wallet,117.39,REF2865FV,,3.73,1,4,2025-07-29
USR002781,Wakeeta Chakraborty,wakeeta_chakraborty@gmail.com,9607911729,2021-12-06,AMD,Android,Debit Card,122.41,REF3924XH,,3.71,1,8,2023-05-12
USR002782,Shaurya Pathak,shaurya_pathak2000@gmail.com,5628724504,2021-06-29,JAI,iOS,Wallet,231.59,REF2335KH,USR000409,3.98,1,7,2026-05-06
USR002783,Watika Chana,watikachana1981@gmail.com,9821824468,2023-12-17,PUNE,Android,Debit Card,21.41,REF0941RY,,4.23,0,11,2025-09-19
USR002784,Aayush Kala,aayush.kala1995@infosys.com,2232242637,2026-07-19,HYD,Android,Credit Card,389.26,REF2163YI,,3.52,1,6,2026-07-20
USR002785,Harini Krishnamurthy,harinikrishnamurthy@hdfcbank.com,8784759044,2021-04-08,CHN,Android,Credit Card,49.59,REF8368VF,USR000393,4.45,1,9,2021-04-11
USR002786,Anjali Luthra,anjaliluthra38@hotmail.com,9406525329,2021-03-30,DEL,iOS,Credit Card,56.38,REF7417BT,USR000334,5.0,1,8,2024-03-16
USR002787,Arunima Prasad,arunima.prasad38@tcs.com,5089775472,2021-02-12,PUNE,Android,Wallet,291.97,REF3244RQ,USR000739,3.69,1,8,2023-02-01
USR002788,Pranav Pal,pranav.pal@gmail.com,2043771494,2021-04-02,CHN,Android,Wallet,357.66,REF8157BB,,4.62,1,14,2026-04-12
USR002789,Pushti Dada,pushti.dada59@icloud.com,0568208082,2021-11-10,BLR,Android,Wallet,183.37,REF8724HQ,,3.93,1,7,2024-05-31
USR002790,Onveer Banik,onveer.banik23@rediffmail.com,0942354791,2025-09-05,BLR,Android,Debit Card,47.37,REF0780MG,USR002497,3.99,1,11,2025-11-08
USR002791,Advay Ganesh,advay.ganesh@outlook.com,2279825799,2025-10-19,DEL,Android,Credit Card,260.89,REF3027XL,USR000355,5.0,1,5,2026-05-18
USR002792,Siddharth Ganguly,siddharth_ganguly1995@gmail.com,2408077003,2022-11-11,PUNE,Android,Wallet,389.29,REF8835YN,,4.08,1,8,2023-08-22
USR002793,Chandran Raghavan,chandranraghavan1@gmail.com,0888959208,2025-01-22,PUNE,Android,UPI,358.82,REF7817GY,USR001460,4.54,1,9,2026-04-14
USR002794,Yashvi Saha,yashvi.saha@infosys.com,9974941171,2026-06-13,BLR,Android,Cash,131.92,REF5151XL,USR001570,5.0,1,10,2026-07-12
USR002795,Yuvraj Sinha,yuvraj.sinha54@gmail.com,1259968483,2025-04-06,HYD,Android,Debit Card,97.73,REF5903ZS,USR001155,4.32,1,8,2026-04-16
USR002796,Pooja Swaminathan,pooja_swaminathan1992@outlook.com,9599571947,2024-04-06,CHN,Android,Credit Card,311.02,REF4329RS,,4.33,1,3,2026-03-30
USR002797,Champak Kata,champakkata1990@outlook.com,3592172340,2023-12-19,PUNE,iOS,UPI,116.27,REF7007FM,,4.62,1,7,2024-05-13
USR002798,Osha Kota,oshakota32@yahoo.com,7061154211,2021-03-09,PUNE,Android,UPI,329.71,REF5155IU,,4.7,1,5,2022-04-02
USR002799,Manbir Raju,manbir.raju74@gmail.com,7336664814,2021-01-14,PUNE,iOS,Debit Card,145.7,REF8895NQ,,4.36,1,6,2022-02-14
USR002800,Girik Bhardwaj,girikbhardwaj@gmail.com,3822443265,2022-06-24,HYD,iOS,Wallet,86.99,REF3137QB,USR002650,4.31,0,9,2023-04-20
USR002801,Vidhi Tella,vidhitella73@gmail.com,9154369803,2022-11-30,LKO,Android,Cash,365.26,REF4951QG,,3.69,1,7,2024-03-02
USR002802,Ayush Mander,ayush.mander@icloud.com,9100695698,2025-09-18,JAI,iOS,Wallet,62.71,REF4594IM,,4.98,1,3,2026-05-08
USR002803,Mitali Singhal,mitalisinghal@rediffmail.com,0307505999,2022-04-30,LKO,Android,UPI,88.7,REF1983MM,,4.22,1,7,2022-09-18
USR002804,Keya Sem,keyasem1980@infosys.com,7965105920,2024-01-28,HYD,Android,UPI,160.9,REF0640HH,,5.0,1,4,2024-08-31
USR002805,Anita Pandya,anita_pandya20@infosys.com,3185665493,2022-06-12,CHN,Android,Wallet,119.79,REF8653UF,,4.13,1,3,2026-06-20
USR002806,Zansi Varkey,,6320197030,2025-09-19,PUNE,iOS,UPI,41.82,REF4781YJ,,4.52,1,11,2026-04-02
USR002807,Zaid Gera,zaidgera@infosys.com,1191277615,2022-01-04,DEL,iOS,Cash,166.19,REF7817VB,,4.69,1,11,2023-10-22
USR002808,Jonathan Lall,jonathan.lall16@tcs.com,0425976571,2021-11-24,KOL,Android,Credit Card,127.23,REF1807GR,,4.49,1,9,2025-06-09
USR002809,Ridhi Pandit,ridhipandit1982@outlook.com,4990140905,2021-02-10,MUM,Android,Cash,99.0,REF2544WI,,4.96,1,5,2025-07-12
USR002810,Maanav Choudhary,maanav.choudhary68@wipro.com,9739076667,2021-01-08,JAI,Android,Wallet,221.39,REF4449BK,USR000805,4.29,1,7,2021-10-13
USR002811,Hemang Nagi,hemangnagi1984@rediffmail.com,0658112450,2023-12-09,AMD,iOS,Wallet,474.71,REF5244LA,,4.8,0,9,2026-02-19
USR002812,Brijesh Sama,brijesh_sama@icloud.com,2716623935,2025-12-10,MUM,Android,Cash,194.53,REF7783BO,,4.26,1,14,2026-05-24
USR002813,Oscar Saha,oscar.saha20@gmail.com,3261354270,2024-07-25,PUNE,iOS,Wallet,412.2,REF2601DO,,4.99,1,10,2026-02-21
USR002814,Dakshesh Behl,daksheshbehl79@gmail.com,4674071853,2023-01-25,KOL,Android,Cash,33.11,REF1823MP,,4.36,1,7,2025-08-23
USR002815,Ekiya Sachdeva,ekiya_sachdeva1983@gmail.com,3184833649,2023-01-01,MUM,iOS,Wallet,155.73,REF3115ZS,,4.58,1,7,2025-12-11
USR002816,Zehaan Patla,zehaan_patla1999@wipro.com,3930322168,2023-10-01,AMD,iOS,Cash,171.28,REF2152TL,,4.62,1,8,2025-04-30
USR002817,Fiyaz Natt,fiyaz_natt@hotmail.com,2512188334,2024-09-02,JAI,iOS,Credit Card,182.99,REF8070GG,,3.91,1,3,2025-09-18
USR002818,Amaira Oommen,amaira.oommen20@gmail.com,9625367117,2021-03-15,MUM,Android,UPI,261.25,REF0179TE,,5.0,1,13,2026-03-15
USR002819,Amrita Das,amrita.das98@tcs.com,9230022422,2024-03-10,KOL,Android,Credit Card,25.15,REF1203TX,,4.12,0,6,2026-02-02
USR002820,Teerth Hans,teerth_hans1993@gmail.com,9721115292,2022-10-20,KOL,Android,Cash,70.41,REF3716YT,,4.02,1,11,2025-06-23
USR002821,Oviya Sinha,oviya_sinha2001@yahoo.com,1173101091,2024-05-10,CHN,iOS,Debit Card,131.56,REF7099NU,,5.0,0,6,2024-09-13
USR002822,Chakradhar Mukhopadhyay,chakradhar.mukhopadhyay1994@icloud.com,6510389537,2023-01-25,MUM,iOS,Credit Card,115.93,REF0460DV,,4.57,1,6,2023-12-29
USR002823,Abhiram Ganesan,abhiramganesan8@icloud.com,4888076965,2022-11-19,DEL,Android,Cash,205.76,REF2278OK,,4.27,1,11,2025-05-06
USR002824,Nitesh Chaudhry,nitesh.chaudhry39@yahoo.com,2453474911,2023-10-11,AMD,Android,Wallet,111.4,REF7765TN,,3.88,1,10,2023-12-25
USR002825,Jai Dugar,jai_dugar1981@outlook.com,4944748485,2023-10-27,MUM,Android,Debit Card,32.33,REF6084RZ,,3.82,1,6,2023-11-28
USR002826,Peter Dalal,peter_dalal24@yahoo.com,9142607133,2025-02-10,HYD,iOS,Cash,50.26,REF6944VF,,3.89,1,4,2026-02-27
USR002827,Neha Manda,neha.manda52@yahoo.com,9554525913,2021-07-25,KOL,iOS,Wallet,128.68,REF9143II,,4.2,1,8,2026-01-31
USR002828,Teerth Bhasin,teerthbhasin76@infosys.com,9934686207,2024-04-01,CHN,iOS,UPI,121.63,REF7206YD,USR000277,3.24,1,8,2024-04-17
USR002829,Nakul Varughese,nakul.varughese1997@infosys.com,0739848550,2022-07-25,LKO,Android,UPI,242.64,REF5391MF,,3.1,0,5,2022-07-27
USR002830,Gabriel Lanka,gabriel.lanka48@yahoo.com,5662176272,2026-01-05,LKO,Android,Credit Card,230.97,REF5068HW,,4.1,1,8,2026-07-19
USR002831,Nimrat Panchal,nimrat_panchal1981@gmail.com,7530144633,2025-06-20,JAI,Android,UPI,350.46,REF4381TR,USR002046,4.51,1,4,2025-07-09
USR002832,Gaurav Dass,gaurav_dass@gmail.com,8848131205,2025-09-11,KOL,iOS,Credit Card,185.7,REF8455SV,,4.06,1,8,2026-02-12
USR002833,Arjun Doshi,arjun.doshi@infosys.com,4176697068,2026-05-24,MUM,Android,Debit Card,436.32,REF9308KH,,3.75,1,7,2026-07-13
USR002834,Saumya Mann,saumya.mann80@icloud.com,7735496259,2023-10-01,MUM,iOS,Credit Card,28.15,REF3828KY,,4.42,1,6,2025-01-12
USR002835,Januja Natarajan,januja.natarajan1994@hotmail.com,5343646693,2025-01-16,DEL,iOS,UPI,207.94,REF5901JF,,4.74,1,9,2025-09-28
USR002836,Chanchal Mannan,chanchal.mannan@icloud.com,8221194572,2022-01-24,PUNE,Android,UPI,78.04,REF7067OV,USR000350,4.56,1,7,2026-03-19
USR002837,Mekhala Nair,mekhalanair@yahoo.com,6945058360,2021-05-18,KOL,Android,Cash,118.21,REF0555OK,,4.98,1,7,2022-10-18
USR002838,Mason Wali,masonwali9@hdfcbank.com,8010652854,2022-02-08,KOL,iOS,Debit Card,32.56,REF7228GS,,4.3,1,12,2022-03-05
USR002839,Pavani Chauhan,pavanichauhan@hdfcbank.com,7072742005,2022-10-17,JAI,Android,Wallet,72.21,REF4305LQ,,4.49,1,7,2023-05-07
USR002840,Saanvi Karan,saanvi_karan1998@infosys.com,1048591590,2025-02-19,CHN,Android,Credit Card,113.53,REF0294ZY,USR002396,4.47,1,6,2025-06-17
USR002841,Barkha Basu,barkhabasu1992@infosys.com,1408877951,2021-08-20,CHN,Android,Debit Card,97.71,REF5424JW,USR000345,4.21,1,7,2022-11-06
USR002842,Ryan Shan,ryanshan4@outlook.com,8404763309,2021-09-05,CHN,Android,Wallet,276.65,REF5699KI,,4.54,1,7,2021-09-16
USR002843,Dipta Grewal,dipta_grewal47@tcs.com,7741653746,2021-11-08,DEL,iOS,Debit Card,150.07,REF9479GT,,3.83,1,10,2024-09-03
USR002844,Harrison Purohit,harrison_purohit1990@gmail.com,1168595241,2024-01-16,BLR,iOS,Credit Card,22.59,REF6785AN,,4.19,1,6,2025-09-21
USR002845,Nihal Murty,,2510110288,2022-10-02,CHN,Android,Debit Card,232.21,REF7168FT,USR000613,5.0,1,7,2023-05-22
USR002846,Anamika Bose,anamika.bose@tcs.com,0174748157,2022-01-26,DEL,iOS,Credit Card,153.05,REF3149QX,USR001472,3.93,1,16,2024-04-29
USR002847,Ranbir Tella,ranbir_tella@gmail.com,,2025-01-04,DEL,Android,Credit Card,204.58,REF9619ZR,,4.93,1,12,2025-09-18
USR002848,Adweta Sridhar,adweta_sridhar@outlook.com,0927857436,2021-10-13,PUNE,Android,Debit Card,120.72,REF0212QU,USR002200,4.41,1,7,2024-02-28
USR002849,Triya Bhat,triyabhat@gmail.com,5466692072,2024-06-21,HYD,iOS,Wallet,227.04,REF4254LR,,4.26,1,7,2025-10-15
USR002850,Jack Virk,jackvirk5@gmail.com,,2024-08-24,PUNE,Android,Debit Card,133.23,REF9722YW,,4.46,0,1,2024-10-16
USR002851,Chasmum Malhotra,chasmum_malhotra38@hdfcbank.com,5082903856,2024-10-10,LKO,iOS,Credit Card,141.33,REF7086SP,USR001893,3.84,1,7,2025-02-27
USR002852,Aarav Dube,aarav.dube1997@gmail.com,2684941479,2026-07-19,JAI,Android,Cash,150.25,REF9802JT,USR001780,4.83,1,5,2026-07-19
USR002853,Wahab Swaminathan,wahab_swaminathan71@tcs.com,,2021-12-13,JAI,Android,Wallet,181.04,REF0447UF,,4.77,1,6,2025-09-16
USR002854,Kai Krish,kaikrish1982@infosys.com,2978067824,2025-12-17,DEL,iOS,Credit Card,64.77,REF9260WB,,4.1,1,7,2026-02-14
USR002855,Manthan Golla,manthan.golla84@yahoo.com,8169035832,2024-03-31,HYD,Android,UPI,94.55,REF6553AN,,3.8,1,6,2026-02-27
USR002856,Aashi Devi,aashidevi72@infosys.com,8388148994,2023-08-16,DEL,iOS,UPI,99.62,REF2327JO,,4.28,1,7,2023-08-22
USR002857,Patrick Thakkar,patrick_thakkar@yahoo.com,9997108186,2024-03-29,LKO,iOS,Credit Card,151.65,REF8223RM,,5.0,1,3,2025-07-09
USR002858,Eesha Gokhale,eesha_gokhale@gmail.com,4472270048,2021-01-24,PUNE,iOS,UPI,573.9,REF3213PO,,3.84,1,13,2025-09-05
USR002859,Parth Oza,parth.oza@infosys.com,7485083743,2024-04-08,PUNE,iOS,UPI,230.34,REF9974XQ,USR000774,3.97,0,8,2026-04-02
USR002860,Aarnav Sha,aarnav.sha55@hotmail.com,7585987715,2024-09-12,PUNE,Android,UPI,12.69,REF2006QA,USR001683,3.86,1,9,2026-02-03
USR002861,Wishi Barad,wishi.barad@rediffmail.com,4056947619,2021-01-21,PUNE,Android,Debit Card,85.57,REF7333VO,USR000973,4.38,1,7,2023-11-04
USR002862,Triya Rattan,triya.rattan2000@gmail.com,9952242756,2023-09-25,JAI,iOS,UPI,456.82,REF2781JV,,4.22,1,7,2024-11-04
USR002863,Vamakshi Bajaj,vamakshi_bajaj40@hdfcbank.com,5567747351,2021-06-14,AMD,Android,Cash,126.86,REF1737JD,,4.59,1,14,2025-02-12
USR002864,Vritti Dash,vritti_dash32@yahoo.com,8030249230,2025-03-15,PUNE,Android,UPI,136.32,REF0674TQ,USR000661,3.91,1,8,2025-10-26
USR002865,Jai Nagarajan,jainagarajan@gmail.com,3038035431,2022-09-19,LKO,Android,Credit Card,45.37,REF0833TH,,3.63,1,5,2023-04-22
USR002866,Ayush Madan,,5997322927,2025-02-08,PUNE,iOS,UPI,185.11,REF3731JT,USR002182,4.27,1,6,2025-05-16
USR002867,Meghana Kade,meghana_kade10@gmail.com,0467863038,2022-09-02,JAI,iOS,UPI,147.06,REF8099JH,,4.05,1,10,2022-12-02
USR002868,Maya Srinivasan,mayasrinivasan2000@yahoo.com,8644491185,2023-07-06,DEL,Android,Cash,356.01,REF1691KW,USR001732,4.64,1,9,2023-11-11
USR002869,Ria Gill,riagill@hdfcbank.com,0180872584,2021-05-12,CHN,iOS,UPI,120.16,REF1015QQ,USR000526,4.66,1,7,2021-06-23
USR002870,Pranit Sundaram,pranit_sundaram@gmail.com,2723114341,2022-09-18,BLR,Android,UPI,141.83,REF2302KP,,4.9,1,5,2023-01-31
USR002871,Reva Pau,reva_pau1981@icloud.com,7198460534,2021-08-15,HYD,Android,Credit Card,103.58,REF6638KA,,2.99,1,9,2023-06-29
USR002872,Lakshmi Yohannan,lakshmi_yohannan@icloud.com,9871646292,2021-10-28,BLR,Android,Cash,535.73,REF6574WW,,4.03,1,9,2024-03-12
USR002873,Anirudh Nanda,anirudhnanda@yahoo.com,1100077831,2025-05-19,MUM,iOS,Cash,57.03,REF9177WM,,4.83,1,15,2026-07-14
USR002874,Ekavir Zacharia,ekavirzacharia2000@gmail.com,2508193392,2023-08-10,MUM,Android,Credit Card,35.13,REF8263EO,,5.0,1,3,2024-01-29
USR002875,Bhanumati Mandal,bhanumatimandal@wipro.com,7924477174,2023-11-04,AMD,Android,UPI,76.16,REF2744XQ,USR000479,3.69,1,7,2025-06-27
USR002876,Jeremiah Ahluwalia,jeremiahahluwalia52@hdfcbank.com,6982376182,2023-07-24,HYD,iOS,UPI,28.54,REF0668YC,,3.68,1,10,2023-09-24
USR002877,Ayush Boase,ayushboase2004@wipro.com,1263581567,2022-05-23,MUM,iOS,Wallet,268.85,REF5930IF,,4.28,1,6,2025-04-01
USR002878,Harsh Iyengar,harsh.iyengar75@gmail.com,8443728284,2024-09-17,KOL,Android,UPI,376.03,REF1026KK,,4.42,1,10,2025-06-29
USR002879,Caleb Lanka,,1828124796,2022-10-10,CHN,Android,Wallet,30.45,REF0125SI,USR001287,3.8,1,14,2025-02-17
USR002880,Gunbir Suri,gunbir_suri2001@hotmail.com,9937513768,2025-02-22,AMD,Android,Debit Card,203.09,REF6678NB,USR002290,3.88,1,9,2025-12-04
USR002881,Lajita Talwar,lajitatalwar76@icloud.com,1920849653,2025-03-28,HYD,iOS,Debit Card,127.62,REF4814VP,USR000148,4.63,1,3,2025-11-13
USR002882,Neha Zacharia,neha.zacharia@wipro.com,4010752879,2026-06-05,JAI,Android,Credit Card,57.71,REF8519QC,,4.39,1,8,2026-06-11
USR002883,Champak Dave,champak_dave1983@icloud.com,1227254495,2026-03-11,CHN,Android,Cash,48.7,REF9722VE,,4.44,1,7,2026-03-28
USR002884,Kevin Narayanan,kevin_narayanan@tcs.com,2396778390,2023-10-05,JAI,Android,Debit Card,170.03,REF5030CK,USR000095,3.88,1,6,2026-06-06
USR002885,Nandini Sandhu,nandini.sandhu1988@tcs.com,4099073722,2026-05-02,CHN,Android,Wallet,311.49,REF7516MI,USR001198,4.27,1,10,2026-06-09
USR002886,Teerth Ratta,teerth.ratta@hdfcbank.com,4029195650,2021-06-18,MUM,Android,UPI,134.53,REF9176RI,,4.08,1,5,2024-01-28
USR002887,Praneel Date,praneeldate1995@outlook.com,2293511748,2022-08-25,HYD,Android,Wallet,106.57,REF5848TE,USR001262,4.12,1,8,2024-10-03
USR002888,Inaya Yohannan,inaya_yohannan1999@tcs.com,0435175931,2025-07-19,DEL,Android,UPI,346.55,REF6369PI,USR000933,4.18,1,9,2026-04-07
USR002889,Eta Ranganathan,,9612650889,2024-03-20,BLR,iOS,Wallet,155.46,REF7261CI,,4.28,1,9,2024-08-31
USR002890,Urvashi Sood,urvashi.sood11@hdfcbank.com,0965119888,2021-09-06,MUM,Android,UPI,101.67,REF9755GU,USR001745,4.07,1,10,2025-12-26
USR002891,Fiyaz Soman,fiyaz.soman3@yahoo.com,5747706085,2023-02-01,MUM,Android,Credit Card,467.52,REF7447MY,,4.36,0,3,2026-06-02
USR002892,Oeshi Mander,oeshi.mander@rediffmail.com,4115652770,2023-08-01,CHN,Android,Credit Card,365.36,REF5883TI,,3.91,1,6,2025-09-19
USR002893,Dakshesh Pillai,daksheshpillai@gmail.com,0085463164,2021-07-07,BLR,Android,UPI,173.74,REF1562YZ,USR001379,4.28,0,6,2022-12-17
USR002894,Naveen Khare,naveen.khare1982@outlook.com,3883331493,2023-09-29,MUM,Android,Wallet,48.83,REF6066OT,,5.0,0,5,2024-11-19
USR002895,Yachana Ghosh,yachanaghosh18@gmail.com,5347971090,2024-08-17,KOL,iOS,Credit Card,41.51,REF2548UK,,4.15,1,10,2025-08-26
USR002896,Samesh Ganesh,sameshganesh11@hotmail.com,7808864499,2023-04-19,MUM,iOS,Cash,155.26,REF0281AC,,3.56,1,5,2025-01-15
USR002897,Hemani Aggarwal,hemaniaggarwal75@gmail.com,5012291535,2023-06-18,PUNE,Android,Wallet,61.32,REF1627SF,,3.89,0,13,2025-07-12
USR002898,Ucchal Rana,ucchal.rana1986@hdfcbank.com,4293380107,2022-01-28,BLR,Android,Debit Card,13.26,REF3759KE,,5.0,1,6,2025-05-26
USR002899,Meghana Bahri,meghanabahri1982@wipro.com,4917507831,2022-11-14,BLR,Android,Debit Card,115.55,REF0177WS,USR002031,4.76,0,8,2024-08-22
USR002900,Anjali Tara,anjalitara61@icloud.com,4103751416,2024-07-15,AMD,Android,Debit Card,74.21,REF2331UR,USR001208,4.03,1,10,2024-11-26
USR002901,Ranveer Setty,ranveer.setty@rediffmail.com,6028496355,2025-05-14,CHN,iOS,Debit Card,104.67,REF4866HR,,4.18,0,5,2025-09-16
USR002902,Adweta Pall,adweta_pall@icloud.com,9530196549,2025-11-25,JAI,Android,Wallet,211.4,REF5012EQ,USR001780,2.97,1,7,2025-12-27
USR002903,Harish Lad,harish.lad@icloud.com,2038870713,2022-04-12,JAI,iOS,Debit Card,186.74,REF7059SQ,,4.01,0,6,2024-05-28
USR002904,Abeer Bandi,abeerbandi@wipro.com,9752100848,2023-01-09,CHN,iOS,Credit Card,66.19,REF6042EJ,,4.72,0,8,2023-04-08
USR002905,Rachita Varughese,rachita.varughese91@yahoo.com,9054417105,2023-08-18,DEL,iOS,Cash,202.66,REF6542WR,USR000558,3.15,1,9,2025-08-25
USR002906,Nisha Bali,nishabali1987@wipro.com,8723583895,2023-03-19,DEL,Android,Credit Card,16.43,REF6739UJ,,4.12,1,9,2024-07-04
USR002907,Vasudha Bajaj,vasudhabajaj@icloud.com,0762732553,2026-03-29,JAI,iOS,Debit Card,19.23,REF1752DT,,4.03,1,9,2026-05-26
USR002908,Nachiket Rana,nachiket_rana92@icloud.com,6348373230,2022-06-26,LKO,iOS,Debit Card,311.62,REF8274NJ,,3.89,1,5,2024-03-14
USR002909,Ayushman Kothari,ayushman_kothari2003@gmail.com,1852039710,2025-11-29,MUM,Android,Wallet,55.91,REF1464BE,,4.87,0,11,2026-06-02
USR002910,Januja Bassi,,4096008768,2021-08-07,JAI,Android,Credit Card,185.97,REF1044NN,,4.03,1,13,2025-06-05
USR002911,Nachiket Gaba,nachiket_gaba1980@outlook.com,6857556442,2026-05-31,HYD,iOS,Credit Card,89.5,REF4865UH,,4.3,1,8,2026-06-06
USR002912,Shivansh Dhingra,shivansh.dhingra@gmail.com,4942221660,2022-07-24,KOL,iOS,Debit Card,229.28,REF9277VB,USR000670,3.8,1,6,2025-08-28
USR002913,Anvi Sengupta,anvisengupta1985@hdfcbank.com,3577793124,2025-07-06,BLR,Android,UPI,165.56,REF9523GY,,3.7,1,6,2026-06-03
USR002914,Keya Din,keyadin@wipro.com,5337347763,2023-06-25,KOL,iOS,Wallet,70.75,REF0493HY,,4.08,1,7,2024-07-02
USR002915,Sudiksha Sankar,sudikshasankar24@gmail.com,9158973037,2023-07-25,HYD,Android,Wallet,302.99,REF0658WG,,3.9,1,4,2024-10-09
USR002916,Jonathan Viswanathan,jonathanviswanathan1988@tcs.com,6190750561,2021-10-10,KOL,Android,Wallet,104.79,REF8581RQ,,4.08,0,6,2022-09-13
USR002917,Wakeeta Mistry,wakeeta.mistry15@gmail.com,,2025-12-02,LKO,iOS,Debit Card,317.96,REF1555ZG,USR002035,3.97,1,9,2025-12-19
USR002918,Hemang Chadha,hemang_chadha1995@yahoo.com,0171872970,2024-03-08,JAI,Android,UPI,37.06,REF9818HZ,,4.63,0,8,2024-10-21
USR002919,Ishani Ravi,ishani_ravi11@tcs.com,6051169769,2023-08-15,AMD,Android,UPI,78.57,REF1268NP,,4.71,1,8,2026-04-16
USR002920,Nidra Dass,nidradass@infosys.com,1902327107,2026-01-05,BLR,iOS,Debit Card,175.97,REF0543VW,,4.14,0,7,2026-07-02
USR002921,Jai Golla,jai.golla67@hotmail.com,8990564317,2021-11-05,BLR,Android,Cash,71.84,REF3257XN,,4.68,0,5,2024-07-10
USR002922,Ekavir Vohra,ekavirvohra67@hotmail.com,9878350544,2024-05-06,PUNE,iOS,UPI,109.73,REF2104ZN,USR000859,4.11,1,11,2024-07-22
USR002923,Girish Dixit,girish_dixit1@gmail.com,9973413505,2023-01-09,AMD,Android,Credit Card,573.4,REF5931JG,USR000057,4.42,1,7,2026-02-10
USR002924,Imaran Rajagopalan,imaranrajagopalan70@wipro.com,6813145394,2021-01-25,BLR,iOS,UPI,68.12,REF4076QW,,3.76,0,4,2026-04-19
USR002925,Zashil Palan,,0222776021,2024-12-05,AMD,iOS,Debit Card,160.23,REF8072XB,,4.04,1,8,2025-11-16
USR002926,Peter Sen,peter.sen1993@outlook.com,5190677421,2025-03-23,MUM,iOS,Debit Card,166.02,REF8066FI,USR002534,4.39,1,3,2026-05-21
USR002927,Chakrika Iyengar,chakrika_iyengar@gmail.com,4257542373,2021-09-20,AMD,Android,Cash,98.82,REF0830AN,,4.36,0,8,2023-08-15
USR002928,Oni Venkatesh,oni_venkatesh19@rediffmail.com,3502277469,2026-06-05,HYD,iOS,Debit Card,81.62,REF5349DI,,4.06,1,10,2026-07-18
USR002929,Theodore Sood,theodoresood97@outlook.com,7522212004,2022-02-01,CHN,Android,Cash,15.13,REF0338QF,,4.4,1,11,2022-09-07
USR002930,Upkaar Srinivas,upkaarsrinivas@gmail.com,3500215638,2023-06-24,JAI,iOS,Cash,64.43,REF0234ID,,4.24,1,5,2025-06-30
USR002931,Niharika Nigam,niharikanigam2000@icloud.com,1997851344,2025-07-20,KOL,iOS,Credit Card,241.35,REF3666KR,,4.33,1,5,2025-12-15
USR002932,Widisha Gupta,widisha.gupta1993@outlook.com,2831888616,2026-01-03,PUNE,Android,Wallet,443.24,REF5532MY,,3.39,1,6,2026-01-21
USR002933,Finn Chatterjee,finn.chatterjee38@wipro.com,8249770549,2024-10-04,LKO,Android,Debit Card,64.19,REF6633TL,,4.37,1,13,2025-12-27
USR002934,Wakeeta Ranganathan,wakeeta_ranganathan@gmail.com,7490753513,2023-03-08,PUNE,Android,Cash,191.49,REF1140BX,,5.0,1,6,2025-04-10
USR002935,Timothy Mittal,timothy_mittal@gmail.com,5822309476,2025-05-04,HYD,Android,Wallet,136.88,REF8345AK,,4.55,1,7,2025-10-26
USR002936,Rachita Chacko,rachita_chacko76@yahoo.com,3344146796,2022-05-26,DEL,Android,Cash,213.29,REF0596CA,,4.13,1,10,2024-12-18
USR002937,Harrison Mangat,harrison.mangat1995@yahoo.com,2908311686,2022-09-17,BLR,iOS,Wallet,123.31,REF9389JX,,4.17,1,7,2022-10-01
USR002938,Ryan Deep,ryandeep1990@yahoo.com,1169441826,2024-05-25,DEL,Android,UPI,211.8,REF7447HB,USR001101,4.9,1,12,2024-08-07
USR002939,Dakshesh Comar,daksheshcomar1980@icloud.com,7405419199,2023-11-22,PUNE,iOS,Cash,142.58,REF9718TW,USR002784,4.81,1,8,2025-07-30
USR002940,Jason Srivastava,jason.srivastava@outlook.com,4227404512,2023-05-23,DEL,Android,Wallet,208.26,REF9498OU,USR001546,5.0,1,9,2023-12-12
USR002941,Triveni Balan,triveni_balan1996@icloud.com,7431891004,2021-06-12,AMD,iOS,Debit Card,103.6,REF2858KP,USR002294,3.99,0,6,2023-11-25
USR002942,Matthew Parmer,,2631508108,2025-11-27,MUM,iOS,Wallet,308.19,REF9246CW,,5.0,1,9,2026-06-19
USR002943,Jagrati Sen,jagrati_sen@icloud.com,0642823598,2026-06-15,PUNE,iOS,Wallet,336.39,REF6670RR,USR000612,4.17,1,7,2026-07-03
USR002944,Omya Mandal,omya.mandal1988@infosys.com,2349605937,2025-12-13,HYD,Android,Debit Card,125.46,REF4887ZN,USR002476,3.66,1,11,2026-04-20
USR002945,Liam Raman,liamraman21@infosys.com,1388705716,2024-07-20,BLR,Android,Credit Card,45.77,REF0627JO,,3.73,1,11,2026-03-02
USR002946,Chasmum Thakur,,6461469948,2021-01-30,AMD,Android,Credit Card,194.12,REF2984FU,,4.86,1,5,2021-11-09
USR002947,Radhika Sami,radhikasami1983@icloud.com,7895324975,2026-04-26,JAI,iOS,Debit Card,96.56,REF3856UC,,3.99,0,9,2026-06-26
USR002948,Faqid Joshi,faqid.joshi1992@hdfcbank.com,8615742368,2023-02-17,KOL,Android,Debit Card,203.52,REF3930OP,,4.67,1,3,2026-03-15
USR002949,Fariq Sibal,fariqsibal56@outlook.com,8807461204,2023-06-21,KOL,iOS,Wallet,14.46,REF3780RN,,4.7,1,7,2025-09-16
USR002950,Madhavi Kant,madhavi_kant40@gmail.com,8139222304,2023-03-19,DEL,iOS,Credit Card,82.4,REF6545YU,USR002750,4.76,1,6,2025-02-16
USR002951,Azaan Mittal,azaanmittal@icloud.com,0123357937,2023-01-15,DEL,iOS,Cash,105.72,REF2103FM,,3.97,1,13,2025-12-13
USR002952,Kai Dubey,kai.dubey@infosys.com,7045740850,2025-02-25,CHN,Android,Credit Card,144.56,REF7590FL,USR000316,4.85,1,13,2026-02-11
USR002953,Krish Hegde,krish_hegde@yahoo.com,9382683138,2023-08-16,HYD,iOS,Debit Card,182.33,REF7491FO,USR001557,5.0,1,4,2026-04-22
USR002954,Radha Shah,radha.shah@gmail.com,0476194561,2025-11-11,MUM,iOS,Credit Card,95.9,REF0033JM,USR000365,3.56,1,6,2026-03-30
USR002955,Advay Rao,advayrao64@gmail.com,2319789589,2025-06-29,JAI,iOS,UPI,197.92,REF5818HP,,3.9,1,10,2025-11-04
USR002956,Abhimanyu Srivastava,abhimanyu_srivastava1994@tcs.com,7478301944,2022-12-30,BLR,iOS,UPI,68.12,REF3201YC,,3.75,1,5,2024-07-18
USR002957,Zashil Doshi,zashil_doshi55@yahoo.com,2494178584,2021-05-30,AMD,Android,Cash,36.73,REF1088NT,,3.66,1,7,2021-11-28
USR002958,Yashica Gupta,yashica.gupta42@gmail.com,5719104397,2022-02-21,JAI,iOS,Cash,241.37,REF7702NL,,4.13,0,10,2023-07-18
USR002959,Charvi Dhawan,charvidhawan@rediffmail.com,6310626844,2024-05-13,LKO,Android,Wallet,144.3,REF9234FB,USR001740,3.77,1,14,2026-01-20
USR002960,Gagan Singh,gagansingh59@icloud.com,9620429758,2024-11-01,JAI,iOS,Credit Card,189.26,REF1877YB,,4.01,1,12,2025-11-06
USR002961,Mason Padmanabhan,mason_padmanabhan@wipro.com,5117682515,2025-09-14,LKO,Android,UPI,282.21,REF1014ED,,4.45,1,9,2025-09-16
USR002962,Aryan Patla,aryan.patla@infosys.com,5084951704,2024-06-24,PUNE,Android,UPI,232.23,REF2880CT,USR002706,3.69,1,6,2025-10-02
USR002963,Ridhi Narula,ridhi.narula13@rediffmail.com,2844133358,2022-07-16,PUNE,iOS,Credit Card,195.82,REF2047NB,,4.21,1,13,2024-01-21
USR002964,Alexander Bala,alexander.bala1987@tcs.com,8235062741,2024-07-18,HYD,Android,Debit Card,185.64,REF0210NE,USR000638,3.74,1,10,2025-05-08
USR002965,Yashica Ramaswamy,yashicaramaswamy1982@outlook.com,1435434918,2022-07-21,DEL,Android,UPI,25.93,REF5708HM,,3.63,1,9,2024-04-23
USR002966,Bhavini Salvi,bhavinisalvi1986@yahoo.com,0403058181,2021-05-06,BLR,iOS,Cash,230.91,REF9245QU,USR001420,4.67,1,12,2021-08-14
USR002967,Jeremiah Doshi,jeremiah.doshi@icloud.com,9491943733,2023-11-22,DEL,iOS,UPI,62.43,REF5853VA,USR001106,4.15,1,4,2023-11-26
USR002968,Ira Nayar,ira_nayar2000@yahoo.com,2208053847,2024-10-02,JAI,Android,Credit Card,202.89,REF3129NS,,4.41,1,12,2025-06-06
USR002969,Qarin Mammen,qarin.mammen44@tcs.com,3591461201,2022-12-28,PUNE,iOS,Wallet,67.75,REF9279XE,,4.76,1,3,2025-06-11
USR002970,Andrew Ahluwalia,andrewahluwalia@infosys.com,0108317349,2022-08-14,AMD,Android,Credit Card,126.0,REF4079GO,,4.65,1,11,2024-11-23
USR002971,Timothy Khosla,timothy_khosla@yahoo.com,7528612240,2021-09-19,LKO,iOS,Credit Card,87.47,REF9632GX,,3.39,1,8,2022-01-01
USR002972,Gaurika Zacharia,gaurikazacharia1990@gmail.com,0022874089,2025-08-28,HYD,Android,Cash,234.5,REF0025KM,USR000646,4.02,1,6,2026-04-26
USR002973,Veer Pal,veerpal6@gmail.com,6421492884,2025-07-22,AMD,iOS,Credit Card,105.48,REF7578UQ,USR002315,4.34,1,11,2025-08-26
USR002974,Rachit Sundaram,rachit_sundaram86@gmail.com,2055157045,2021-08-13,BLR,iOS,Debit Card,9.28,REF1634SF,,4.4,1,6,2024-10-17
USR002975,Isaac Pathak,isaacpathak93@infosys.com,4433731402,2025-02-23,MUM,iOS,Credit Card,216.67,REF3304OQ,,3.64,1,7,2025-03-29
USR002976,Abhimanyu Kapadia,abhimanyu_kapadia1985@infosys.com,0755978621,2021-01-08,CHN,iOS,Credit Card,97.34,REF9030DI,,4.14,1,12,2025-12-08
USR002977,Vivaan Bhargava,vivaan.bhargava22@hdfcbank.com,7550823828,2023-05-07,LKO,Android,Debit Card,186.73,REF6348TV,USR002827,4.22,1,6,2023-05-22
USR002978,Frederick Narain,fredericknarain41@gmail.com,7146355428,2022-10-16,BLR,iOS,Cash,299.18,REF8816FO,USR002570,4.06,1,16,2025-08-19
USR002979,Peter Ben,peter.ben8@yahoo.com,3227049432,2026-02-19,HYD,Android,Cash,149.16,REF4686NW,,4.33,0,7,2026-04-15
USR002980,Ekiya Gole,ekiya_gole@tcs.com,2331081854,2021-10-15,PUNE,iOS,Wallet,176.04,REF7402YW,,3.37,1,9,2023-08-23
USR002981,Urvi Kar,urvi_kar1991@wipro.com,9944718132,2026-05-29,AMD,Android,Credit Card,71.44,REF8051QP,USR001726,4.1,1,8,2026-07-08
USR002982,Nilima Chandran,nilima_chandran@hotmail.com,7337025556,2025-11-05,JAI,iOS,UPI,72.11,REF4062EU,,4.34,1,5,2026-06-03
USR002983,Ubika Sha,ubikasha1991@infosys.com,4922396652,2025-03-29,MUM,iOS,UPI,378.78,REF3481QH,,4.75,1,5,2026-06-03
USR002984,Yauvani Gole,yauvani.gole58@gmail.com,4565992507,2024-04-02,KOL,iOS,Wallet,204.52,REF8514GL,USR002624,5.0,1,5,2026-05-29
USR002985,Ojasvi Mani,ojasvi.mani1982@outlook.com,1214630700,2025-09-23,KOL,iOS,Cash,413.79,REF6337SZ,USR000573,3.63,0,16,2025-11-07
USR002986,Onveer Zacharia,onveer.zacharia35@gmail.com,1026557474,2023-09-10,LKO,iOS,Credit Card,71.95,REF9583ZB,,3.41,1,9,2024-06-03
USR002987,Eshana Dhawan,eshana_dhawan1985@tcs.com,3402897409,2022-09-21,HYD,Android,Credit Card,293.04,REF4936ZF,,4.53,0,9,2025-05-14
USR002988,Ati Soman,ati.soman@infosys.com,5621542626,2021-02-03,LKO,Android,Debit Card,195.67,REF3934NS,,5.0,1,9,2021-12-04
USR002989,Nimrat Sridhar,,1916673221,2021-03-09,MUM,iOS,Cash,195.82,REF7188MP,,3.52,1,7,2021-12-06
USR002990,Chanchal Lanka,chanchallanka85@rediffmail.com,4533769791,2024-10-18,LKO,iOS,Credit Card,171.56,REF7759RZ,,4.29,1,8,2026-04-29
USR002991,Yash Rout,yash_rout49@hdfcbank.com,0798233891,2024-07-01,DEL,Android,Wallet,489.19,REF6276JY,,4.31,1,7,2025-05-15
USR002992,Omya Kant,omya_kant1980@hotmail.com,7816269877,2023-06-03,DEL,iOS,Credit Card,90.33,REF7873QO,,4.39,1,11,2026-04-03
USR002993,Simon Mistry,simon.mistry@hotmail.com,0094794792,2022-01-06,PUNE,iOS,Credit Card,88.38,REF3510WR,,4.05,1,8,2026-06-17
USR002994,Banjeet Saxena,banjeetsaxena1999@gmail.com,6367763966,2025-07-27,BLR,iOS,Credit Card,31.86,REF9361YA,,5.0,1,12,2025-12-29
USR002995,Andrew Sethi,andrew_sethi@gmail.com,0841383890,2021-04-23,CHN,iOS,Credit Card,146.65,REF3527PZ,USR002753,3.81,1,9,2025-02-13
USR002996,Aayush Singh,aayushsingh1992@hdfcbank.com,8861825616,2026-04-04,CHN,iOS,UPI,206.32,REF1175JY,,4.45,1,5,2026-05-22
USR002997,Karan Bal,karan.bal1987@wipro.com,4661651758,2023-12-05,AMD,Android,Debit Card,193.13,REF6402JP,,4.81,1,9,2025-08-14
USR002998,Charles Misra,charles.misra30@outlook.com,3923840991,2024-06-29,PUNE,Android,Cash,150.32,REF6662ZW,,4.93,1,8,2026-03-27
USR002999,Jasmit Sem,,3598407054,2024-02-24,JAI,Android,Credit Card,10.8,REF2691DZ,,4.18,1,6,2025-09-03
USR003000,Lipika Narang,lipika.narang1995@yahoo.com,9471891668,2025-02-26,HYD,iOS,Wallet,161.19,REF7209IB,,4.0,1,5,2025-04-01
